CustomerID,CustomerName,Age,Gender,AnnualIncome_INR,IncomeCurrency,SpendingScore_1_100,MembershipTier,JoinDate,LastPurchaseDate,VisitFrequency,AvgBasketValue_INR,TotalPurchases,OnlinePurchases,StorePurchases,PreferredCategory,City,Country,EmailProvider,DeviceType,PaymentMethod,LoyaltyPoints,SatisfactionRating_1_5,CouponUsed,ChurnNextMonth
CUST100001,Diya Verma,42,Female,241279,INR,57,Silver,24-02-2024,14-09-2024,RARELY,758.43,40,3,29.5,Beauty,bengaluru,India,gmail.com,android,Credit Card,1438,2,Yes,0
CUST100002,Aditya Nair,52,male,1135484,INR,61,GOLD,,,Weekly,2132.28,7,4,2,SPORTS,PUNE,INDIA,hotmail.com,IOS,upi,865,1,Yes,0
CUST100003,Saanvi Kumar,27,Male,241860,INR,64,Silver,,,RARELY,2269.85,9,0,10,Electronics,lucknow,India,gmail.com,Mobile,UPI,2472,1,yes,0
CUST100004,Vihaan Iyer,27,FEMALE,470187,INR,86,Silver,,,RARELY,723.67,30,26,1,Food Court,Pune,India,gmail.com,android,Credit Card,1700,3,yes,0
CUST100005,Krishna Rao,25,Male,630873,INR,53,basic,,,Monthly,5899.62625,38,21,17,Fashion,Bengaluru,India,hotmail.com,Web,CREDIT CARD,1203,2,Yes,0
CUST100006,Vihaan Iyer,41,MALE,1624964.875,INR,51,Gold,,,Monthly,957.19,10,4,7,gaming,KOLKATA,INDIA,gmail.com,android,Wallet,2332,1,No,0
CUST100007,Reyansh Mehta,9,female,844350,INR,68,Silver,,,weekly,3903.16,13,6,7,Home Decor,Pune,india,outlook.com,IOS,Debit Card,1182,1,No,0
CUST100008,Sai Mishra,27,Male,693450,INR,50,GOLD,,,RARELY,1638.04,0,0,0,food court,Kolkata,India,yahoo.com,Desktop,UPI,855,2,No,0
CUST100009,Myra Nair,22,Female,1020287,INR,88,PLATINUM,06-08-2024,,weekly,5899.62625,9,2,6,food court,AHMEDABAD,India,gmail.com,web,Credit Card,553,3,yes,0
CUST100010,Ishaan Chopra,49,Female,821121,INR,41,GOLD,,,Monthly,2226.43,19,7,12,food court,Pune,INDIA,outlook.com,Android,UPI,1057,5,Yes,0
CUST100011,Sai Sinha,11,FEMALE,837540,INR,67,Basic,26-11-2024,,monthly,283.96,9,1,7,Kids,Bengaluru,india,company.com,iOS,Wallet,412,4,yes,0
CUST100012,Ananya Joshi,63.5,MALE,570610,INR,38,basic,25-11-2024,,Daily,970.5,11,0,12,Kids,JAIPUR,India,gmail.com,iOS,CREDIT CARD,1497,3,Yes,0
CUST100013,Reyansh Rao,33,MALE,609387,INR,74,GOLD,,,Daily,1272.03,5,4,2,FASHION,hyderabad,India,gmail.com,IOS,CREDIT CARD,852,1,No,0
CUST100014,Kiara Kapoor,28,male,1085571,USD,48,PLATINUM,,,Monthly,1276.17,20,16,3,BOOKS,Bengaluru,india,company.com,android,Credit Card,679,4,yes,0
CUST100015,Saanvi Verma,55,Other,444057,INR,62,Silver,,,Weekly,2088.18,7,6,1,home decor,CHENNAI,INDIA,yahoo.com,android,upi,1001,3,No,0
CUST100016,Aadhya Khan,25,FEMALE,213481,INR,23,silver,,,Monthly,1194.35,16,15,1,Fashion,Mumbai,India,gmail.com,Web,Debit Card,613,1,No,0
CUST100017,Vivaan Iyer,39,male,1225084,INR,54,basic,,,Monthly,3803.1,4,2,3,HOME DECOR,BENGALURU,India,gmail.com,android,Debit Card,840,2,No,0
CUST100018,Saanvi Rao,31,FEMALE,651168,INR,32,Gold,,,Weekly,1802.16,6,2,4,Fashion,bengaluru,IN,gmail.com,web,Credit Card,1472,3,Yes,0
CUST100019,Sara Patel,27,Other,1254616,INR,100,Gold,28-11-2023,,Monthly,1709.26,6,1,6,Electronics,ahmedabad,india,gmail.com,IOS,CREDIT CARD,1511,5,Yes,0
CUST100020,Aadhya Khan,17,MALE,619742,INR,25,Basic,,,Monthly,682,2,0,3,Beauty,delhi,India,company.com,Desktop,CREDIT CARD,570,3,yes,1
CUST100021,Amit Patel,30,Female,653437,INR,55,Gold,,,Monthly,806.78,37,16,22,Grocery,mumbai,India,GMAIL.COM,web,upi,848,1,yes,0
CUST100022,Reyansh Joshi,28,male,877245,INR,94,Basic,,,weekly,695,17,4,13,home decor,Kolkata,India,rediffmail.com,IOS,UPI,1826,4,No,0
CUST100023,Saanvi Mehta,49,Other,911335,INR,35,basic,,,weekly,4085.16,4,0,4,Books,Hyderabad,India,outlook.com,android,CREDIT CARD,1355,4,no,0
CUST100024,Vihaan Iyer,39,Female,343253,INR,70,PLATINUM,,17-11-2022,Monthly,932.47,24,6,19,Kids,chenai,India,outlook.com,Desktop,Credit Card,1636,1,No,0
CUST100025,Ananya Singh,44,Female,220648,INR,59,Silver,08-09-2021,,Daily,824.44,1,0,1,Electronics,PUNE,INDIA,yahoo.com,Android,Debit Card,1539,5,No,0
CUST100026,Kiara Singh,53,female,531448,INR,53,Gold,,,Monthly,1834.74,24,11,13,Books,lucknow,India,GMAIL.COM,Mobile,upi,406,4,No,1
CUST100027,Vivaan Kapoor,43,Other,1613314,INR,29,Gold,,,Monthly,3627.07,10,2,8,Beauty,bengaluru,India,GMAIL.COM,web,Credit Card,222,1,Yes,0
CUST100028,Amit Chopra,41,Female,485516,USD,29,basic,,21-08-2025,Rarely,2711.87,15,12,2,Books,Ahmedabad,INDIA,outlook.com,Android,Credit Card,2015,4,Yes,0
CUST100029,Aditya Joshi,25,female,374892,INR,40,PLATINUM,,,Monthly,1814.65,2,1,2,Gaming,ahmedabad,IN,rediffmail.com,IOS,Credit Card,1751,3,yes,0
CUST100030,Reyansh Gupta,43,male,1368516,INR,63,Gold,,30-10-2024,monthly,1894.23,33,8,26,Sports,Mumbai,India,gmail.com,web,Debit Card,1065,2,Yes,0
CUST100031,Rahul Gupta,38,Other,558960,INR,26,basic,05-11-2023,,Rarely,5899.62625,0,0,0,GAMING,PUNE,india,GMAIL.COM,Desktop,CREDIT CARD,2308,4,No,1
CUST100032,Diya Sharma,48,Other,515028,INR,42,Basic,,,monthly,1076.75,34,26,2,FOOD COURT,Lucknow,INDIA,yahoo.com,IOS,Credit Card,1523,5,Yes,0
CUST100033,Pooja Joshi,43,male,867954,USD,59,Platinum,,,Monthly,2423.89,3,2,1,electronics,Jaipur,India,company.com,web,upi,136,2,No,0
CUST100034,Pooja Sinha,53,Male,1033209,INR,48,Gold,,18-08-2024,monthly,1814.65,2,0,2,Kids,Jaipur,india,hotmail.com,IOS,Credit Card,2596,2,No,1
CUST100035,Aditya Verma,28,female,1624964.875,INR,57,Gold,,,RARELY,1158.01,13,3,10,BOOKS,Lucknow,india,gmail.com,web,Debit Card,0,1,Yes,0
CUST100036,Myra Khan,10,FEMALE,1256858,USD,58,basic,28-09-2022,,monthly,3717.51,6,0,6,Home Decor,ahmedabad,IN,yahoo.com,Desktop,Debit Card,490,3,Yes,0
CUST100037,Arjun Rao,29,MALE,542522,INR,71,basic,,,Monthly,2338.02,10,4,6,kids,BENGALURU,india,GMAIL.COM,android,Credit Card,1310,4,Yes,0
CUST100038,Diya Chopra,23,Male,788894,INR,60,Platinum,,,Monthly,1151.93,4,2,3,books,AHMEDABAD,India,outlook.com,iOS,Credit Card,198,3,Yes,0
CUST100039,Ira Patel,15,MALE,560830,INR,48,Gold,,,weekly,2673.45,37,26,9,gaming,ahmedabad,India,gmail.com,iOS,UPI,1738,3,yes,0
CUST100040,Arjun Verma,59,MALE,1198552,INR,38,GOLD,,,Rarely,1608.71,17,4,13,SPORTS,Pune,India,gmail.com,IOS,CREDIT CARD,615,3,no,0
CUST100041,Diya Reddy,43,MALE,651168,INR,7,Silver,17-03-2023,15-08-2024,Monthly,1793.32,55,26,29.5,Fashion,Mumbai,India,GMAIL.COM,iOS,Debit Card,1595,1,no,0
CUST100042,Aarav Verma,24,FEMALE,708383,INR,37,PLATINUM,,,monthly,4061.04,0,0,0,Grocery,CHENNAI,india,hotmail.com,Android,Credit Card,804,5,yes,0
CUST100043,Ira Verma,35,female,970171,INR,33,silver,15-11-2024,,monthly,1357.03,21,4,18,food court,lucknow,india,hotmail.com,IOS,Wallet,643,4,yes,0
CUST100044,Arjun Kumar,32,male,498636,INR,59,Basic,,,Monthly,4173.67,2,1,2,KIDS,ahmedabad,INDIA,gmail.com,iOS,CREDIT CARD,701,5,yes,0
CUST100045,Amit Das,47,Male,1286421,INR,55,silver,,,Rarely,2856.94,37,17,20,books,Mumbai,India,gmail.com,IOS,Credit Card,1361,2,No,1
CUST100046,Pooja Mehta,32,FEMALE,626150,INR,67,Gold,,,Rarely,4277.44,55,0,5,BOOKS,Jaipur,India,yahoo.com,Mobile,Wallet,2922.125,2,No,0
CUST100047,Sai Khan,28,Male,1254311,USD,25,Gold,02-05-2023,19-04-2025,monthly,4040.04,55,26,29.5,Sports,pune,IN,gmail.com,Mobile,Debit Card,1957,2,yes,0
CUST100048,Aditya Kapoor,39,MALE,770090,INR,71,GOLD,,,RARELY,737.29,0,0,0,BEAUTY,HYDERABAD,India,gmail.com,IOS,Credit Card,1267,4,Yes,0
CUST100049,Saanvi Das,28,Male,622037,INR,65,Gold,,26-04-2025,Daily,3573.06,37,26,8,BOOKS,JAIPUR,INDIA,gmail.com,android,CREDIT CARD,449,4,Yes,1
CUST100050,Ayaan Mehta,39,MALE,799921,INR,100,Gold,,,Weekly,2758.34,20,15,5,FASHION,Lucknow,india,rediffmail.com,Android,Credit Card,931,4,Yes,0
CUST100051,Reyansh Verma,35,female,1127917,INR,69,Gold,,,monthly,5899.62625,4,0,3,grocery,jaipur,India,rediffmail.com,IOS,Debit Card,440,3,No,0
CUST100052,Rahul Iyer,32,Male,1218257,INR,48,Silver,,,Monthly,1490.61,31,26,3,Grocery,lucknow,India,company.com,Mobile,UPI,740,1,Yes,1
CUST100053,Myra Joshi,47,MALE,1516458,INR,57,Silver,,,Daily,749.19,2,0,2,beauty,Kolkata,India,gmail.com,Android,Cash,469,1,No,0
CUST100054,Pooja Joshi,16,MALE,634430,INR,97,Silver,,,monthly,995.52,14,0,14,Sports,Lucknow,india,gmail.com,Desktop,CREDIT CARD,572,4,no,0
CUST100055,Aarav Das,47,MALE,1624964.875,INR,70,Gold,,,RARELY,2826.5,3,2,1,FOOD COURT,Kolkata,IN,outlook.com,Web,Wallet,1025,1,no,0
CUST100056,Neha Nair,37,MALE,421276,INR,59,PLATINUM,,,monthly,2091.37,51,26,16,SPORTS,bengaluru,IN,GMAIL.COM,Desktop,upi,597,5,no,0
CUST100057,Rahul Patel,40,MALE,167813,INR,54,GOLD,,18-05-2023,RARELY,2331.08,1,0,2,Gaming,LUCKNOW,IN,yahoo.com,Android,Credit Card,93,4,yes,0
CUST100058,Ananya Patel,28,FEMALE,774459,INR,37,Gold,03-08-2021,,Daily,-250,20,13,7,Electronics,Jaipur,India,outlook.com,IOS,Debit Card,1715,3,No,0
CUST100059,Kiara Joshi,35,female,283960,INR,77,Gold,,01-01-2023,Rarely,1606.49,0,0,0,GAMING,ahmedabad,India,GMAIL.COM,iOS,Debit Card,710,2,yes,0
CUST100060,Sara Rao,36,FEMALE,245046,INR,44,Gold,,,RARELY,1814.65,8,1,7,HOME DECOR,bengaluru,INDIA,company.com,Mobile,upi,1373,5,Yes,0
CUST100061,Kiara Singh,37,Male,320154,INR,14,Basic,,,Daily,2852.71,22,12,11,kids,pune,India,outlook.com,web,Wallet,718,5,Yes,0
CUST100062,Aditya Kapoor,13,female,286743,USD,57,Basic,,,monthly,2341.94,12,6,6,home decor,jaipur,India,outlook.com,Mobile,upi,226,1,No,0
CUST100063,Aditya Singh,49,FEMALE,622302,INR,77,basic,,25-07-2023,Rarely,5899.62625,10,0,11,Fashion,HYDERABAD,IN,yahoo.com,android,CREDIT CARD,943,4,No,0
CUST100064,Meera Joshi,36,Female,147996,USD,60,GOLD,,,Monthly,504.71,2,1,1,FASHION,bengaluru,India,gmail.com,IOS,Cash,124,1,Yes,0
CUST100065,Kiara Singh,33,Other,646475,INR,62,Gold,30-10-2024,,RARELY,2067.69,16,8,7,Electronics,KOLKATA,IN,yahoo.com,IOS,CREDIT CARD,1273,5,yes,0
CUST100066,Neha Patel,22,male,255292,INR,38,GOLD,,30-05-2024,Weekly,2454.3,3,0,3,electronics,HYDERABAD,india,yahoo.com,iOS,Cash,377,4,No,1
CUST100067,Aditya Kapoor,34,female,570812,INR,79,Basic,,,Weekly,1123.31,35,19,17,GAMING,Hyderabad,india,company.com,android,upi,2133,1,yes,0
CUST100068,Vihaan Chopra,18,MALE,723894,INR,74,PLATINUM,03-05-2022,,RARELY,608.97,25,9,16,BEAUTY,HYDERABAD,india,GMAIL.COM,web,CREDIT CARD,1235,3,No,0
CUST100069,Vivaan Das,26,Other,865268,INR,59,Silver,,,Weekly,5899.62625,10,3,6,KIDS,Chennai,IN,yahoo.com,Web,Credit Card,1810,3,Yes,0
CUST100070,Reyansh Gupta,47,female,404157,USD,63,Platinum,,,RARELY,5899.62625,15,13,1,Home Decor,Mumbai,India,company.com,Android,Credit Card,1095,4,Yes,1
CUST100071,Ira Reddy,21,male,651168,INR,24,Gold,,22-11-2023,Monthly,1134.03,22,10,13,BOOKS,NEW DELHI,INDIA,gmail.com,web,UPI,2922.125,5,No,0
CUST100072,Aditya Verma,33,female,745713,INR,100,PLATINUM,,06-09-2023,Weekly,2057,12,3,10,BOOKS,Lucknow,India,rediffmail.com,Mobile,upi,1098,3,yes,0
CUST100073,Krishna Kumar,35,female,719636,INR,39,PLATINUM,,,Monthly,5899.62625,20,2,17,Electronics,LUCKNOW,IN,gmail.com,IOS,CREDIT CARD,718,3,No,0
CUST100074,Amit Kapoor,36,Other,1024852,INR,93,silver,,,Weekly,989.95,6,1,4,Gaming,Lucknow,India,gmail.com,Android,CREDIT CARD,1761,2,Yes,0
CUST100075,Priya Verma,29,Female,302703,USD,56,Gold,27-06-2022,28-09-2022,weekly,1261.32,11,1,11,Beauty,lucknow,India,company.com,android,Credit Card,857,3,No,0
CUST100076,Aadhya Sharma,31,Other,663077,INR,41,Gold,,,Monthly,1137.23,2,1,1,BEAUTY,HYDERABAD,India,yahoo.com,iOS,Credit Card,387,3,yes,0
CUST100077,Aadhya Nair,63.5,Female,914361,USD,43,basic,,,Daily,1354.48,3,1,3,Grocery,Chennai,India,GMAIL.COM,IOS,CREDIT CARD,1286,4,No,0
CUST100078,Sai Nair,24,Male,420783,INR,50,Basic,29-09-2023,29-05-2025,weekly,2448.05,31,15,15,Beauty,lucknow,India,company.com,Web,Debit Card,700,1,Yes,1
CUST100079,Arjun Chopra,63.5,Female,1296777,INR,21,Gold,18-10-2024,,Monthly,989.51,40,26,7,Electronics,Pune,India,company.com,IOS,Wallet,1525,5,yes,0
CUST100080,Ayaan Das,27,female,1023442,INR,42,GOLD,,,Rarely,1913,11,10,1,Fashion,Hyderabad,India,yahoo.com,Mobile,Cash,346,3,No,0
CUST100081,Aarav Khan,22,female,981429,INR,50,Basic,,20-04-2024,RARELY,1814.65,7,6,2,FOOD COURT,Kolkata,india,GMAIL.COM,Web,Credit Card,1199,4,No,0
CUST100082,Kiara Reddy,39,Other,1414744,INR,31,Gold,,,Monthly,1440.01,55,2,19,Fashion,Mumbai,IN,yahoo.com,IOS,Wallet,1095,1,yes,1
CUST100083,Ayaan Sharma,28,female,801895,INR,85,Gold,,,RARELY,1871.57,2,1,0,Electronics,Hyderabad,India,yahoo.com,IOS,Cash,0,1,No,0
CUST100084,Arjun Reddy,26,Female,626112,INR,72,Platinum,,,RARELY,2319.08,29,9,19,Sports,Pune,India,rediffmail.com,web,UPI,1332,4,Yes,0
CUST100085,Ananya Iyer,21,FEMALE,1249913,INR,57,Silver,05-12-2024,12-03-2025,Weekly,1163.61,19,0,19,Beauty,MUMBAI,India,company.com,Mobile,Credit Card,1939,7,No,0
CUST100086,Pooja Iyer,16,Female,317729,INR,73,silver,26-02-2024,,Monthly,5899.62625,14,0,13,Fashion,Chennai,IN,outlook.com,Desktop,Credit Card,1602,3,No,0
CUST100087,Myra Mishra,3.5,Other,539991,INR,45,Basic,,,Rarely,3404.22,2,0,1,Home Decor,Bengaluru,INDIA,rediffmail.com,IOS,Wallet,1158,2,no,0
CUST100088,Aarav Joshi,28,Female,760152,INR,49,Silver,,,weekly,1829.74,20,19,1,electronics,chenai,india,outlook.com,Android,Wallet,1778,4,yes,0
CUST100089,Aadhya Gupta,63.5,male,701204,INR,45,Platinum,,,Daily,4409.5,28,8,19,Fashion,Chennai,IN,GMAIL.COM,IOS,Wallet,1226,3,No,0
CUST100090,Ira Sharma,20,FEMALE,1624964.875,INR,25,basic,,,monthly,3847.57,6,4,2,GAMING,Pune,India,gmail.com,Desktop,Credit Card,313,2,yes,0
CUST100091,Aadhya Khan,47,Male,1099328,INR,59,Silver,,,Daily,1399.12,12,3,9,FASHION,PUNE,IN,rediffmail.com,Mobile,CREDIT CARD,267,4,Yes,1
CUST100092,Priya Verma,13,male,651168,INR,56,Silver,,,RARELY,761.06,21,1,19,Grocery,BENGALURU,India,gmail.com,iOS,Wallet,337,5,Yes,0
CUST100093,Priya Das,39,MALE,956877,INR,100,Gold,,,Daily,1611.42,17,4,12,BEAUTY,Chennai,india,hotmail.com,android,CREDIT CARD,1585,5,no,0
CUST100094,Ira Kapoor,37,male,1262377,INR,45,Platinum,,,RARELY,3078.55,3,1,2,gaming,Chennai,IN,gmail.com,IOS,Credit Card,1973,2,yes,0
CUST100095,Rahul Mehta,45,Other,739490,INR,22,Gold,,,monthly,3239.72,10,1,9,beauty,Delhi,India,GMAIL.COM,Desktop,Cash,1336,4,No,0
CUST100096,Meera Gupta,31,Male,634625,INR,42,Silver,,19-09-2024,Rarely,1140.3,3,0,3,electronics,Chennai,India,rediffmail.com,Android,Wallet,1195,4,Yes,0
CUST100097,Saanvi Kumar,56,Other,651168,INR,52,Platinum,,19-03-2025,RARELY,462.09,3,1,2,Grocery,lucknow,IN,gmail.com,Desktop,upi,1807,5,Yes,0
CUST100098,Neha Khan,41,Female,178737,INR,33,Platinum,,,Weekly,1582.79,24,18,5,Home Decor,Kolkata,india,GMAIL.COM,Desktop,Cash,1788,1,Yes,0
CUST100099,Aditya Mehta,40,Female,171328,INR,80,Gold,12-03-2025,07-07-2025,Weekly,5899.62625,26,10,16,beauty,ahmedabad,India,gmail.com,Web,Credit Card,1605,1,Yes,0
CUST100100,Krishna Iyer,14,female,789104,INR,57,basic,30-03-2023,,weekly,863.82,4,0,4,HOME DECOR,JAIPUR,India,yahoo.com,IOS,Credit Card,1354,5,no,0
CUST100101,Aditya Joshi,43,male,818972,INR,2,GOLD,,,Daily,5389.38,14,10,4,sports,bengaluru,INDIA,GMAIL.COM,Web,Cash,2922.125,4,No,0
CUST100102,Arjun Reddy,30,MALE,1012675,USD,55,basic,,,weekly,3524.97,3,0,2,Books,NEW DELHI,IN,yahoo.com,IOS,Credit Card,2102,5,No,1
CUST100103,Amit Singh,30,Male,252596,INR,61,Platinum,,,Daily,1275.86,5,1,4,kids,Delhi,india,GMAIL.COM,IOS,UPI,1475,3,No,0
CUST100106,Aarav Sinha,29,Other,685351,USD,26,silver,27-09-2022,17-09-2023,Weekly,-250,10,7,4,GAMING,Pune,India,gmail.com,android,CREDIT CARD,987,2,No,0
CUST100107,Sai Kumar,43,Male,549820,INR,85,basic,15-07-2025,29-11-2025,weekly,612.69,9,2,7,Electronics,Delhi,INDIA,gmail.com,Desktop,Wallet,1249,4,yes,0
CUST100108,Myra Das,36,FEMALE,551526,INR,85,Silver,28-05-2022,,Weekly,1926.47,1,0,0,fashion,CHENNAI,India,GMAIL.COM,android,upi,0,1,No,0
CUST100109,Aadhya Nair,41,female,610269,USD,52,GOLD,,,Weekly,3606.99,15,5,10,Grocery,Delhi,India,GMAIL.COM,IOS,Credit Card,1286,7,yes,0
CUST100110,Priya Sinha,28,Other,475337,INR,19,Gold,,,monthly,1259.74,3,1,3,Books,Chennai,India,yahoo.com,Android,Debit Card,450,5,No,1
CUST100112,Myra Kapoor,16,Female,1176536,INR,48,GOLD,30-12-2023,,RARELY,1832.02,1,0,2,Beauty,Bengaluru,india,gmail.com,IOS,Debit Card,544,3,yes,0
CUST100113,Rahul Das,41,MALE,302652,INR,53,Gold,,,Daily,684.16,31,26,3,books,PUNE,IN,yahoo.com,android,UPI,1306,3,No,0
CUST100114,Riya Kapoor,27,Male,536392,USD,70,Gold,04-06-2023,26-03-2024,Monthly,2002.1,4,0,5,KIDS,HYDERABAD,India,GMAIL.COM,Desktop,upi,1820,4,Yes,0
CUST100115,Aadhya Sinha,28,male,526505,INR,34,Silver,,18-07-2023,Daily,1649.94,0,0,0,Home Decor,Bengaluru,India,gmail.com,Desktop,upi,1199,2,No,0
CUST100116,Vivaan Iyer,19,Male,247217,INR,85,GOLD,23-08-2022,27-01-2025,Monthly,1471.36,0,0,0,grocery,hyderabad,india,GMAIL.COM,android,upi,1510,5,yes,1
CUST100117,Neha Chopra,50,male,698537,USD,23,Platinum,20-10-2024,09-06-2025,Rarely,3336.53,40,26,13,electronics,Pune,India,gmail.com,iOS,Debit Card,338,2,Yes,0
CUST100118,Myra Sinha,25,Male,651168,INR,97,Basic,,18-02-2026,Rarely,967.72,48,13,29.5,grocery,Hyderabad,INDIA,hotmail.com,android,Credit Card,643,5,no,0
CUST100119,Ishaan Rao,42,Female,651168,INR,36,silver,,,RARELY,2873.21,9,0,10,Gaming,ahmedabad,India,outlook.com,Mobile,Credit Card,467,1,Yes,0
CUST100120,Meera Singh,29,female,805102,INR,41,Platinum,,,Rarely,945.24,16,11,5,home decor,Mumbai,india,outlook.com,iOS,Debit Card,1323,4,Yes,1
CUST100004,Aditya Reddy,46,female,645689,INR,56,Platinum,,20-01-2026,Rarely,1617.92,12,2,11,GAMING,Hyderabad,India,gmail.com,Android,Credit Card,2440,3,yes,0
CUST100122,Kiara Sinha,38,Male,1624964.875,INR,77,basic,,,weekly,1936.75,2,1,1,GAMING,Kolkata,india,hotmail.com,Android,Credit Card,1490,3,no,0
CUST100123,Riya Singh,33,Male,782766,INR,40,Silver,,,Rarely,471.7,7,5,2,Beauty,bengaluru,India,gmail.com,IOS,upi,1855,3,Yes,1
CUST100124,Saanvi Singh,28,FEMALE,1380257,USD,18,Silver,,,Weekly,2607.51,25,17,8,FASHION,Chennai,India,gmail.com,Mobile,CREDIT CARD,468,1,Yes,0
CUST100125,Ira Khan,32,female,157196,INR,61,silver,,28-01-2023,Rarely,2081.03,26,19,6,home decor,Hyderabad,IN,gmail.com,Web,UPI,2004,1,yes,0
CUST100126,Kiara Mehta,30,Male,576395,USD,41,Platinum,,,weekly,2237.7,17,11,7,Books,BENGALURU,India,yahoo.com,Mobile,Credit Card,0,4,No,0
CUST100127,Amit Sinha,31,Female,750074,INR,74,basic,01-04-2023,25-11-2024,RARELY,4027.05,22,2,19,SPORTS,mumbai,IN,yahoo.com,iOS,CREDIT CARD,657,4,Yes,0
CUST100129,Sai Mishra,14,Female,518410,INR,40,basic,,31-10-2023,RARELY,3134.91,37,4,29.5,kids,Delhi,India,gmail.com,Android,UPI,377,4,no,0
CUST100131,Ananya Patel,63.5,Male,1412016,INR,76,Platinum,,,monthly,784.61,1,0,1,Beauty,Lucknow,India,company.com,Web,Cash,1296,3,yes,0
CUST100132,Rahul Mehta,63.5,MALE,1125441,INR,65,Gold,,,Monthly,1064.45,6,4,2,SPORTS,Hyderabad,INDIA,gmail.com,web,Debit Card,1769,3,Yes,1
CUST100068,Myra Nair,22,Female,651168,INR,88,PLATINUM,06-08-2024,,weekly,5899.62625,9,2,6,food court,Chennai,India,gmail.com,web,Credit Card,553,3,yes,0
CUST100134,Sara Joshi,33,FEMALE,651168,INR,76,Gold,03-07-2023,22-07-2023,monthly,2034.56,55,6,3,Sports,ahmedabad,India,gmail.com,web,Wallet,1199,5,No,0
CUST100135,Vivaan Khan,19,Male,251334,INR,87,Silver,,,Daily,1177.6,6,1,4,Kids,Bengaluru,India,hotmail.com,iOS,UPI,1447,1,No,0
CUST100136,Ananya Nair,18,Male,466720,INR,51,Platinum,,,monthly,2843.23,3,0,3,Electronics,HYDERABAD,India,gmail.com,IOS,Debit Card,872,4,yes,0
CUST100137,Kiara Patel,47,FEMALE,793857,INR,83,silver,,,weekly,1144.46,12,3,29.5,Food Court,Hyderabad,India,gmail.com,IOS,upi,1227,4,Yes,0
CUST100138,Ayaan Rao,40,Female,500365,INR,32,PLATINUM,,,Rarely,730.01,11,1,9,BOOKS,Delhi,india,hotmail.com,iOS,Cash,0,1,No,0
CUST100139,Sai Kapoor,37,MALE,707596,INR,49,PLATINUM,,,Monthly,1521.84,4,2,2,Food Court,KOLKATA,india,gmail.com,Desktop,Cash,1229,2,Yes,0
CUST100140,Ishaan Iyer,26,female,1607754,INR,53,Silver,22-05-2023,,Weekly,3299.26,55,2,29.5,Sports,Delhi,IN,outlook.com,Desktop,Debit Card,1170,4,Yes,0
CUST100141,Rahul Kapoor,33,Male,790169,INR,53,Basic,,,monthly,3474.34,13,3,10,Kids,ahmedabad,IN,hotmail.com,android,upi,660,1,no,0
CUST100142,Rahul Sharma,42,Other,519295,INR,28,Silver,,,Rarely,1632.32,2,1,1,Beauty,Kolkata,India,gmail.com,IOS,Cash,1268,2,No,0
CUST100143,Neha Singh,27,Male,427475,INR,37,Silver,,,weekly,1588.73,16,11,6,sports,JAIPUR,INDIA,hotmail.com,IOS,UPI,917,2,Yes,0
CUST100144,Priya Kapoor,29,Male,500883,INR,39,PLATINUM,18-08-2024,,Monthly,2030.57,9,4,5,Books,mumbai,India,hotmail.com,IOS,Cash,2586,1,Yes,0
CUST100145,Aadhya Das,47,MALE,555731,INR,58,PLATINUM,,,monthly,2362.12,12,2,10,Gaming,NEW DELHI,INDIA,GMAIL.COM,Mobile,upi,1395,4,No,1
CUST100146,Aarav Kumar,30,Female,651168,USD,74,Gold,,,Monthly,1057.63,14,9,5,Sports,LUCKNOW,India,company.com,iOS,upi,855,3,No,0
CUST100147,Saanvi Das,35,Male,160575,USD,61,PLATINUM,,18-10-2024,weekly,792.99,3,0,4,FASHION,Pune,India,hotmail.com,android,upi,1905,3,Yes,0
CUST100148,Ishaan Singh,42,Female,1624964.875,INR,62,PLATINUM,,07-09-2024,weekly,5126.73,44,5,29.5,Fashion,JAIPUR,IN,gmail.com,android,Credit Card,560,4,Yes,0
CUST100149,Diya Gupta,23,FEMALE,651168,INR,41,Platinum,,,weekly,4363.19,19,0,19,BEAUTY,jaipur,INDIA,rediffmail.com,iOS,upi,2244,5,yes,1
CUST100150,Saanvi Patel,34,FEMALE,645995,USD,53,PLATINUM,29-06-2023,,monthly,2171.74,12,4,9,Electronics,mumbai,INDIA,gmail.com,android,CREDIT CARD,934,4,Yes,0
CUST100151,Priya Chopra,30,Female,651168,INR,89,basic,08-09-2021,,Monthly,783.38,18,7,12,sports,ahmedabad,india,gmail.com,IOS,UPI,474,2,No,1
CUST100152,Priya Verma,45,MALE,472036,INR,68,GOLD,05-01-2025,,Rarely,1777.34,19,14,5,electronics,KOLKATA,India,gmail.com,web,CREDIT CARD,1290,4,Yes,0
CUST100153,Neha Nair,30,Female,474216,INR,58,GOLD,,,Monthly,990.36,1,0,1,BEAUTY,CHENNAI,India,yahoo.com,IOS,Cash,734,3,No,1
CUST100154,Sai Sharma,41,Other,576835,INR,90,Platinum,,,Daily,2159.87,1,0,0,sports,lucknow,India,rediffmail.com,Android,upi,1884,3,No,0
CUST100155,Krishna Singh,43,Male,465543,INR,82,silver,,,weekly,3303.6,31,1,29.5,Grocery,Delhi,India,gmail.com,iOS,upi,1879,5,No,0
CUST100156,Vihaan Gupta,33,Male,1624964.875,INR,21,basic,,,RARELY,2123.32,33,7,25,Grocery,Kolkata,india,yahoo.com,web,upi,1950,2,No,0
CUST100157,Ishaan Patel,52,male,412540,INR,19,Basic,,,Monthly,5899.62625,0,0,0,Electronics,pune,india,rediffmail.com,Android,Wallet,1603,2,Yes,1
CUST100158,Sai Iyer,25,Female,620488,INR,45,Platinum,,,Rarely,1822.78,30,24,6,Books,AHMEDABAD,India,outlook.com,IOS,Debit Card,0,5,No,0
CUST100159,Myra Singh,37,FEMALE,1624964.875,INR,76,Gold,,,Monthly,2095.13,3,2,1,Food Court,Pune,IN,outlook.com,Android,Wallet,1672,2,yes,0
CUST100160,Arjun Kapoor,54,female,1195919,INR,51,silver,,,Weekly,4163.87,2,0,3,Books,Ahmedabad,India,gmail.com,IOS,CREDIT CARD,1224,3,Yes,1
CUST100161,Vihaan Sinha,46,MALE,1209758,INR,51,Silver,,,Monthly,3310.79,10,9,1,Electronics,hyderabad,India,hotmail.com,IOS,Debit Card,1222,1,No,0
CUST100162,Rahul Mehta,36,FEMALE,775979,INR,57,GOLD,,,monthly,938.98,26,4,21,sports,pune,India,outlook.com,android,UPI,1199,1,No,0
CUST100163,Krishna Mishra,33,FEMALE,722944,USD,27,GOLD,,,Rarely,588.31,4,3,2,Beauty,Hyderabad,India,gmail.com,Mobile,Cash,1584,1,Yes,1
CUST100164,Krishna Patel,33,female,1535443,INR,76,Gold,,,RARELY,1071.89,1,0,1,Electronics,Mumbai,India,rediffmail.com,IOS,upi,1567,4,yes,0
CUST100165,Aditya Singh,27,male,452500,INR,42,Gold,,17-07-2023,Monthly,1650.46,16,13,2,Food Court,Ahmedabad,IN,outlook.com,android,CREDIT CARD,576,5,Yes,0
CUST100166,Vivaan Sinha,46,male,428291,INR,50,Gold,,28-02-2025,RARELY,5568.13,3,0,4,SPORTS,jaipur,India,gmail.com,Android,CREDIT CARD,1222,4,yes,0
CUST100049,Kiara Kumar,23,Female,1624964.875,INR,71,Silver,,,Monthly,2137.87,29,9,19,food court,Chennai,India,GMAIL.COM,Mobile,upi,605,4,No,0
CUST100169,Aarav Rao,28,female,589123,INR,39,Silver,29-06-2022,,Rarely,1292.68,5,4,1,Books,MUMBAI,IN,gmail.com,Desktop,UPI,2408,4,yes,0
CUST100170,Vivaan Kapoor,22,Female,1175828,INR,48,Platinum,,14-12-2022,Monthly,2726.83,20,11,9,Food Court,lucknow,India,GMAIL.COM,IOS,upi,1832,4,yes,1
CUST100171,Ayaan Verma,44,MALE,167310,INR,37,Gold,,,Daily,3259.28,9,4,4,KIDS,Hyderabad,india,gmail.com,android,upi,0,5,yes,1
CUST100172,Diya Kumar,24,Other,624228,USD,26,Gold,21-06-2023,,Monthly,2425.79,13,5,8,Grocery,Kolkata,India,gmail.com,IOS,upi,1057,4,Yes,0
CUST100173,Ayaan Joshi,43,MALE,1037896,INR,77,basic,16-07-2023,,Monthly,1737.94,12,1,11,Electronics,Mumbai,India,GMAIL.COM,IOS,Credit Card,1584,2,Yes,1
CUST100174,Myra Mehta,26,female,764959,INR,18,Silver,26-02-2022,,Weekly,4089.07,12,0,12,Home Decor,Lucknow,india,rediffmail.com,Web,UPI,1052,2,yes,0
CUST100175,Rahul Singh,31,Other,1071363,USD,36,basic,07-10-2023,,Daily,3940.99,41,2,29.5,FOOD COURT,hyderabad,India,outlook.com,android,upi,999,1,No,0
CUST100176,Kiara Chopra,62,Female,534592,INR,55,GOLD,,,Monthly,3641.8,48,23,25,sports,Jaipur,India,gmail.com,web,Cash,1196,5,Yes,0
CUST100178,Krishna Kapoor,47,MALE,832039,INR,64,PLATINUM,,,weekly,1063.86,36,20,17,grocery,Hyderabad,IN,GMAIL.COM,iOS,upi,611,1,yes,0
CUST100179,Ayaan Patel,39,Other,651168,INR,44,basic,,,weekly,3510.77,0,0,0,Gaming,Hyderabad,India,gmail.com,Desktop,upi,1243,4,no,0
CUST100180,Aarav Patel,44,Female,605084,INR,95,Basic,,,Weekly,763.55,9,5,5,kids,mumbai,IN,company.com,Mobile,Debit Card,1607,3,No,0
CUST100181,Reyansh Sinha,44,female,673528,USD,75,Gold,,,Weekly,933.86,15,8,7,gaming,Hyderabad,india,rediffmail.com,web,Debit Card,2119,2,No,0
CUST100182,Krishna Gupta,33,Female,619557,INR,46,Basic,,,monthly,3391.49,-3,1,3,Fashion,HYDERABAD,IN,yahoo.com,web,Cash,517,4,Yes,0
CUST100183,Myra Chopra,20,Other,407125,INR,10,basic,,,Monthly,3894.87,16,15,1,Kids,chenai,IN,company.com,IOS,CREDIT CARD,1448,1,Yes,0
CUST100184,Sai Rao,33,Male,612724,INR,35,Gold,22-06-2021,,RARELY,1940.45,3,2,1,Kids,hyderabad,INDIA,yahoo.com,iOS,Credit Card,1487,4,Yes,0
CUST100185,Aditya Khan,37,female,236914,USD,73,PLATINUM,,,Daily,1461.58,5,3,2,Kids,CHENNAI,INDIA,outlook.com,IOS,UPI,495,5,No,0
CUST100186,Sai Kumar,26,Female,501086,INR,23,Silver,,,Monthly,1969.2,13,4,8,GROCERY,Chennai,India,rediffmail.com,IOS,Cash,1844,4,yes,0
CUST100187,Aditya Joshi,23,FEMALE,327568,INR,60,Silver,,23-06-2022,weekly,1969.31,8,7,1,Sports,BENGALURU,India,gmail.com,iOS,Wallet,1050,5,Yes,0
CUST100188,Sara Kapoor,33,FEMALE,1251933,INR,24,Gold,,,weekly,979.48,3,0,4,Books,CHENNAI,INDIA,GMAIL.COM,android,upi,427,1,No,0
CUST100189,Aditya Sharma,23,Male,615359,INR,29,basic,,,Rarely,742.81,3,0,3,Grocery,Bengaluru,IN,gmail.com,IOS,Credit Card,882,1,Yes,1
CUST100190,Rahul Nair,29,Other,569885,INR,44,PLATINUM,,,Rarely,725.21,5,4,1,Food Court,PUNE,india,outlook.com,Android,CREDIT CARD,1503,2,no,1
CUST100191,Meera Rao,30,MALE,1519678,INR,57,Basic,,,Rarely,3581.12,1,0,1,GROCERY,Delhi,India,yahoo.com,IOS,Cash,2153,3,Yes,0
CUST100192,Kiara Joshi,31,Female,651168,INR,44,basic,,,Daily,2847.24,23,22,2,Sports,Lucknow,India,outlook.com,android,Debit Card,826,1,No,0
CUST100193,Ira Singh,34,MALE,884734,INR,63,silver,,,RARELY,989.75,5,0,5,Home Decor,Delhi,India,gmail.com,Web,Credit Card,1832,4,yes,0
CUST100194,Amit Iyer,35,MALE,987395,INR,100,GOLD,,11-10-2022,Monthly,1593.11,8,3,4,electronics,Hyderabad,IN,outlook.com,IOS,Cash,567,3,Yes,0
CUST100195,Aarav Gupta,52,male,1624964.875,INR,57,Gold,,,Monthly,3214.73,15,13,2,Kids,mumbai,India,rediffmail.com,Web,Debit Card,1402,3,Yes,0
CUST100196,Vivaan Kumar,25,MALE,633530,INR,41,Silver,,,Monthly,1314.3,4,2,2,Home Decor,Delhi,india,rediffmail.com,web,upi,2922.125,1,Yes,0
CUST100197,Rahul Verma,44,Male,835109,INR,7,GOLD,,,Monthly,835.39,7,2,4,Sports,chenai,India,yahoo.com,web,CREDIT CARD,2126,2,no,0
CUST100198,Ananya Joshi,34,Male,510472,INR,26,silver,10-10-2024,24-04-2026,Rarely,1794.74,34,17,17,FASHION,ahmedabad,India,company.com,iOS,upi,1093,1,Yes,0
CUST100199,Sara Khan,43,MALE,1200484,INR,62,Platinum,,,monthly,1203.89,55,26,29.5,Food Court,LUCKNOW,India,gmail.com,Mobile,upi,1153,5,No,0
CUST100200,Riya Joshi,24,Male,649811,INR,74,Platinum,25-08-2025,,Daily,2995.49,29,20,9,Books,Delhi,india,rediffmail.com,Desktop,Credit Card,1963,2,Yes,0
CUST100196,Priya Gupta,29,MALE,651168,INR,28,GOLD,09-10-2021,,monthly,1686.16,36,1,29.5,Grocery,Chennai,India,rediffmail.com,Web,CREDIT CARD,2114,5,Yes,1
CUST100202,Sai Joshi,45,MALE,628023,INR,42,PLATINUM,,,Weekly,2350.48,21,16,4,Books,Kolkata,India,outlook.com,Desktop,UPI,683,5,No,0
CUST100203,Ishaan Reddy,20,Female,859397,INR,56,silver,04-01-2022,,Weekly,645.91,2,1,0,Gaming,jaipur,india,gmail.com,web,upi,691,7,Yes,0
CUST100204,Rahul Nair,61,male,478883,INR,82,Silver,,,RARELY,625.32,16,3,13,electronics,Hyderabad,IN,gmail.com,android,Credit Card,0,2,No,0
CUST100205,Kiara Joshi,25,Other,883876,INR,65,silver,,,Monthly,5899.62625,5,0,5,ELECTRONICS,JAIPUR,India,GMAIL.COM,Android,upi,750,2,yes,0
CUST100206,Priya Chopra,50,MALE,563801,INR,39,basic,,,Monthly,308.38,6,5,1,Kids,LUCKNOW,India,hotmail.com,Android,CREDIT CARD,1780,5,Yes,0
CUST100207,Myra Nair,50,MALE,297017,INR,53,Silver,,,Daily,929.37,47,26,12,Sports,Delhi,india,gmail.com,Mobile,upi,1013,1,Yes,1
CUST100208,Arjun Verma,46,Male,1021831,INR,75,GOLD,,23-06-2021,weekly,479.87,1,0,1,FASHION,CHENNAI,India,outlook.com,Desktop,CREDIT CARD,1649,4,No,0
CUST100209,Riya Patel,20,male,321499,INR,8,Gold,,,Daily,1857.2,20,2,19,food court,Mumbai,india,hotmail.com,Desktop,Cash,2251,3,yes,0
CUST100210,Rahul Reddy,31,MALE,651168,INR,84,GOLD,29-01-2022,,Daily,1511.15,18,4,14,BEAUTY,bengaluru,India,outlook.com,Android,UPI,1159,4,yes,0
CUST100211,Ananya Das,36,MALE,540200,INR,79,Basic,,09-02-2025,Monthly,777.51,0,0,0,ELECTRONICS,CHENNAI,India,GMAIL.COM,IOS,upi,783,4,yes,0
CUST100212,Aadhya Chopra,9,Other,213584,INR,84,silver,,05-06-2026,Daily,4011.64,21,2,18,Home Decor,Bengaluru,INDIA,gmail.com,IOS,Cash,1320,2,Yes,0
CUST100213,Priya Kumar,41,Other,1399422,INR,47,PLATINUM,,,Weekly,3029.7,31,16,14,GAMING,PUNE,INDIA,gmail.com,IOS,Cash,1135,2,Yes,0
CUST100214,Amit Chopra,3.5,Female,425837,INR,22,Silver,,,Rarely,2946.59,1,0,1,Grocery,Kolkata,India,gmail.com,Web,Cash,2229,0,Yes,1
CUST100215,Arjun Verma,43,MALE,910256,INR,79,PLATINUM,,,weekly,3234.31,4,1,4,Fashion,Pune,India,hotmail.com,iOS,Wallet,2101,4,Yes,0
CUST100216,Arjun Joshi,52,female,120000,INR,67,basic,,,Monthly,2361.9,10,3,7,beauty,Bengaluru,India,gmail.com,Web,Debit Card,1300,2,Yes,0
CUST100217,Riya Singh,18,Other,438677,INR,70,GOLD,09-01-2024,08-07-2025,Daily,1289.53,29,18,11,electronics,AHMEDABAD,INDIA,gmail.com,Desktop,Cash,917,2,no,0
CUST100218,Riya Mishra,39,male,198308,USD,51,Silver,,09-10-2024,Rarely,2256.61,9,0,8,Grocery,MUMBAI,India,outlook.com,Android,CREDIT CARD,202,4,yes,0
CUST100219,Vivaan Verma,14,Male,1437866,INR,41,silver,,,Monthly,5899.62625,9,1,7,gaming,Ahmedabad,INDIA,GMAIL.COM,Web,upi,264,4,Yes,0
CUST100220,Ananya Mishra,33,Female,922701,INR,51,Gold,,,Daily,2661.08,5,4,0,Grocery,Hyderabad,IN,gmail.com,IOS,Debit Card,1072,4,Yes,0
CUST100221,Ira Patel,41,male,279974,USD,50,GOLD,19-08-2022,,Monthly,1665.3,22,21,1,fashion,bengaluru,india,yahoo.com,iOS,Debit Card,670,5,Yes,0
CUST100222,Arjun Kumar,24,Male,316062,INR,80,Gold,,,Weekly,847.02,8,2,7,Beauty,ahmedabad,India,gmail.com,Mobile,Credit Card,1066,2,yes,0
CUST100223,Krishna Mehta,39,MALE,547544,INR,63,Platinum,23-08-2021,,RARELY,431.13,1,0,2,Home Decor,AHMEDABAD,India,hotmail.com,IOS,Debit Card,1646,3,Yes,1
CUST100224,Ananya Kumar,32,FEMALE,355332,INR,41,PLATINUM,20-11-2024,,Rarely,5214.32,11,7,4,SPORTS,Kolkata,IN,yahoo.com,Android,Cash,2922.125,3,Yes,0
CUST100225,Sara Joshi,36,Other,463145,INR,25,PLATINUM,13-09-2021,,monthly,5016.69,20,19,1,Fashion,Jaipur,India,gmail.com,Desktop,Credit Card,592,2,Yes,0
CUST100226,Sara Iyer,36,male,329486,USD,72,Silver,,,Daily,1814.65,9,2,8,kids,JAIPUR,INDIA,rediffmail.com,android,upi,1309,3,yes,0
CUST100227,Kiara Kapoor,43,Male,707188,INR,20,Gold,,,Rarely,1872.55,55,11,29.5,Electronics,Kolkata,India,gmail.com,Web,Cash,1199,2,Yes,0
CUST100124,Vihaan Sinha,35,MALE,1624964.875,USD,63,Gold,,,Monthly,2832.67,19,5,14,Food Court,Hyderabad,india,company.com,Web,Debit Card,113,3,No,0
CUST100229,Reyansh Patel,19,FEMALE,375173,INR,23,silver,,,Weekly,328.3,55,26,29.5,Beauty,Lucknow,india,outlook.com,android,Wallet,2063,2,yes,1
CUST100230,Myra Sharma,42,female,274118,INR,9,GOLD,,,weekly,2692.55,9,6,3,Food Court,Lucknow,India,gmail.com,web,Debit Card,1302,3,yes,1
CUST100231,Sai Khan,27,FEMALE,348132,INR,22,Gold,,,Daily,1814.65,4,0,4,Gaming,CHENNAI,india,outlook.com,Desktop,UPI,0,4,No,1
CUST100232,Amit Verma,34,Female,1624964.875,INR,55,Silver,,,monthly,1145.26,14,4,9,Home Decor,Jaipur,India,GMAIL.COM,iOS,Wallet,542,4,No,0
CUST100233,Aditya Sinha,33,Female,344889,INR,68,Basic,,,weekly,3060.95,35,26,10,Sports,KOLKATA,INDIA,gmail.com,IOS,upi,455,1,No,0
CUST100234,Priya Chopra,50,FEMALE,1624964.875,INR,88,Gold,,,Monthly,2805.17,8,3,5,BEAUTY,Ahmedabad,IN,gmail.com,Desktop,upi,2256,4,Yes,0
CUST100235,Riya Nair,46,male,651168,INR,73,GOLD,,,Monthly,1849.06,9,5,5,Home Decor,Chennai,INDIA,gmail.com,Mobile,Wallet,993,5,No,0
CUST100236,Sai Singh,23,Other,538885,INR,64,silver,,,Weekly,3252.16,0,0,0,sports,mumbai,India,company.com,IOS,upi,988,3,yes,0
CUST100237,Saanvi Gupta,28,FEMALE,1624964.875,INR,10,GOLD,,,Monthly,834.88,20,14,5,beauty,PUNE,INDIA,gmail.com,IOS,upi,114,4,yes,1
CUST100238,Krishna Singh,12,Male,880188,INR,57,Silver,,,Monthly,1877.22,47,6,29.5,Electronics,ahmedabad,india,outlook.com,android,CREDIT CARD,1253,1,Yes,1
CUST100239,Sara Kumar,59,MALE,310920,USD,65,GOLD,21-12-2021,,Daily,5899.62625,9,8,1,Books,delhi,IN,company.com,Desktop,CREDIT CARD,764,1,Yes,0
CUST100240,Meera Sinha,33,male,1369769,INR,41,Silver,24-08-2022,17-10-2022,Weekly,5899.62625,5,2,3,Kids,HYDERABAD,India,outlook.com,IOS,Credit Card,834,2,No,0
CUST100241,Arjun Sharma,31,MALE,621109,INR,73,Basic,,,Daily,1862.03,0,0,0,KIDS,Mumbai,IN,GMAIL.COM,IOS,Credit Card,1142,5,No,0
CUST100242,Saanvi Patel,49,MALE,462850,INR,34,GOLD,,,monthly,5899.62625,0,0,1,SPORTS,PUNE,India,GMAIL.COM,Desktop,Credit Card,1540,5,yes,1
CUST100243,Sai Joshi,25,Female,925903,USD,72,Gold,04-04-2024,,Monthly,3342.38,26,13,13,Grocery,Ahmedabad,IN,gmail.com,Android,Debit Card,2373,2,No,0
CUST100244,Sai Chopra,31,female,250274,INR,63,Basic,,,monthly,1503.57,20,4,16,books,Kolkata,India,outlook.com,iOS,Credit Card,1911,5,No,0
CUST100245,Vivaan Khan,28,Male,661871,INR,50,GOLD,,12-12-2025,weekly,3719.34,0,0,0,food court,Bengaluru,INDIA,company.com,iOS,UPI,0,1,yes,1
CUST100122,Riya Reddy,27,Other,651168,USD,4,Platinum,19-12-2022,,Daily,1789.86,5,0,4,Electronics,Hyderabad,India,gmail.com,web,Cash,700,4,Yes,0
CUST100247,Reyansh Sinha,35,Other,234486,INR,84,GOLD,,14-07-2021,weekly,3414.57,28,15,12,sports,delhi,India,GMAIL.COM,android,upi,870,4,yes,0
CUST100249,Arjun Sharma,18,Female,933278,INR,48,silver,26-08-2025,,Monthly,2974.3,5,3,2,kids,KOLKATA,India,rediffmail.com,Android,Wallet,1260,5,No,0
CUST100250,Riya Singh,25,male,334657,INR,76,Platinum,,,Monthly,507.65,10,0,9,Food Court,lucknow,India,outlook.com,IOS,Credit Card,118,3,yes,1
CUST100251,Rahul Verma,50,MALE,478574,INR,67,Gold,08-06-2021,,RARELY,-250,35,12,22,Electronics,Delhi,India,hotmail.com,web,upi,1559,5,no,0
CUST100252,Aadhya Khan,41,Female,494244,INR,76,Basic,,,weekly,3380.6,18,17,1,beauty,Lucknow,india,gmail.com,IOS,Credit Card,2092,3,no,0
CUST100253,Arjun Chopra,36,Female,651168,USD,93,PLATINUM,31-10-2021,12-06-2023,Monthly,710.19,28,9,18,KIDS,lucknow,india,yahoo.com,web,upi,2039,2,Yes,0
CUST100254,Saanvi Mishra,18,MALE,1046324,USD,56,GOLD,,,Monthly,2598.47,23,16,6,Grocery,HYDERABAD,IN,gmail.com,IOS,upi,192,5,yes,0
CUST100255,Saanvi Singh,33,FEMALE,474877,INR,79,Gold,,,Monthly,1005.44,5,3,1,Fashion,BENGALURU,IN,GMAIL.COM,iOS,Debit Card,839,1,Yes,0
CUST100256,Krishna Sinha,40,Female,874274,INR,65,Platinum,,,Weekly,2654.17,10,7,2,Food Court,Bengaluru,India,rediffmail.com,iOS,Credit Card,1689,5,No,0
CUST100257,Priya Kumar,50,female,868617,USD,63,Platinum,01-10-2023,,weekly,5899.62625,7,3,4,Sports,MUMBAI,India,GMAIL.COM,IOS,upi,762,4,No,0
CUST100258,Aditya Khan,48,MALE,467472,INR,34,Silver,24-09-2022,26-12-2023,monthly,578.26,43,11,29.5,food court,Kolkata,INDIA,outlook.com,IOS,CREDIT CARD,1433,5,Yes,0
CUST100259,Aarav Kapoor,33,Male,237635,INR,44,Gold,,,RARELY,1816.72,0,0,0,food court,mumbai,IN,gmail.com,Android,Wallet,1367,3,Yes,0
CUST100260,Riya Iyer,30,Female,529979,USD,40,Gold,,,Rarely,5882.66,6,4,2,GAMING,Pune,IN,GMAIL.COM,Desktop,Wallet,1491,1,Yes,0
CUST100261,Rahul Chopra,27,Male,1353354,INR,80,Silver,,,Monthly,819.06,12,4,10,beauty,hyderabad,India,gmail.com,web,Debit Card,1418,4,No,0
CUST100262,Kiara Rao,30,Male,478094,INR,59,GOLD,,,Daily,395.16,24,23,1,Books,NEW DELHI,india,GMAIL.COM,Desktop,Wallet,1764,5,No,0
CUST100263,Aarav Khan,19,FEMALE,326391,INR,43,Platinum,,,Weekly,658.56,4,0,3,sports,PUNE,India,yahoo.com,android,upi,2184,2,Yes,0
CUST100264,Ira Nair,44,MALE,278382,INR,81,Silver,22-02-2024,,monthly,5899.62625,4,0,4,Food Court,ahmedabad,india,gmail.com,iOS,upi,1618,3,No,0
CUST100265,Reyansh Sharma,31,male,432513,INR,51,GOLD,,,Rarely,1757.84,21,5,15,gaming,Hyderabad,India,rediffmail.com,Desktop,UPI,240,1,yes,1
CUST100266,Rahul Verma,40,Female,822875,INR,52,Basic,30-08-2021,,Rarely,1035.51,12,2,9,FOOD COURT,mumbai,India,rediffmail.com,IOS,Debit Card,1627,1,Yes,0
CUST100267,Saanvi Nair,35,Female,1009065,USD,69,silver,01-05-2025,25-03-2026,RARELY,1814.65,21,5,17,Electronics,Kolkata,IN,gmail.com,web,CREDIT CARD,1466,3,yes,0
CUST100268,Priya Joshi,50,FEMALE,1085230,INR,77,Silver,,,Monthly,961.48,7,4,2,Home Decor,chenai,India,outlook.com,IOS,Debit Card,1233,3,no,0
CUST100269,Aarav Sinha,43,female,854124,INR,100,basic,10-12-2022,23-03-2024,Rarely,2791.8,55,26,2,Food Court,jaipur,IN,company.com,android,Credit Card,238,2,yes,0
CUST100270,Reyansh Das,40,Male,564864,INR,34,PLATINUM,,13-05-2024,RARELY,1698.66,16,8,8,home decor,Mumbai,India,company.com,Android,Wallet,25,2,No,0
CUST100271,Neha Khan,23,FEMALE,377828,INR,70,Gold,26-02-2023,,weekly,1041.14,9,7,2,Kids,Mumbai,INDIA,gmail.com,web,Wallet,268,1,no,0
CUST100272,Sai Patel,21,Female,651168,INR,71,Platinum,,,Monthly,1112.72,0,0,0,home decor,AHMEDABAD,India,hotmail.com,IOS,Credit Card,667,1,Yes,0
CUST100273,Amit Gupta,48,male,1624964.875,INR,62,Silver,,,Daily,1625.52,12,8,4,home decor,Chennai,IN,hotmail.com,Android,CREDIT CARD,682,1,Yes,0
CUST100274,Krishna Joshi,33,MALE,521459,INR,51,Gold,05-11-2022,,Monthly,2453.45,6,4,3,kids,Ahmedabad,INDIA,gmail.com,web,Wallet,1410,4,Yes,0
CUST100276,Saanvi Nair,3.5,Other,1624964.875,INR,50,basic,,,Monthly,1310.4,15,6,10,Electronics,ahmedabad,INDIA,gmail.com,Web,Wallet,929,3,Yes,0
CUST100277,Aadhya Sinha,23,Male,887555,INR,43,silver,,,weekly,552.53,3,1,1,grocery,Delhi,India,gmail.com,Mobile,CREDIT CARD,2015,5,yes,1
CUST100278,Vivaan Singh,47,MALE,1160008,INR,51,Silver,,,Monthly,2913.04,19,2,17,books,PUNE,India,outlook.com,IOS,Credit Card,588,4,yes,0
CUST100279,Sai Sinha,33,FEMALE,405727,INR,21,Gold,,,monthly,2041.18,18,0,18,FOOD COURT,mumbai,India,yahoo.com,android,upi,1696,4,yes,0
CUST100280,Krishna Patel,24,Other,1139398,INR,64,Gold,,,Daily,1823.73,9,0,9,Home Decor,HYDERABAD,INDIA,hotmail.com,Mobile,Credit Card,2117,4,yes,0
CUST100281,Saanvi Sinha,27,female,470032,INR,83,silver,20-01-2021,,Monthly,2156.41,3,1,2,books,Hyderabad,India,GMAIL.COM,Mobile,Credit Card,1225,3,Yes,0
CUST100282,Sai Nair,19,female,661718,INR,57,Platinum,,27-07-2022,weekly,2643.95,1,0,1,electronics,ahmedabad,IN,rediffmail.com,IOS,Cash,230,2,Yes,0
CUST100283,Saanvi Rao,3.5,MALE,1624964.875,INR,68,Gold,15-08-2024,,monthly,683.87,6,3,4,Sports,Pune,India,rediffmail.com,Mobile,Cash,818,4,No,0
CUST100284,Pooja Rao,46,female,471432,INR,49,Platinum,25-02-2024,25-05-2024,Weekly,2361.01,38,2,29.5,books,Kolkata,India,GMAIL.COM,IOS,UPI,1917,1,no,0
CUST100285,Pooja Mishra,23,Female,263147,USD,70,basic,,,Rarely,3673.41,12,0,13,Electronics,KOLKATA,India,outlook.com,web,Credit Card,546,1,No,0
CUST100286,Aarav Kapoor,28,Female,1200898,INR,39,Silver,13-10-2024,12-09-2025,Rarely,1207.47,0,0,0,fashion,KOLKATA,INDIA,hotmail.com,android,Wallet,746,2,Yes,0
CUST100287,Reyansh Nair,41,MALE,554884,INR,49,Silver,11-04-2021,,Monthly,3201.47,10,8,3,Fashion,Delhi,India,rediffmail.com,Desktop,CREDIT CARD,1747,2,no,1
CUST100288,Diya Kumar,42,Male,432125,INR,64,basic,,,Rarely,1850.87,18,7,12,books,chenai,india,gmail.com,Android,upi,1199,2,Yes,1
CUST100289,Amit Nair,33,FEMALE,651168,INR,42,Platinum,01-05-2023,23-09-2025,weekly,695.34,23,3,19,Fashion,Hyderabad,india,yahoo.com,android,Cash,604,5,No,0
CUST100290,Reyansh Joshi,45,female,651168,INR,82,basic,12-03-2021,,Daily,5899.62625,2,0,2,fashion,pune,India,gmail.com,web,Debit Card,2922.125,3,No,0
CUST100291,Amit Verma,35,Female,910468,INR,30,Platinum,,,Rarely,2916.97,10,0,10,Grocery,AHMEDABAD,India,hotmail.com,IOS,Debit Card,1622,5,Yes,1
CUST100292,Pooja Mishra,53,Male,1602568,USD,86,Platinum,,,weekly,3409.83,14,13,2,Food Court,MUMBAI,India,rediffmail.com,Desktop,Cash,764,5,No,0
CUST100293,Rahul Rao,42,Female,360253,INR,50,basic,30-04-2025,17-03-2026,Monthly,1903.23,25,0,24,Fashion,delhi,INDIA,company.com,Desktop,CREDIT CARD,2324,3,yes,0
CUST100294,Rahul Kumar,15,MALE,1624964.875,INR,42,Basic,11-10-2023,,RARELY,3027.37,19,4,15,Gaming,PUNE,India,gmail.com,web,Credit Card,752,4,No,0
CUST100295,Pooja Verma,44,MALE,1624964.875,INR,60,basic,,,weekly,5899.62625,42,9,29.5,GAMING,JAIPUR,india,yahoo.com,iOS,CREDIT CARD,1481,2,no,0
CUST100296,Ira Verma,52,female,880408,USD,35,Gold,,,Monthly,4307.67,10,3,7,Home Decor,mumbai,INDIA,company.com,Android,Cash,1253,4,Yes,0
CUST100297,Ira Verma,41,female,822742,INR,57,Platinum,,,RARELY,3782.66,10,8,2,FOOD COURT,Pune,India,company.com,IOS,upi,1367,3,No,0
CUST100298,Krishna Sharma,63.5,MALE,651168,USD,1,PLATINUM,,15-07-2025,Rarely,1643.42,11,6,4,BEAUTY,Delhi,india,gmail.com,IOS,upi,571,2,yes,0
CUST100299,Myra Joshi,39,Female,730885,USD,50,basic,,,Rarely,2965.39,0,0,0,fashion,JAIPUR,INDIA,rediffmail.com,IOS,Credit Card,751,1,No,0
CUST100300,Ira Nair,23,Male,786065,INR,50,Platinum,,,Monthly,2334.24,16,15,0,SPORTS,NEW DELHI,IN,gmail.com,Android,upi,1180,2,No,0
CUST100301,Vihaan Chopra,37,MALE,480416,INR,37,GOLD,09-06-2024,,Rarely,1127.99,13,11,3,Kids,Bengaluru,india,gmail.com,Web,Credit Card,1449,4,No,0
CUST100302,Reyansh Verma,44,MALE,562237,INR,35,PLATINUM,,16-04-2026,monthly,5726.73,11,4,8,Electronics,KOLKATA,India,gmail.com,android,Credit Card,1231,5,yes,0
CUST100303,Rahul Mehta,32,Female,456884,INR,46,PLATINUM,,,weekly,1381.5,0,0,0,Food Court,delhi,India,gmail.com,Desktop,UPI,766,4,yes,0
CUST100304,Ayaan Reddy,18,Female,268718,INR,51,Gold,,,Daily,1921.32,22,15,7,Food Court,delhi,IN,outlook.com,Mobile,UPI,0,1,No,0
CUST100305,Saanvi Kapoor,36,MALE,651168,INR,19,Platinum,,27-12-2021,weekly,958.42,41,2,29.5,GROCERY,Delhi,India,hotmail.com,Android,CREDIT CARD,656,2,No,0
CUST100306,Myra Mehta,31,Male,866924,INR,35,Silver,,,Rarely,868.34,1,0,2,Grocery,KOLKATA,India,gmail.com,android,CREDIT CARD,595,3,yes,0
CUST100307,Myra Singh,44,Female,485770,INR,46,basic,,19-07-2024,monthly,2300.75,8,2,6,Gaming,Delhi,INDIA,hotmail.com,web,upi,1947,5,yes,0
CUST100308,Ananya Patel,19,Male,209307,INR,62,Basic,,,Weekly,2760.58,3,2,1,Home Decor,JAIPUR,India,gmail.com,Mobile,Credit Card,2010,1,Yes,1
CUST100309,Meera Gupta,45,FEMALE,1015317,INR,71,basic,,,RARELY,2228.79,13,8,5,Books,PUNE,India,outlook.com,Web,Wallet,1262,4,no,0
CUST100310,Ananya Kapoor,35,Female,651168,INR,80,Gold,,,Monthly,5899.62625,-3,0,29,Food Court,BENGALURU,IN,gmail.com,IOS,CREDIT CARD,1640,3,No,0
CUST100311,Priya Kumar,25,female,715987,INR,66,Platinum,,15-01-2023,monthly,2810,44,26,3,FASHION,Kolkata,India,yahoo.com,Android,CREDIT CARD,1976,5,No,0
CUST100313,Neha Verma,32,Male,287047,USD,67,GOLD,,,monthly,2540.82,1,0,2,Beauty,PUNE,IN,outlook.com,Web,CREDIT CARD,254,4,Yes,1
CUST100314,Vihaan Patel,63.5,female,1008984,INR,67,basic,10-02-2022,,Monthly,1714.09,10,8,2,Kids,MUMBAI,IN,company.com,Android,Wallet,1700,2,Yes,0
CUST100315,Rahul Iyer,29,female,307757,INR,33,Basic,,,Monthly,651.28,35,12,24,Gaming,Pune,india,gmail.com,iOS,CREDIT CARD,576,5,Yes,0
CUST100316,Ira Nair,50,MALE,684241,INR,88,Basic,,,Rarely,3020.99,1,0,1,fashion,Bengaluru,India,hotmail.com,IOS,upi,858,3,no,0
CUST100317,Riya Verma,27,Other,511664,INR,13,PLATINUM,30-10-2021,30-01-2023,Monthly,653.59,0,0,1,Books,Kolkata,india,gmail.com,IOS,upi,2323,5,no,1
CUST100318,Reyansh Rao,53,Female,266908,INR,49,silver,,,RARELY,2936.73,47,6,29.5,Kids,Lucknow,India,hotmail.com,Mobile,UPI,458,4,yes,0
CUST100319,Aarav Das,33,Other,492178,INR,51,Silver,,,Monthly,1746.33,9,4,5,gaming,mumbai,INDIA,gmail.com,IOS,CREDIT CARD,0,3,Yes,0
CUST100320,Ananya Nair,32,Male,132222,INR,56,PLATINUM,,,weekly,733.54,2,0,1,BEAUTY,Hyderabad,IN,gmail.com,IOS,Cash,763,1,No,0
CUST100321,Sai Sharma,43,FEMALE,1164048,INR,30,Basic,,,Rarely,1114.62,15,2,12,kids,hyderabad,India,company.com,iOS,Debit Card,1872,2,Yes,0
CUST100322,Neha Reddy,44,Female,268916,INR,4,Gold,,,Weekly,4704.15,15,0,14,KIDS,KOLKATA,India,gmail.com,IOS,upi,2113,4,No,0
CUST100323,Arjun Nair,21,MALE,873823,USD,70,Gold,,,Weekly,1312.01,39,26,14,Kids,chenai,India,gmail.com,IOS,upi,540,2,Yes,1
CUST100324,Aditya Das,26,Male,1472736,USD,35,silver,,20-03-2025,Weekly,1031.21,8,7,2,FASHION,Delhi,India,gmail.com,IOS,Credit Card,2300,5,No,0
CUST100268,Myra Reddy,33,Male,747787,INR,64,Gold,,,Monthly,2761.04,6,3,4,FASHION,Chennai,IN,rediffmail.com,web,Cash,759,5,No,0
CUST100326,Sai Reddy,26,male,290521,INR,59,PLATINUM,26-10-2023,,Monthly,4935.48,0,0,0,FASHION,CHENNAI,IN,hotmail.com,Android,CREDIT CARD,1853,4,No,0
CUST100327,Aditya Patel,34,Female,412930,INR,48,GOLD,,,monthly,996.63,33,7,27,FOOD COURT,Mumbai,India,outlook.com,iOS,Debit Card,1051,1,Yes,0
CUST100328,Reyansh Nair,35,FEMALE,651168,USD,58,basic,10-03-2025,,Weekly,1041.43,9,5,4,Kids,Jaipur,India,outlook.com,IOS,Debit Card,796,2,No,1
CUST100329,Ayaan Chopra,38,Male,278387,INR,54,Gold,,,Daily,1106.73,17,15,2,Fashion,jaipur,INDIA,gmail.com,web,Wallet,0,2,Yes,0
CUST100330,Ananya Chopra,37,Female,436153,INR,35,silver,,,monthly,1723.53,12,4,8,FOOD COURT,chenai,india,hotmail.com,web,upi,2678,5,yes,0
CUST100331,Meera Mishra,28,Other,766331,INR,48,PLATINUM,08-01-2025,,RARELY,1381.85,31,5,27,Fashion,AHMEDABAD,IN,gmail.com,iOS,Debit Card,1843,5,yes,0
CUST100332,Sai Joshi,28,Female,292973,INR,84,Silver,,,monthly,694.7,9,0,8,gaming,Hyderabad,India,yahoo.com,android,CREDIT CARD,1807,2,no,0
CUST100333,Arjun Patel,63.5,female,865153,INR,24,PLATINUM,22-02-2025,,monthly,2938.98,34,15,19,food court,mumbai,IN,GMAIL.COM,android,Wallet,556,4,No,0
CUST100334,Myra Verma,33,Male,769288,INR,53,Gold,19-05-2023,,Daily,1725.65,15,5,9,Gaming,AHMEDABAD,India,gmail.com,IOS,Credit Card,1066,5,No,1
CUST100335,Pooja Verma,29,Other,448386,INR,100,Silver,,,Monthly,2769.05,4,0,3,grocery,Kolkata,india,gmail.com,Android,upi,1367,5,No,1
CUST100336,Aadhya Chopra,27,Other,359670,INR,56,Gold,,14-08-2023,Monthly,1210.77,8,6,3,Home Decor,MUMBAI,India,company.com,Web,UPI,2089,4,Yes,0
CUST100337,Sara Reddy,36,Male,1205451,INR,45,Gold,17-03-2025,,Monthly,353.73,0,0,0,Sports,chenai,IN,yahoo.com,IOS,upi,488,4,No,0
CUST100338,Pooja Chopra,36,MALE,630832,INR,66,Silver,,,monthly,567.39,55,12,29.5,FASHION,Hyderabad,india,company.com,IOS,Debit Card,1015,2,No,0
CUST100339,Saanvi Singh,27,female,590789,INR,43,Gold,06-12-2021,,Monthly,2888.33,38,16,22,GAMING,Bengaluru,India,rediffmail.com,Mobile,Wallet,475,3,no,0
CUST100340,Myra Mishra,27,MALE,230455,USD,53,Silver,,,Monthly,3455.16,14,11,3,HOME DECOR,AHMEDABAD,IN,rediffmail.com,android,CREDIT CARD,2410,1,Yes,0
CUST100341,Aditya Reddy,33,MALE,403050,INR,46,Basic,,,monthly,818.62,1,0,0,Sports,delhi,India,GMAIL.COM,IOS,Credit Card,2529,1,Yes,0
CUST100342,Vivaan Patel,39,Male,510920,INR,59,Platinum,,,weekly,3609.86,12,2,10,Electronics,Bengaluru,india,gmail.com,web,Cash,428,2,Yes,0
CUST100343,Pooja Gupta,48,female,1182532,INR,41,Platinum,,,RARELY,1351.2,22,19,2,sports,Bengaluru,India,outlook.com,android,upi,63,3,Yes,0
CUST100344,Vivaan Das,40,FEMALE,929669,USD,31,Gold,,,Weekly,436.1,28,10,17,Sports,Delhi,India,hotmail.com,web,Cash,446,5,yes,0
CUST100345,Rahul Nair,40,Other,1,USD,25,Gold,,,weekly,4167.98,0,0,1,Sports,Hyderabad,INDIA,GMAIL.COM,Web,Wallet,1776,2,Yes,1
CUST100346,Diya Gupta,29,Female,372674,INR,30,Silver,,,Monthly,5899.62625,6,5,0,Gaming,Kolkata,INDIA,outlook.com,web,Debit Card,2046,3,no,0
CUST100347,Priya Verma,9,Male,738725,USD,61,Silver,,06-12-2025,monthly,1139.74,28,12,17,FASHION,Delhi,India,gmail.com,IOS,Credit Card,1343,2,no,0
CUST100348,Vihaan Kumar,32,female,435381,INR,64,GOLD,,,Rarely,275.2,6,4,2,GAMING,jaipur,India,hotmail.com,Android,Wallet,711,2,No,0
CUST100349,Aditya Khan,37,Female,1403424,INR,50,Gold,,,Weekly,4559.41,19,1,19,Grocery,Jaipur,India,outlook.com,Web,upi,943,3,yes,0
CUST100350,Meera Nair,36,MALE,1499662,INR,68,Platinum,07-12-2022,,RARELY,778.7,4,1,4,Gaming,jaipur,INDIA,outlook.com,Android,Cash,565,5,No,0
CUST100351,Riya Mehta,31,FEMALE,795589,INR,44,Silver,,,Daily,1244.37,31,0,29.5,Grocery,BENGALURU,India,GMAIL.COM,android,CREDIT CARD,1362,2,No,0
CUST100352,Krishna Verma,43,Female,452205,INR,61,Gold,19-07-2022,,Monthly,1460.23,15,5,10,Home Decor,Pune,India,yahoo.com,android,Wallet,421,5,Yes,0
CUST100353,Pooja Iyer,42,FEMALE,384589,USD,32,Basic,,,monthly,399.88,15,0,15,Fashion,jaipur,INDIA,hotmail.com,Desktop,UPI,1644,4,no,0
CUST100354,Reyansh Mishra,27,FEMALE,764884,INR,59,Gold,,,Daily,912.86,0,0,1,gaming,Bengaluru,IN,gmail.com,web,Credit Card,1810,7,Yes,1
CUST100104,Sai Khan,20,Male,453482,INR,84,Gold,,27-05-2025,Monthly,1280.02,5,1,4,FASHION,hyderabad,INDIA,gmail.com,web,Wallet,1810,4,No,0
CUST100356,Pooja Kapoor,23,MALE,410354,INR,31,Gold,,,Daily,3247.21,48,26,5,GROCERY,Mumbai,India,company.com,Desktop,Debit Card,0,1,yes,0
CUST100357,Aadhya Gupta,48,female,1363521,INR,27,GOLD,,,Monthly,1814.65,13,1,11,Grocery,Jaipur,India,gmail.com,Web,Credit Card,563,5,No,0
CUST100358,Sai Das,38,Male,377018,INR,84,Silver,,,Monthly,4491.93,55,1,29.5,Kids,BENGALURU,India,gmail.com,Android,UPI,1523,5,No,0
CUST100359,Kiara Kapoor,28,MALE,496194,INR,71,Silver,,,Weekly,1034.88,9,5,4,KIDS,Kolkata,India,gmail.com,IOS,UPI,1048,1,Yes,0
CUST100360,Saanvi Das,31,Male,932435,INR,52,Silver,,,Monthly,2021.51,17,4,13,electronics,pune,India,gmail.com,Desktop,Cash,1188,4,yes,0
CUST100361,Aarav Iyer,53,Other,998165,INR,77,Basic,,,Monthly,670.95,8,2,6,electronics,PUNE,India,outlook.com,Mobile,UPI,753,3,yes,0
CUST100362,Meera Patel,38,Female,783687,INR,58,basic,,,Monthly,784.81,4,3,1,BOOKS,Pune,IN,gmail.com,iOS,Credit Card,2644,1,No,0
CUST100363,Kiara Verma,5,female,1624964.875,INR,56,Gold,,24-01-2024,Monthly,2695.31,0,0,0,fashion,Jaipur,India,GMAIL.COM,android,Cash,2364,4,Yes,0
CUST100364,Ayaan Sinha,22,female,909052,USD,71,PLATINUM,18-11-2022,,RARELY,662.13,51,26,21,Kids,Hyderabad,India,outlook.com,Desktop,UPI,2114,1,Yes,0
CUST100365,Kiara Nair,26,Male,265834,INR,53,silver,,23-06-2025,Rarely,2326.45,36,0,29.5,FASHION,hyderabad,India,gmail.com,IOS,Credit Card,0,1,yes,0
CUST100366,Krishna Gupta,33,FEMALE,608782,INR,64,Gold,,,Monthly,2129.74,0,0,0,Gaming,delhi,India,company.com,iOS,upi,981,3,Yes,0
CUST100367,Riya Singh,20,Other,701363,INR,40,basic,,,RARELY,2768.22,6,4,2,Grocery,CHENNAI,INDIA,hotmail.com,IOS,upi,1411,5,Yes,0
CUST100368,Meera Joshi,33,MALE,754712,INR,81,Gold,24-11-2024,,Rarely,1014.45,41,21,19,Kids,JAIPUR,India,outlook.com,android,upi,684,3,yes,0
CUST100369,Priya Nair,33,Female,402467,INR,69,Silver,,,RARELY,2131.47,28,8,20,Kids,bengaluru,India,GMAIL.COM,iOS,upi,1753,2,No,1
CUST100370,Aarav Kapoor,17,female,651168,INR,84,basic,04-02-2021,,RARELY,1092.51,17,0,17,Beauty,MUMBAI,India,yahoo.com,IOS,UPI,908,4,Yes,0
CUST100371,Saanvi Khan,31,Female,651168,USD,100,Silver,,,Rarely,2512.93,2,1,1,FASHION,Jaipur,IN,yahoo.com,IOS,Wallet,1184,1,Yes,0
CUST100372,Sai Patel,33,Male,1080389,INR,34,Gold,,,Monthly,1343.64,55,6,29.5,food court,Mumbai,INDIA,gmail.com,web,Credit Card,1673,2,No,0
CUST100373,Pooja Singh,35,Other,878337,INR,78,GOLD,18-03-2024,,Monthly,1506.33,3,2,1,Electronics,ahmedabad,INDIA,outlook.com,android,upi,0,1,Yes,1
CUST100374,Sara Kapoor,48,Female,1066746,INR,21,Silver,,,Weekly,2513.64,49,26,17,grocery,Kolkata,India,hotmail.com,IOS,CREDIT CARD,2877,5,yes,0
CUST100375,Aditya Rao,24,MALE,364397,INR,54,basic,,,Monthly,1062.45,17,11,6,Gaming,pune,IN,outlook.com,Web,upi,2086,2,No,0
CUST100376,Krishna Mehta,36,female,1167809,INR,86,PLATINUM,,,Monthly,817.65,20,15,5,electronics,Hyderabad,india,outlook.com,android,Debit Card,1203,5,no,0
CUST100377,Saanvi Kumar,39,Female,1011748,USD,14,GOLD,23-11-2022,01-12-2024,Daily,1120.23,1,0,1,sports,PUNE,India,gmail.com,Android,upi,707,2,No,1
CUST100378,Vihaan Nair,33,Female,964951,INR,47,Gold,,27-10-2021,monthly,1717.6,20,10,9,Sports,Pune,IN,company.com,web,UPI,963,1,no,1
CUST100379,Vivaan Khan,33,MALE,267643,INR,51,Silver,,23-03-2025,monthly,546.93,26,4,23,Kids,PUNE,india,outlook.com,Web,Credit Card,1962,2,Yes,0
CUST100380,Ayaan Singh,33,Female,689553,INR,93,Gold,,,Rarely,1118.35,6,4,2,FASHION,Pune,india,gmail.com,Mobile,UPI,943,3,No,0
CUST100381,Vihaan Singh,33,Other,378335,INR,50,Platinum,,,Rarely,676.43,13,4,10,Grocery,KOLKATA,India,yahoo.com,Android,CREDIT CARD,1616,3,Yes,0
CUST100382,Arjun Patel,60,female,468932,INR,50,basic,,03-01-2026,weekly,1182.38,0,0,1,Food Court,JAIPUR,India,gmail.com,Web,Credit Card,489,4,Yes,0
CUST100383,Neha Iyer,49,female,170592,INR,68,Silver,,,Monthly,1372.94,46,26,16,home decor,Mumbai,India,company.com,Mobile,Credit Card,857,2,no,0
CUST100384,Neha Khan,31,FEMALE,201016,INR,79,Silver,,30-06-2025,Monthly,4325.28,22,2,21,FASHION,PUNE,IN,gmail.com,IOS,Cash,978,4,No,0
CUST100385,Meera Khan,34,MALE,1624964.875,INR,29,GOLD,,,Weekly,1408.02,12,10,3,Food Court,Pune,INDIA,outlook.com,web,UPI,1672,3,No,0
CUST100386,Vihaan Joshi,32,Female,1123562,INR,43,Platinum,24-08-2021,,Monthly,1799.2,0,0,1,Grocery,Pune,India,gmail.com,IOS,Credit Card,921,2,No,0
CUST100387,Arjun Das,33,Male,510724,INR,39,Gold,,21-12-2025,RARELY,1128.78,4,0,4,Books,Lucknow,India,gmail.com,android,upi,2336,2,no,0
CUST100388,Arjun Das,23,Male,406933,INR,73,GOLD,,,Monthly,1539.5,14,7,8,Electronics,ahmedabad,India,gmail.com,android,Wallet,2616,5,No,0
CUST100389,Vivaan Nair,44,Female,845110,INR,57,PLATINUM,,,weekly,1200.2,9,7,1,beauty,Bengaluru,IN,outlook.com,Desktop,upi,1835,1,yes,0
CUST100390,Neha Nair,33,Female,564298,INR,62,PLATINUM,,,weekly,1661.08,7,0,6,kids,JAIPUR,IN,rediffmail.com,IOS,Credit Card,971,2,Yes,0
CUST100391,Vihaan Reddy,41,Female,1624964.875,USD,55,basic,,,weekly,4383.89,9,7,3,Grocery,jaipur,india,hotmail.com,IOS,upi,2561,4,Yes,0
CUST100392,Myra Kapoor,50,MALE,1,INR,37,PLATINUM,,,Monthly,2394.88,6,1,5,ELECTRONICS,LUCKNOW,india,gmail.com,Mobile,Credit Card,313,5,No,0
CUST100393,Rahul Mehta,34,Male,270509,INR,31,Gold,,09-04-2021,Weekly,5692.25,16,4,11,Gaming,MUMBAI,India,yahoo.com,Mobile,UPI,1371,5,Yes,0
CUST100394,Priya Patel,29,FEMALE,677870,INR,100,Basic,,,Weekly,1095.91,40,12,28,Gaming,Lucknow,India,yahoo.com,Web,upi,925,1,no,0
CUST100395,Ira Iyer,33,Other,936498,USD,68,GOLD,,22-11-2022,monthly,2249.48,11,8,4,Gaming,Lucknow,india,gmail.com,Desktop,Wallet,1952,4,yes,0
CUST100396,Ira Joshi,24,male,470778,INR,78,Basic,,,Weekly,916.91,6,0,5,electronics,JAIPUR,IN,outlook.com,IOS,Credit Card,1314,5,No,1
CUST100397,Ananya Sharma,31,MALE,511131,INR,49,silver,,27-02-2026,monthly,851.49,15,11,4,Home Decor,Hyderabad,India,rediffmail.com,web,UPI,1679,2,No,0
CUST100398,Sai Joshi,36,MALE,588946,INR,6,Silver,,,weekly,3397.62,24,18,6,GAMING,pune,India,rediffmail.com,IOS,Credit Card,1341,1,no,0
CUST100399,Ira Kapoor,25,MALE,361768,INR,97,PLATINUM,,,Weekly,1029.25,6,3,2,Electronics,lucknow,India,GMAIL.COM,web,upi,527,1,No,0
CUST100400,Ira Sharma,35,female,797338,INR,26,silver,03-06-2023,,monthly,5899.62625,3,0,4,Food Court,Hyderabad,INDIA,hotmail.com,web,Wallet,1037,3,No,1
CUST100274,Aditya Joshi,38,MALE,651168,INR,12,Platinum,20-04-2021,29-04-2021,Monthly,2207.86,1,0,1,fashion,Bengaluru,india,gmail.com,IOS,CREDIT CARD,945,4,no,1
CUST100402,Ayaan Sinha,22,male,272063,USD,27,GOLD,,,RARELY,635.87,55,10,29.5,Kids,Hyderabad,India,gmail.com,Web,upi,1822,3,yes,0
CUST100403,Amit Patel,31,MALE,808341,INR,65,PLATINUM,23-01-2023,,Daily,1578.84,37,13,24,HOME DECOR,Mumbai,INDIA,gmail.com,android,upi,1021,4,No,0
CUST100268,Aarav Reddy,47,male,1624964.875,INR,16,Gold,,,Rarely,3164.39,1,0,1,Beauty,Bengaluru,India,GMAIL.COM,IOS,Credit Card,888,2,No,1
CUST100405,Pooja Singh,63.5,Other,322039,INR,53,Gold,22-06-2024,,weekly,2856.77,5,0,5,Books,chenai,India,outlook.com,Mobile,Credit Card,1479,4,yes,0
CUST100407,Reyansh Khan,31,Male,1297917,INR,59,Gold,,,Monthly,1183.29,20,14,5,Fashion,Kolkata,INDIA,gmail.com,Mobile,CREDIT CARD,1317,1,yes,1
CUST100408,Vihaan Joshi,25,female,753810,INR,88,silver,27-01-2021,,Daily,1611.83,10,9,2,Kids,PUNE,India,hotmail.com,Desktop,CREDIT CARD,1321,1,yes,0
CUST100409,Aarav Iyer,21,MALE,720150,INR,79,Platinum,,,Weekly,2021.92,11,0,11,Books,MUMBAI,IN,gmail.com,IOS,Credit Card,643,5,No,1
CUST100410,Sara Mehta,38,Male,562775,INR,35,Gold,,,Rarely,1756.95,6,5,2,Gaming,LUCKNOW,India,GMAIL.COM,web,Wallet,1342,5,Yes,1
CUST100411,Sai Kapoor,28,Other,600354,INR,70,silver,,,Weekly,1814.65,27,3,24,KIDS,Jaipur,India,GMAIL.COM,Mobile,Cash,1445,2,Yes,0
CUST100412,Ayaan Rao,26,female,134022,INR,60,Platinum,,,Monthly,2544.15,11,0,11,Fashion,bengaluru,India,gmail.com,Android,Credit Card,596,4,Yes,0
CUST100413,Aditya Nair,44,Other,351857,INR,34,Gold,13-03-2022,,Monthly,1400.24,4,2,3,electronics,BENGALURU,INDIA,outlook.com,iOS,Credit Card,2798,5,yes,1
CUST100414,Ananya Iyer,20,Male,953637,INR,67,silver,,,weekly,1523.14,36,5,29.5,grocery,delhi,India,company.com,Mobile,Wallet,871,5,yes,0
CUST100415,Ananya Das,26,Male,525574,USD,40,PLATINUM,,,Daily,1947.62,3,2,0,Electronics,Ahmedabad,IN,gmail.com,android,upi,447,2,Yes,0
CUST100416,Vivaan Sinha,37,male,1624964.875,USD,86,Basic,,,weekly,5471.68,41,14,26,Kids,bengaluru,India,gmail.com,Android,Cash,536,5,No,0
CUST100417,Sara Sinha,44,Male,1213688,INR,56,Silver,,,Daily,819.74,21,15,5,Beauty,Hyderabad,India,rediffmail.com,Mobile,Credit Card,1092,5,Yes,0
CUST100418,Ishaan Kumar,36,Male,801640,INR,57,Platinum,,,Daily,1394.7,33,10,23,GAMING,NEW DELHI,INDIA,GMAIL.COM,web,Credit Card,1618,3,Yes,0
CUST100419,Ananya Gupta,19,FEMALE,368937,INR,41,Gold,,,monthly,1832.21,55,26,27,Beauty,HYDERABAD,INDIA,rediffmail.com,Web,UPI,529,4,yes,1
CUST100420,Priya Verma,53,Male,548564,USD,100,Gold,,26-12-2025,Rarely,3176.58,21,2,20,food court,CHENNAI,India,gmail.com,iOS,upi,1057,2,No,0
CUST100421,Amit Sinha,42,Male,515957,INR,84,Platinum,,,weekly,1601.84,24,18,6,KIDS,ahmedabad,INDIA,outlook.com,Web,UPI,1834,3,Yes,0
CUST100422,Sara Mehta,22,Male,1624964.875,INR,45,Silver,26-09-2021,,Daily,2485.54,23,16,7,Food Court,AHMEDABAD,IN,gmail.com,Desktop,Credit Card,273,7,no,0
CUST100423,Sara Sinha,33,Female,1624964.875,INR,25,GOLD,,,weekly,3125.36,1,0,0,Beauty,BENGALURU,India,rediffmail.com,android,CREDIT CARD,1641,3,No,1
CUST100424,Arjun Mishra,46,MALE,912186,INR,81,Gold,,,RARELY,2577.7,27,21,6,Food Court,Bengaluru,India,gmail.com,IOS,upi,1517,2,Yes,1
CUST100425,Ayaan Mehta,43,Female,1624964.875,INR,29,Silver,,,weekly,991.01,55,26,3,fashion,jaipur,India,company.com,Desktop,UPI,1938,2,No,0
CUST100426,Aditya Gupta,23,Male,465718,INR,15,Silver,,,RARELY,4029.48,9,6,3,gaming,chenai,india,gmail.com,iOS,upi,1204,1,yes,0
CUST100025,Ishaan Khan,22,Female,731768,INR,100,Silver,,,weekly,1232.54,3,2,1,SPORTS,Hyderabad,India,gmail.com,Android,upi,1587,5,Yes,0
CUST100428,Neha Chopra,52,Male,368595,INR,97,Platinum,,,Monthly,5899.62625,5,0,5,SPORTS,ahmedabad,IN,rediffmail.com,web,CREDIT CARD,2027,4,Yes,0
CUST100429,Ishaan Iyer,33,MALE,785829,INR,62,Gold,,,weekly,4295.4,10,5,4,Beauty,BENGALURU,INDIA,gmail.com,android,Credit Card,381,4,Yes,0
CUST100430,Ishaan Verma,11,Male,979018,INR,59,Basic,,29-01-2026,Daily,3142.34,18,10,9,Food Court,CHENNAI,India,gmail.com,web,UPI,1116,2,Yes,1
CUST100431,Priya Mishra,22,FEMALE,661597,INR,47,silver,,,Daily,3058.99,55,26,14,Beauty,HYDERABAD,india,company.com,IOS,Debit Card,796,5,No,0
CUST100019,Ayaan Patel,20,FEMALE,1624964.875,INR,65,Silver,,,Daily,5204.33,16,4,12,sports,Chennai,INDIA,gmail.com,Mobile,upi,1232,1,No,0
CUST100433,Meera Khan,36,Female,788748,INR,23,Silver,,,Monthly,2366.72,9,0,9,Gaming,pune,INDIA,gmail.com,Mobile,upi,735,1,No,0
CUST100434,Sara Sinha,42,Male,636135,INR,54,Gold,,,Weekly,840.03,3,0,4,ELECTRONICS,Hyderabad,India,rediffmail.com,Android,Credit Card,1893,5,No,0
CUST100435,Riya Joshi,21,female,693739,INR,49,Gold,,,Rarely,688.12,49,26,3,Home Decor,Jaipur,India,gmail.com,Android,Debit Card,1516,2,Yes,0
CUST100436,Sara Gupta,33,MALE,434954,USD,36,Gold,,,Monthly,3490.52,10,4,6,BOOKS,Kolkata,India,rediffmail.com,android,upi,1212,5,yes,0
CUST100437,Kiara Kumar,32,male,565109,INR,55,Gold,,,weekly,5846.06,11,7,5,home decor,lucknow,IN,GMAIL.COM,android,Wallet,1183,3,No,0
CUST100438,Ananya Das,24,FEMALE,651168,INR,33,GOLD,,,Rarely,2168.05,2,1,1,beauty,JAIPUR,IN,outlook.com,Web,UPI,776,2,Yes,1
CUST100439,Ira Mishra,29,Male,1105717,INR,81,Gold,,,monthly,2920.56,23,5,17,home decor,Hyderabad,india,hotmail.com,IOS,upi,747,5,No,0
CUST100440,Vivaan Kapoor,40,Male,367197,INR,68,GOLD,,08-01-2024,RARELY,809.69,3,2,1,gaming,BENGALURU,India,gmail.com,Web,Credit Card,839,4,yes,0
CUST100441,Arjun Khan,37,Male,200152,INR,49,Basic,29-07-2022,,Daily,5082.97,12,3,1,FOOD COURT,AHMEDABAD,IN,company.com,Mobile,Credit Card,2108,5,Yes,1
CUST100442,Neha Singh,33,male,990368,INR,33,silver,,,weekly,2884.04,26,15,11,Gaming,Kolkata,IN,outlook.com,Web,Debit Card,1462,2,No,0
CUST100443,Ananya Chopra,13,Male,400851,INR,71,Platinum,,,weekly,4066.13,14,10,3,gaming,Hyderabad,IN,gmail.com,IOS,Wallet,1386,7,No,0
CUST100444,Neha Reddy,56,male,1475801,INR,19,Gold,,,Monthly,729.1,1,0,1,gaming,mumbai,INDIA,gmail.com,iOS,Credit Card,1534,1,No,1
CUST100445,Ishaan Rao,42,male,563955,INR,74,Silver,,,Daily,3090.07,10,1,9,sports,Mumbai,india,company.com,Android,Debit Card,775,1,yes,0
CUST100446,Diya Singh,15,Male,1359942,INR,88,PLATINUM,08-01-2022,18-02-2023,Monthly,1780.62,6,4,3,GAMING,Lucknow,India,gmail.com,Web,Debit Card,1680,4,Yes,1
CUST100447,Amit Kumar,58,Female,898939,INR,29,Silver,30-09-2024,06-03-2025,RARELY,1141.64,6,4,3,FOOD COURT,Chennai,India,yahoo.com,Web,Debit Card,2152,7,No,0
CUST100448,Rahul Chopra,36,FEMALE,547604,INR,80,GOLD,,,Rarely,2634.56,13,11,3,Beauty,bengaluru,IN,GMAIL.COM,iOS,CREDIT CARD,514,5,No,0
CUST100449,Neha Chopra,38,MALE,446558,INR,62,Silver,,,Monthly,2447.1,21,0,21,Kids,Mumbai,INDIA,rediffmail.com,Desktop,CREDIT CARD,53,5,yes,0
CUST100450,Aadhya Joshi,33,Male,799915,USD,59,Platinum,,06-10-2022,Rarely,2315.54,7,3,4,FOOD COURT,MUMBAI,India,hotmail.com,IOS,CREDIT CARD,1564,5,Yes,0
CUST100451,Sai Rao,3.5,female,545962,INR,79,Gold,,,Daily,839.87,14,11,4,Grocery,Delhi,IN,rediffmail.com,iOS,UPI,1858,2,No,0
CUST100452,Amit Sharma,42,Male,939842,INR,79,Platinum,15-08-2023,,Daily,4508.24,34,26,7,Beauty,Chennai,India,gmail.com,iOS,Debit Card,883,3,No,0
CUST100453,Priya Sinha,19,male,1245308,INR,53,Gold,,,weekly,5899.62625,5,2,2,Home Decor,lucknow,INDIA,gmail.com,IOS,Credit Card,368,3,No,0
CUST100454,Myra Singh,35,Male,682239,INR,52,PLATINUM,,,monthly,3859.24,13,12,1,Grocery,ahmedabad,INDIA,GMAIL.COM,IOS,Wallet,398,1,Yes,1
CUST100455,Vihaan Verma,56,MALE,651168,INR,55,GOLD,,,monthly,3218.8,0,0,0,HOME DECOR,Delhi,India,GMAIL.COM,Desktop,Credit Card,1399,1,Yes,0
CUST100456,Myra Verma,34,Other,885297,INR,83,PLATINUM,,,Weekly,781.44,0,0,0,fashion,AHMEDABAD,India,rediffmail.com,Mobile,Debit Card,387,3,Yes,0
CUST100457,Vihaan Gupta,42,Female,791850,INR,94,Gold,,10-11-2025,Daily,1261.8,5,1,5,BEAUTY,MUMBAI,India,yahoo.com,Mobile,Cash,2031,4,no,0
CUST100458,Ananya Reddy,8,Male,644316,INR,32,Silver,,24-02-2026,monthly,1957.79,17,9,8,Home Decor,AHMEDABAD,india,GMAIL.COM,Mobile,Cash,377,5,No,0
CUST100459,Vivaan Chopra,35,MALE,651168,INR,36,Platinum,,,RARELY,1677.5,33,3,29.5,BOOKS,CHENNAI,India,company.com,android,UPI,1260,4,Yes,0
CUST100460,Amit Joshi,49,FEMALE,540090,INR,37,PLATINUM,,,weekly,3180.8,7,4,3,HOME DECOR,MUMBAI,IN,outlook.com,IOS,CREDIT CARD,1387,4,No,0
CUST100461,Kiara Rao,47,male,706541,USD,64,Platinum,,20-08-2024,weekly,1692.06,0,0,0,sports,chenai,India,gmail.com,IOS,Debit Card,383,3,yes,0
CUST100462,Riya Gupta,45,MALE,568759,USD,18,Silver,02-08-2024,,weekly,1026.03,33,26,6,Food Court,Lucknow,India,gmail.com,web,CREDIT CARD,321,1,No,1
CUST100463,Reyansh Singh,20,female,1624964.875,INR,40,Gold,,,monthly,3900.48,44,26,2,Gaming,Bengaluru,INDIA,gmail.com,Web,Credit Card,1071,7,Yes,0
CUST100464,Arjun Rao,33,MALE,538817,INR,24,GOLD,,,monthly,5899.62625,7,3,3,GAMING,Chennai,india,hotmail.com,Android,UPI,754,5,Yes,0
CUST100465,Kiara Mishra,47,Other,361293,INR,71,PLATINUM,,,Rarely,935.91,7,2,6,food court,Kolkata,India,yahoo.com,Desktop,Wallet,794,2,Yes,0
CUST100028,Krishna Mehta,35,Female,954180,USD,34,Gold,,11-06-2023,Monthly,1536.33,7,6,1,gaming,Hyderabad,India,rediffmail.com,Android,CREDIT CARD,2427,4,yes,0
CUST100467,Reyansh Das,22,Male,664836,INR,30,Silver,,,RARELY,475.17,17,7,10,Kids,Lucknow,India,company.com,Mobile,upi,2341,5,yes,0
CUST100468,Aditya Reddy,32,Female,446167,INR,71,basic,16-12-2022,,Weekly,2150.49,-3,0,3,Fashion,Delhi,India,company.com,IOS,Credit Card,1243,1,Yes,1
CUST100469,Neha Nair,42,male,684607,INR,54,Gold,12-08-2023,09-09-2023,Rarely,955.58,22,6,16,GROCERY,CHENNAI,IN,gmail.com,Desktop,Credit Card,1830,4,Yes,0
CUST100470,Aarav Sharma,17,MALE,565340,INR,89,Gold,,,monthly,884.15,0,0,0,Grocery,AHMEDABAD,INDIA,outlook.com,iOS,Credit Card,718,0,no,0
CUST100471,Ishaan Singh,46,male,1624964.875,INR,61,Gold,11-06-2025,,Monthly,5899.62625,-3,0,3,ELECTRONICS,lucknow,india,yahoo.com,Web,UPI,0,2,No,0
CUST100472,Ira Verma,51,MALE,1109539,INR,43,Platinum,25-09-2021,,Rarely,1325.95,3,1,2,fashion,ahmedabad,India,yahoo.com,Web,CREDIT CARD,902,3,no,0
CUST100473,Sara Das,33,Female,1058531,USD,15,Gold,,,Monthly,735.53,28,25,4,Food Court,pune,India,outlook.com,android,upi,520,1,Yes,0
CUST100474,Pooja Nair,28,Female,658342,INR,67,Silver,,01-11-2023,Rarely,1193.64,4,3,2,Home Decor,PUNE,INDIA,yahoo.com,Android,UPI,1292,3,Yes,0
CUST100475,Aarav Chopra,39,Male,1112205,INR,54,Basic,25-07-2023,,Monthly,2427.16,17,13,4,Food Court,Lucknow,India,gmail.com,iOS,upi,0,5,Yes,0
CUST100476,Arjun Reddy,56,FEMALE,854478,INR,19,Platinum,,,weekly,5800.6,2,0,2,GROCERY,chenai,India,yahoo.com,IOS,Debit Card,677,3,Yes,1
CUST100477,Ira Kumar,19,Female,315573,INR,52,Platinum,,,weekly,4787.89,1,0,1,Books,delhi,India,rediffmail.com,iOS,UPI,2031,2,no,1
CUST100479,Arjun Mehta,30,Male,202852,INR,16,basic,,,Weekly,1765.68,7,6,0,Kids,ahmedabad,india,GMAIL.COM,Mobile,Credit Card,1015,4,Yes,0
CUST100480,Kiara Verma,23,male,384942,INR,11,Gold,,,Monthly,892.52,-3,8,22,home decor,lucknow,India,yahoo.com,iOS,Credit Card,1986,3,Yes,0
CUST100481,Aditya Gupta,21,male,469830,INR,50,Gold,22-07-2022,,Monthly,3315.95,28,14,14,Gaming,Bengaluru,INDIA,company.com,Web,Credit Card,2204,2,No,0
CUST100482,Pooja Reddy,44,MALE,651168,INR,69,Gold,,,RARELY,473.38,43,2,29.5,sports,JAIPUR,India,yahoo.com,iOS,Cash,399,2,no,0
CUST100483,Riya Sinha,17,male,769853,INR,48,Basic,,,Monthly,4409.07,13,0,13,Grocery,CHENNAI,India,yahoo.com,Android,Debit Card,1500,2,Yes,0
CUST100484,Myra Rao,39,Male,535059,INR,51,Gold,13-03-2022,26-08-2024,RARELY,330.01,18,12,6,food court,jaipur,India,outlook.com,iOS,upi,1199,4,No,0
CUST100485,Ayaan Reddy,50,female,1088769,INR,29,Gold,,27-02-2024,Weekly,3277.11,55,26,4,Kids,Kolkata,india,rediffmail.com,android,Cash,1136,1,Yes,0
CUST100486,Vihaan Singh,19,female,371115,INR,36,Gold,15-11-2021,,Monthly,1157.38,38,10,29,books,Chennai,IN,gmail.com,Mobile,Debit Card,2269,1,No,0
CUST100487,Aarav Gupta,31,Other,548024,INR,72,Gold,21-02-2022,,Daily,1666.06,11,0,10,Books,MUMBAI,IN,gmail.com,Web,Debit Card,1356,1,No,0
CUST100488,Kiara Singh,46,female,871025,INR,28,PLATINUM,22-01-2021,23-04-2022,Daily,1559.89,32,26,2,Gaming,KOLKATA,India,gmail.com,IOS,upi,1451,4,Yes,0
CUST100489,Neha Khan,27,FEMALE,347076,INR,46,PLATINUM,14-02-2022,,Weekly,2104.82,4,0,3,GROCERY,Kolkata,india,outlook.com,Web,Credit Card,1009,3,No,0
CUST100490,Vivaan Verma,36,Female,616467,INR,78,PLATINUM,27-05-2024,,Monthly,2636.45,55,0,1,ELECTRONICS,Mumbai,INDIA,rediffmail.com,IOS,UPI,2593,5,yes,0
CUST100491,Sara Iyer,38,FEMALE,646986,INR,75,Silver,,,weekly,1312.62,0,0,1,beauty,PUNE,India,outlook.com,web,upi,1980,2,yes,0
CUST100492,Reyansh Sinha,16,female,868593,INR,75,Gold,08-04-2021,,Rarely,1441.94,3,2,1,Grocery,Delhi,india,gmail.com,Desktop,Credit Card,2117,2,yes,0
CUST100493,Vivaan Kumar,40,female,959490,INR,79,Basic,,31-10-2022,Daily,871.73,0,0,0,GROCERY,Hyderabad,India,gmail.com,IOS,upi,1557,1,no,0
CUST100494,Vihaan Singh,42,Male,179086,USD,77,PLATINUM,,,monthly,1210.32,9,1,9,home decor,LUCKNOW,INDIA,yahoo.com,Android,CREDIT CARD,2277,5,Yes,0
CUST100495,Kiara Mishra,24,Male,1156186,INR,32,Basic,,29-11-2022,Rarely,5899.62625,1,0,2,kids,PUNE,INDIA,GMAIL.COM,Android,Cash,749,5,Yes,1
CUST100496,Saanvi Kapoor,25,Female,1100347,INR,50,silver,12-04-2021,,monthly,831.12,2,1,0,Kids,Bengaluru,India,gmail.com,IOS,upi,2227,3,Yes,1
CUST100497,Pooja Khan,20,Male,453535,INR,24,basic,,,monthly,1344.18,3,1,3,Grocery,ahmedabad,india,rediffmail.com,Mobile,Debit Card,1125,3,yes,1
CUST100498,Reyansh Mehta,20,MALE,120000,INR,42,Silver,,,RARELY,1084.4,8,6,3,ELECTRONICS,mumbai,India,GMAIL.COM,Web,UPI,766,3,yes,0
CUST100499,Ishaan Rao,33,Male,611099,INR,80,Basic,15-01-2022,,Monthly,2159.93,12,4,1,Beauty,Kolkata,INDIA,company.com,Mobile,UPI,900,2,Yes,0
CUST100500,Ishaan Singh,39,MALE,569806,INR,57,Gold,30-06-2023,22-10-2025,RARELY,921.09,15,3,12,Home Decor,Bengaluru,IN,outlook.com,Mobile,Credit Card,1165,5,No,0
CUST100501,Pooja Mehta,22,male,996730,USD,58,Platinum,28-11-2022,,weekly,3828.15,6,3,2,BOOKS,chenai,IN,GMAIL.COM,Mobile,UPI,1594,1,yes,0
CUST100502,Ayaan Khan,33,male,554620,INR,73,Silver,,,monthly,905.84,0,0,0,Food Court,jaipur,India,GMAIL.COM,Desktop,UPI,1830,3,Yes,0
CUST100503,Saanvi Reddy,33,female,249900,INR,36,basic,,,Daily,2477.14,5,2,4,Gaming,Kolkata,India,GMAIL.COM,web,UPI,832,1,yes,0
CUST100504,Amit Gupta,40,Male,557917,INR,16,basic,,16-01-2025,Monthly,2899.13,0,0,0,Fashion,jaipur,IN,gmail.com,IOS,CREDIT CARD,1906,1,Yes,1
CUST100505,Vivaan Patel,35,Male,651168,INR,22,Gold,,10-08-2025,Monthly,5780.28,6,4,3,Grocery,Jaipur,India,outlook.com,IOS,Credit Card,911,4,No,0
CUST100506,Ishaan Sharma,23,female,1442671,INR,38,Gold,13-01-2021,,Daily,1651.31,38,7,29.5,Grocery,jaipur,INDIA,yahoo.com,web,upi,1480,1,No,1
CUST100507,Pooja Reddy,47,MALE,1177294,INR,54,silver,,,RARELY,5899.62625,12,9,3,Electronics,pune,India,gmail.com,Android,Cash,693,3,yes,0
CUST100508,Aadhya Singh,19,Male,453647,INR,39,Gold,,,weekly,1867.5,10,0,9,Electronics,BENGALURU,India,GMAIL.COM,iOS,Credit Card,1486,5,Yes,1
CUST100509,Aditya Gupta,27,Male,1172448,INR,22,silver,25-07-2024,20-01-2025,RARELY,2419,28,11,17,electronics,Lucknow,India,gmail.com,android,CREDIT CARD,831,2,No,0
CUST100510,Saanvi Patel,26,male,1440884,INR,74,basic,,23-11-2025,weekly,1074.17,15,6,8,Home Decor,MUMBAI,IN,GMAIL.COM,IOS,upi,2498,4,Yes,0
CUST100511,Sara Singh,21,Male,665238,USD,62,PLATINUM,08-05-2025,,Rarely,1427.14,9,8,1,Gaming,Lucknow,INDIA,gmail.com,Desktop,Debit Card,1597,1,Yes,0
CUST100512,Saanvi Nair,31,MALE,458022,INR,1,Gold,,,weekly,1665.49,14,6,9,Grocery,Jaipur,India,GMAIL.COM,IOS,UPI,1446,2,No,0
CUST100513,Sai Singh,39,male,1005335,INR,49,GOLD,,,Monthly,3560.04,28,20,8,Electronics,ahmedabad,INDIA,hotmail.com,web,Cash,673,5,Yes,1
CUST100514,Arjun Das,26,FEMALE,200158,INR,81,silver,,,RARELY,5899.62625,17,2,14,sports,Kolkata,India,outlook.com,web,Cash,909,5,no,0
CUST100515,Ishaan Das,28,Male,593416,USD,38,silver,08-05-2021,,Monthly,1532.17,-3,7,4,Sports,Ahmedabad,IN,gmail.com,Desktop,Debit Card,755,5,yes,0
CUST100516,Aadhya Mehta,33,female,914848,INR,60,Gold,03-07-2022,28-06-2023,Weekly,1940.79,27,17,10,Gaming,BENGALURU,India,company.com,Mobile,UPI,323,5,No,0
CUST100517,Ira Sharma,34,Other,651168,INR,96,Platinum,20-04-2024,16-05-2025,RARELY,2111.94,2,0,1,beauty,lucknow,IN,hotmail.com,android,Cash,508,3,No,0
CUST100518,Reyansh Singh,33,Female,1250507,USD,28,Gold,24-05-2024,,Monthly,1741.85,0,0,1,kids,Delhi,india,outlook.com,Desktop,Cash,1184,3,No,1
CUST100519,Meera Khan,46,MALE,1535948,INR,75,silver,,,Rarely,2787.63,0,0,1,Beauty,Bengaluru,IN,outlook.com,android,upi,2149,2,No,0
CUST100520,Ira Kumar,42,MALE,373140,INR,51,Gold,23-07-2025,,Monthly,1841.7,11,6,6,Electronics,HYDERABAD,India,gmail.com,Web,upi,1525,4,Yes,0
CUST100521,Ishaan Das,38,MALE,803857,INR,67,Silver,30-03-2021,,weekly,2528.86,35,20,15,Kids,chenai,India,rediffmail.com,web,upi,1385,5,yes,0
CUST100522,Myra Sharma,33,MALE,980290,INR,74,Gold,03-12-2024,,RARELY,2108.55,20,2,19,fashion,Pune,India,gmail.com,iOS,Credit Card,549,5,Yes,0
CUST100523,Amit Rao,16,female,541038,INR,73,Gold,,,monthly,1281.33,15,5,10,Gaming,BENGALURU,India,GMAIL.COM,Desktop,Cash,541,3,Yes,0
CUST100524,Riya Iyer,3.5,MALE,692240,INR,41,Platinum,,,Monthly,1327.46,19,8,10,SPORTS,Bengaluru,INDIA,rediffmail.com,IOS,Wallet,882,2,no,1
CUST100525,Pooja Gupta,25,Female,1298210,INR,88,Platinum,,23-06-2026,Rarely,690.79,16,2,14,FASHION,Mumbai,India,company.com,web,upi,1196,5,No,0
CUST100526,Aadhya Sharma,33,Male,798179,INR,75,Silver,,,Weekly,1427.49,10,6,3,books,Pune,India,gmail.com,IOS,Debit Card,841,4,No,1
CUST100527,Krishna Mishra,21,MALE,531171,INR,24,Gold,03-11-2023,,Rarely,1560.75,5,3,3,SPORTS,Hyderabad,India,hotmail.com,Mobile,upi,1086,4,no,0
CUST100528,Neha Kapoor,27,MALE,939238,INR,49,Gold,20-10-2021,,RARELY,3885.01,24,21,3,BOOKS,LUCKNOW,India,gmail.com,iOS,Debit Card,1193,1,yes,0
CUST100529,Myra Chopra,38,Female,781513,INR,65,Gold,09-03-2025,,Monthly,877.81,50,15,29.5,home decor,Mumbai,india,company.com,IOS,Wallet,1066,5,yes,0
CUST100530,Priya Chopra,30,FEMALE,680679,INR,19,GOLD,,,Rarely,4127.12,3,2,1,beauty,CHENNAI,india,company.com,web,Credit Card,723,7,no,1
CUST100531,Sara Kapoor,33,Other,672388,INR,78,Silver,27-05-2021,,Monthly,1353.52,9,4,5,Sports,Mumbai,IN,gmail.com,android,CREDIT CARD,-50,5,No,0
CUST100532,Riya Sinha,17,MALE,969032,INR,32,GOLD,,,Weekly,3440.42,3,2,1,FASHION,PUNE,IN,GMAIL.COM,IOS,UPI,1146,4,No,1
CUST100533,Aditya Verma,23,Female,1624964.875,INR,59,Platinum,,,RARELY,2170.77,55,26,2,Grocery,HYDERABAD,india,outlook.com,Android,Cash,1080,5,Yes,0
CUST100534,Sara Sharma,49,Male,613244,INR,12,Silver,,,Monthly,4266.98,2,0,3,HOME DECOR,AHMEDABAD,IN,company.com,IOS,upi,168,2,No,1
CUST100535,Arjun Rao,34,Female,361972,INR,56,basic,15-04-2025,31-05-2025,weekly,2574.98,55,26,5,Gaming,Ahmedabad,INDIA,hotmail.com,Mobile,UPI,1082,5,Yes,1
CUST100536,Meera Patel,32,female,1119335,INR,41,Silver,09-06-2025,,Weekly,2384.97,29,26,1,Kids,Chennai,IN,gmail.com,android,upi,475,2,No,0
CUST100537,Myra Reddy,34,MALE,636152,INR,59,basic,,,Monthly,2577.03,9,0,8,Electronics,Kolkata,INDIA,rediffmail.com,IOS,Cash,1260,2,Yes,0
CUST100538,Ananya Khan,31,Female,1624964.875,INR,36,GOLD,13-11-2023,02-08-2025,Monthly,1546.54,0,0,0,BOOKS,jaipur,India,gmail.com,Mobile,Cash,752,1,No,0
CUST100539,Rahul Das,33,Female,1401799,INR,73,silver,,,Monthly,780.4,55,26,14,Home Decor,PUNE,India,GMAIL.COM,Android,Cash,604,4,Yes,0
CUST100540,Rahul Gupta,24,male,385230,INR,48,Basic,,,Weekly,1000.75,12,7,4,Books,Kolkata,india,GMAIL.COM,IOS,Cash,1613,1,no,0
CUST100543,Vihaan Kapoor,47,Male,1336795,USD,50,Platinum,,,monthly,2239.77,0,0,1,gaming,ahmedabad,India,rediffmail.com,web,upi,1780,3,Yes,1
CUST100544,Aditya Mehta,27,Female,634847,INR,54,PLATINUM,,,Daily,3249.95,16,0,16,Books,mumbai,India,hotmail.com,Web,upi,1485,3,No,0
CUST100545,Aditya Patel,21,female,735669,USD,61,basic,22-06-2023,,Weekly,2090.76,37,0,29.5,Fashion,LUCKNOW,India,yahoo.com,IOS,Credit Card,1468,0,No,0
CUST100546,Saanvi Mishra,32,Male,779438,INR,43,GOLD,,31-01-2026,Daily,806.17,-3,0,0,ELECTRONICS,KOLKATA,India,yahoo.com,iOS,Wallet,1825,1,Yes,1
CUST100547,Pooja Reddy,28,MALE,651168,INR,56,Basic,,16-11-2025,Rarely,1581.14,2,0,3,Food Court,Kolkata,INDIA,outlook.com,web,Debit Card,1805,2,No,0
CUST100548,Sara Rao,33,Female,906396,USD,53,Basic,,,weekly,1150.25,9,2,7,BOOKS,BENGALURU,INDIA,gmail.com,Desktop,Credit Card,2428,1,no,1
CUST100549,Sara Khan,45,MALE,1280065,INR,52,Basic,,,RARELY,1441.1,12,10,2,BEAUTY,Kolkata,India,gmail.com,web,Cash,1919,3,yes,0
CUST100175,Rahul Iyer,52,MALE,1624964.875,INR,50,Silver,,,Monthly,1946.17,18,15,4,fashion,Chennai,India,gmail.com,iOS,Credit Card,1427,5,No,0
CUST100551,Pooja Das,32,MALE,651168,USD,46,PLATINUM,15-07-2021,,weekly,5899.62625,2,0,2,Electronics,NEW DELHI,IN,GMAIL.COM,web,CREDIT CARD,1424,1,No,0
CUST100552,Myra Kumar,38,Female,1624964.875,INR,62,Gold,,,Daily,-250,33,2,29.5,food court,lucknow,India,gmail.com,iOS,Cash,742,2,Yes,0
CUST100553,Vivaan Das,39,Male,561099,INR,100,Silver,,,Monthly,359.19,55,15,29.5,Beauty,Pune,IN,gmail.com,Android,Credit Card,1752,5,No,0
CUST100554,Vihaan Nair,40,FEMALE,519789,INR,62,Gold,22-05-2023,,Weekly,1129.85,24,7,17,GROCERY,delhi,IN,gmail.com,Web,upi,1930,2,No,0
CUST100555,Ishaan Gupta,38,MALE,804303,INR,61,Gold,,,Monthly,4399.88,2,0,1,FASHION,Pune,india,hotmail.com,web,UPI,962,5,No,0
CUST100556,Aadhya Verma,30,MALE,544442,USD,47,Basic,14-05-2021,,Daily,662.49,7,5,3,HOME DECOR,MUMBAI,IN,yahoo.com,Mobile,Debit Card,1526,1,no,1
CUST100557,Diya Gupta,31,Female,468662,INR,57,Silver,11-01-2021,,Monthly,2681.6,35,9,27,electronics,Chennai,India,GMAIL.COM,Mobile,upi,1864,2,No,0
CUST100558,Vihaan Verma,34,male,713679,INR,61,Silver,,,Rarely,1469.53,1,0,1,Food Court,Chennai,India,gmail.com,iOS,UPI,2552,1,Yes,1
CUST100559,Aadhya Kapoor,48,Female,516272,INR,36,Platinum,20-08-2023,,Daily,3810.72,36,4,29.5,Gaming,PUNE,INDIA,rediffmail.com,Android,upi,0,4,Yes,0
CUST100560,Pooja Mehta,34,FEMALE,736970,INR,37,Gold,,,Weekly,2269.76,15,11,5,Beauty,Chennai,IN,gmail.com,iOS,Wallet,1054,4,No,0
CUST100561,Aadhya Singh,24,Female,659222,INR,79,GOLD,,,Rarely,1235.76,17,2,16,Beauty,mumbai,India,gmail.com,web,Credit Card,1381,2,yes,0
CUST100562,Kiara Mishra,46,Male,336376,INR,45,Gold,,,Rarely,3067.09,3,1,2,Fashion,hyderabad,INDIA,outlook.com,Web,UPI,1466,2,Yes,0
CUST100563,Reyansh Verma,40,Female,208143,USD,48,Gold,,15-10-2021,Weekly,854.01,41,15,26,Grocery,jaipur,India,outlook.com,web,CREDIT CARD,356,1,No,1
CUST100564,Aadhya Sharma,42,Female,430128,INR,28,Gold,,24-10-2025,Monthly,3203.95,8,7,1,Food Court,Chennai,India,company.com,Mobile,CREDIT CARD,1238,4,yes,0
CUST100565,Rahul Sinha,40,MALE,498900,INR,59,GOLD,20-08-2024,,Monthly,2651.45,2,1,1,Sports,chenai,india,outlook.com,iOS,Debit Card,389,4,Yes,0
CUST100566,Neha Mehta,35,Other,809558,INR,45,Silver,,20-01-2025,RARELY,3215.85,33,20,13,beauty,pune,India,gmail.com,android,upi,1203,2,No,1
CUST100567,Krishna Chopra,32,MALE,551903,INR,50,Gold,08-07-2025,19-09-2025,Monthly,3838.44,8,1,8,gaming,pune,india,yahoo.com,Android,Wallet,936,3,No,1
CUST100568,Meera Kumar,25,Male,1395660,INR,94,GOLD,06-05-2023,,Daily,5899.62625,2,1,2,food court,Hyderabad,IN,gmail.com,Android,Wallet,643,3,No,0
CUST100569,Aditya Joshi,12,female,270365,INR,65,basic,,,Daily,1814.65,19,8,11,FOOD COURT,lucknow,IN,hotmail.com,Android,Credit Card,683,2,yes,0
CUST100570,Ishaan Mishra,3.5,MALE,821749,INR,83,Platinum,17-05-2023,,Monthly,-250,26,22,4,Home Decor,Mumbai,INDIA,outlook.com,IOS,upi,2922.125,4,yes,1
CUST100571,Rahul Kumar,43,Other,1105927,INR,45,Basic,,,RARELY,1902.37,7,6,0,Books,Lucknow,India,gmail.com,iOS,CREDIT CARD,669,5,No,0
CUST100572,Diya Chopra,48,FEMALE,590032,INR,49,Platinum,,,RARELY,2527.67,55,26,23,Grocery,PUNE,India,gmail.com,IOS,Cash,1146,5,Yes,0
CUST100573,Ira Sinha,43,MALE,373535,INR,63,Silver,,,Monthly,2307.39,5,4,1,GROCERY,jaipur,india,hotmail.com,Web,Credit Card,1731,1,Yes,0
CUST100574,Rahul Rao,33,Male,1031927,INR,42,Silver,30-01-2023,,Weekly,282.94,29,20,9,Sports,KOLKATA,IN,yahoo.com,iOS,upi,2046,5,Yes,0
CUST100575,Priya Sinha,19,Female,651168,INR,14,Gold,,,Monthly,3074.75,10,0,9,Beauty,AHMEDABAD,india,gmail.com,Desktop,upi,1257,1,Yes,0
CUST100576,Sara Reddy,13,Female,559428,INR,52,basic,,27-01-2024,Weekly,874.23,20,13,7,fashion,Pune,India,yahoo.com,Android,Credit Card,1547,3,No,0
CUST100577,Neha Chopra,31,Female,311213,INR,57,PLATINUM,,,Rarely,5899.62625,22,14,9,FOOD COURT,Mumbai,INDIA,yahoo.com,Mobile,Debit Card,507,5,Yes,0
CUST100578,Reyansh Singh,63.5,male,325007,INR,38,PLATINUM,,30-06-2023,Weekly,2448.7,39,26,5,Grocery,chenai,India,hotmail.com,android,upi,1077,5,no,0
CUST100579,Pooja Gupta,21,MALE,962597,INR,78,Gold,,,Weekly,2294.33,42,2,29.5,HOME DECOR,Delhi,IN,rediffmail.com,iOS,Cash,377,2,yes,0
CUST100581,Meera Nair,32,Male,645167,USD,45,Gold,,,RARELY,1544.62,19,10,9,BOOKS,Ahmedabad,India,gmail.com,Android,Credit Card,1478,2,yes,0
CUST100582,Reyansh Patel,44,MALE,696607,INR,36,Gold,,,Monthly,1536.77,2,0,3,beauty,Chennai,India,gmail.com,Mobile,Credit Card,682,4,yes,0
CUST100583,Riya Mehta,30,Male,1127601,INR,54,Silver,07-12-2023,,Daily,2518.7,22,4,18,BOOKS,Pune,INDIA,hotmail.com,android,CREDIT CARD,1143,3,Yes,0
CUST100584,Myra Verma,35,male,648838,INR,69,basic,,26-06-2025,monthly,379.08,42,26,16,Kids,Jaipur,india,GMAIL.COM,IOS,upi,145,1,yes,0
CUST100585,Riya Verma,30,FEMALE,846453,INR,86,Silver,,,Daily,1873.92,12,7,5,Electronics,BENGALURU,India,gmail.com,android,Wallet,1577,4,Yes,0
CUST100586,Ira Sharma,22,Female,260131,INR,49,GOLD,,,monthly,1669.44,13,5,8,Books,Kolkata,INDIA,gmail.com,IOS,upi,339,3,Yes,0
CUST100587,Ira Mishra,40,Male,493505,USD,63,Platinum,,,Weekly,5899.62625,16,12,4,Grocery,JAIPUR,IN,hotmail.com,IOS,Cash,862,2,yes,0
CUST100588,Reyansh Iyer,38,FEMALE,255915,USD,67,Gold,,,Rarely,663.05,17,9,8,fashion,CHENNAI,india,rediffmail.com,Web,CREDIT CARD,43,5,Yes,1
CUST100589,Sai Nair,42,Female,651168,INR,58,Silver,,,Rarely,366.81,17,1,16,grocery,Kolkata,india,yahoo.com,IOS,Debit Card,2070,2,No,0
CUST100590,Neha Nair,25,Other,1068887,INR,62,PLATINUM,,,Weekly,1235.56,3,2,0,Fashion,lucknow,India,outlook.com,Mobile,Credit Card,918,3,No,0
CUST100591,Reyansh Rao,40,FEMALE,651168,USD,56,Gold,17-08-2021,27-12-2023,Rarely,1159.8,16,6,10,Gaming,CHENNAI,India,company.com,IOS,upi,578,5,no,0
CUST100592,Aarav Nair,30,male,560050,INR,53,basic,,12-07-2025,RARELY,3450.62,55,0,29.5,FASHION,Bengaluru,IN,gmail.com,IOS,Credit Card,1285,4,Yes,0
CUST100593,Ayaan Joshi,27,FEMALE,515117,USD,34,Silver,,05-04-2025,RARELY,1990.45,1,0,1,Sports,JAIPUR,INDIA,gmail.com,Android,UPI,1416,4,No,1
CUST100594,Kiara Sinha,54,MALE,288861,USD,100,GOLD,,,Monthly,3300.9,10,4,6,GAMING,BENGALURU,IN,company.com,iOS,Cash,899,3,no,0
CUST100595,Aditya Das,27,MALE,651168,USD,24,PLATINUM,26-08-2025,09-03-2026,Monthly,820.11,4,1,2,Food Court,bengaluru,India,yahoo.com,iOS,Credit Card,1379,1,yes,1
CUST100596,Amit Iyer,39,MALE,802242,INR,42,GOLD,09-01-2024,,Weekly,1127.4,4,2,3,Electronics,Bengaluru,India,outlook.com,Mobile,UPI,1585,2,No,0
CUST100597,Meera Sinha,56,male,985280,INR,73,Gold,,,Monthly,1304.41,10,1,9,BOOKS,Pune,India,company.com,iOS,Credit Card,163,4,yes,0
CUST100598,Amit Mishra,31,Male,1328314,INR,29,silver,,,Monthly,1517.52,1,0,0,Kids,Chennai,India,hotmail.com,IOS,UPI,937,3,No,1
CUST100600,Myra Iyer,47,Other,729755,INR,62,GOLD,,,Rarely,5899.62625,2,1,0,kids,delhi,INDIA,yahoo.com,web,CREDIT CARD,0,4,No,1
CUST100601,Myra Chopra,52,MALE,620335,INR,57,Basic,,,Rarely,2526.8,7,6,0,Beauty,Delhi,IN,outlook.com,iOS,Credit Card,81,4,No,0
CUST100602,Arjun Sharma,33,male,824257,INR,61,Basic,11-02-2025,,weekly,2420.72,34,9,25,Grocery,Hyderabad,india,company.com,Desktop,upi,1550,3,yes,0
CUST100603,Aarav Nair,27,Female,583179,INR,31,Gold,,16-06-2026,Monthly,1087.45,15,1,15,GAMING,Bengaluru,India,outlook.com,android,Credit Card,2537,5,No,0
CUST100604,Sara Nair,42,male,989097,INR,57,Silver,,02-07-2025,Weekly,2557.63,1,0,0,food court,Lucknow,IN,gmail.com,iOS,upi,2002,2,No,0
CUST100605,Krishna Sinha,63.5,MALE,977696,INR,28,Silver,,,Rarely,1213.9,6,4,2,Gaming,PUNE,india,hotmail.com,web,Credit Card,182,5,no,0
CUST100606,Aarav Mishra,14,FEMALE,294322,USD,52,Silver,,,RARELY,942.54,25,19,6,Beauty,Chennai,india,company.com,iOS,Credit Card,1191,5,yes,0
CUST100607,Saanvi Khan,32,MALE,350762,INR,100,GOLD,,,Daily,2226.51,-3,6,2,Beauty,jaipur,India,hotmail.com,Mobile,upi,1811,2,Yes,1
CUST100608,Ayaan Mishra,32,MALE,578387,INR,14,Silver,,,Monthly,3489.49,29,3,25,kids,Pune,India,yahoo.com,Android,Credit Card,469,2,yes,1
CUST100609,Ayaan Verma,20,Female,967777,USD,40,Gold,,,RARELY,1045.86,22,10,13,Grocery,Jaipur,India,company.com,IOS,Wallet,1287,2,Yes,0
CUST100610,Aarav Iyer,47,male,384146,USD,55,PLATINUM,,,Rarely,3117.2,13,9,5,HOME DECOR,Kolkata,IN,rediffmail.com,Mobile,upi,1848,2,No,0
CUST100611,Ayaan Khan,35,female,469005,INR,63,Platinum,,,weekly,5101.5,27,1,25,Grocery,chenai,India,gmail.com,Android,Wallet,1268,3,Yes,0
CUST100612,Amit Das,63.5,male,826598,USD,66,Gold,17-04-2025,,Monthly,462.87,25,9,17,Beauty,lucknow,India,GMAIL.COM,Mobile,CREDIT CARD,408,3,No,0
CUST100613,Reyansh Patel,28,Female,984048,USD,51,Silver,,25-01-2023,Daily,4170.81,8,2,6,FOOD COURT,Kolkata,India,yahoo.com,IOS,Credit Card,1372,4,no,0
CUST100614,Aditya Chopra,39,female,471243,INR,64,Platinum,,,Monthly,883.42,16,4,11,Home Decor,mumbai,India,yahoo.com,web,Cash,1502,1,No,0
CUST100615,Ayaan Das,29,MALE,292155,INR,65,Gold,,,Monthly,4137.17,37,26,7,Grocery,Jaipur,INDIA,gmail.com,iOS,Wallet,1553,5,No,0
CUST100616,Ananya Iyer,46,Female,249699,INR,13,silver,,,monthly,756.77,55,26,10,Kids,Mumbai,India,rediffmail.com,web,upi,1484,3,Yes,0
CUST100617,Vihaan Joshi,16,MALE,840686,USD,64,Gold,,15-09-2023,RARELY,5899.62625,7,6,0,KIDS,Chennai,India,GMAIL.COM,Web,Credit Card,2531,1,Yes,1
CUST100618,Neha Nair,24,Male,446386,INR,63,Silver,,,monthly,902.88,15,5,10,home decor,jaipur,IN,outlook.com,IOS,Cash,0,2,No,0
CUST100619,Myra Khan,33,FEMALE,134537,INR,48,Silver,17-07-2024,,Rarely,2458.17,7,6,0,kids,Mumbai,IN,GMAIL.COM,android,UPI,1460,4,yes,0
CUST100620,Ira Joshi,13,Female,651168,INR,28,basic,,,Rarely,941.83,12,8,5,Sports,chenai,India,gmail.com,android,upi,1238,1,No,0
CUST100621,Rahul Reddy,35,Female,651168,INR,19,Basic,,,Rarely,5899.62625,26,18,8,Sports,bengaluru,India,gmail.com,Desktop,upi,1019,5,No,0
CUST100622,Sara Sinha,37,FEMALE,465511,INR,73,PLATINUM,,,monthly,3182.87,50,26,24,Food Court,CHENNAI,India,GMAIL.COM,web,Credit Card,2171,3,Yes,1
CUST100623,Krishna Khan,31,MALE,529063,INR,48,PLATINUM,,,Rarely,1743.55,22,13,9,Books,CHENNAI,India,rediffmail.com,Mobile,upi,1282,3,No,0
CUST100624,Sara Reddy,13,male,1260206,INR,71,Silver,,09-05-2022,Rarely,2380.93,9,1,7,FOOD COURT,hyderabad,India,gmail.com,iOS,upi,2328,4,yes,0
CUST100625,Meera Patel,17,MALE,540080,INR,87,Platinum,16-03-2023,,Monthly,1221.32,5,4,1,Books,Delhi,India,outlook.com,IOS,upi,1197,3,yes,1
CUST100626,Ananya Patel,22,FEMALE,1624964.875,INR,14,Gold,,,weekly,1929.09,20,9,11,Fashion,BENGALURU,india,gmail.com,iOS,Debit Card,746,1,Yes,0
CUST100627,Ayaan Mishra,41,male,970453,INR,65,basic,,,Weekly,1947.46,10,2,8,GAMING,Pune,India,gmail.com,IOS,UPI,718,3,No,0
CUST100628,Aadhya Chopra,49,female,524629,INR,34,Gold,01-06-2022,17-09-2023,weekly,869.93,55,26,29.5,sports,Delhi,IN,gmail.com,web,upi,795,4,no,0
CUST100629,Aarav Das,46,FEMALE,1624964.875,INR,90,silver,,,Monthly,1721.08,0,0,0,Sports,CHENNAI,India,company.com,Mobile,Cash,1422,4,yes,1
CUST100630,Rahul Mehta,63.5,MALE,1040914,USD,39,Silver,27-01-2022,,Monthly,595.57,50,18,29.5,kids,CHENNAI,India,yahoo.com,Desktop,Debit Card,1148,1,No,0
CUST100631,Krishna Nair,36,Female,813819,USD,39,silver,11-10-2024,,Monthly,1760.23,10,6,4,GAMING,LUCKNOW,IN,hotmail.com,web,Credit Card,1578,2,Yes,0
CUST100338,Krishna Patel,14,MALE,478515,INR,45,Silver,16-01-2023,,monthly,2404.03,0,0,0,Fashion,Chennai,India,outlook.com,android,Debit Card,459,4,No,0
CUST100633,Priya Khan,31,Other,144302,USD,66,basic,,,Rarely,3909.7,28,15,13,BOOKS,Mumbai,INDIA,gmail.com,IOS,Credit Card,921,3,No,0
CUST100634,Aadhya Sinha,58,male,687299,INR,90,Silver,,,RARELY,945.78,50,13,29.5,Sports,Kolkata,India,hotmail.com,Mobile,CREDIT CARD,425,7,Yes,0
CUST100635,Ishaan Kumar,18,FEMALE,786726,INR,58,PLATINUM,,,Rarely,998.91,55,26,28,Food Court,Hyderabad,india,gmail.com,Mobile,UPI,544,3,Yes,1
CUST100636,Arjun Gupta,17,Male,1049802,INR,60,Silver,,11-05-2022,RARELY,844.96,35,19,15,books,Bengaluru,INDIA,hotmail.com,android,upi,1372,3,Yes,0
CUST100637,Neha Sinha,41,MALE,547799,INR,94,Basic,,,Monthly,4272.32,34,16,18,Gaming,Pune,IN,company.com,iOS,Credit Card,1209,5,yes,0
CUST100638,Krishna Iyer,38,MALE,557479,INR,47,Gold,,07-06-2024,RARELY,1330.54,5,4,2,Food Court,chenai,IN,hotmail.com,Android,Cash,1087,4,Yes,0
CUST100639,Neha Das,33,MALE,384203,USD,19,Gold,,,Weekly,3072.53,40,10,29.5,Gaming,KOLKATA,india,company.com,web,Wallet,1310,3,no,0
CUST100640,Vivaan Rao,37,FEMALE,603203,USD,67,basic,16-12-2022,,RARELY,4644.87,15,4,11,Food Court,Chennai,IN,hotmail.com,Mobile,Credit Card,1724,3,yes,0
CUST100641,Myra Mehta,51,Male,308096,INR,71,Silver,,,Rarely,519.71,7,0,8,ELECTRONICS,AHMEDABAD,IN,gmail.com,Desktop,upi,1647,5,Yes,0
CUST100642,Saanvi Sharma,30,Male,385480,USD,57,PLATINUM,20-11-2022,,Weekly,2270.93,8,7,1,electronics,bengaluru,India,company.com,IOS,CREDIT CARD,1054,3,yes,0
CUST100643,Sai Das,31,male,439677,INR,53,PLATINUM,08-01-2025,,Monthly,5899.62625,2,0,1,Sports,AHMEDABAD,india,yahoo.com,Desktop,UPI,1928,4,No,0
CUST100436,Sara Singh,53,MALE,-50000,INR,60,Silver,,,Rarely,4275.13,13,4,8,Beauty,HYDERABAD,india,outlook.com,Android,Cash,1289,1,yes,0
CUST100645,Ananya Chopra,15,Other,423433,INR,46,basic,,,monthly,-250,3,0,3,Fashion,AHMEDABAD,India,company.com,Web,UPI,1399,5,yes,0
CUST100646,Rahul Rao,38,MALE,740720,INR,66,Platinum,09-02-2022,,monthly,4912.16,2,1,0,sports,LUCKNOW,india,yahoo.com,IOS,Debit Card,1532,1,No,0
CUST100647,Riya Gupta,28,Other,270981,INR,48,PLATINUM,10-06-2025,05-02-2026,weekly,983.44,14,9,5,beauty,NEW DELHI,India,gmail.com,Web,UPI,1636,3,No,0
CUST100648,Sara Iyer,55,Female,956929,INR,11,Gold,,,Rarely,1965.27,55,26,21,Grocery,jaipur,india,outlook.com,Mobile,Cash,1436,3,Yes,0
CUST100649,Sara Mishra,36,MALE,536900,USD,67,basic,,02-09-2024,weekly,5899.62625,36,15,20,BOOKS,ahmedabad,India,outlook.com,Web,CREDIT CARD,729,5,no,1
CUST100650,Sai Iyer,32,male,559574,INR,90,basic,05-06-2023,,Daily,3692.3,2,1,0,Grocery,PUNE,IN,gmail.com,IOS,Cash,1268,3,Yes,0
CUST100651,Sai Iyer,29,Male,333750,INR,34,Platinum,24-12-2021,02-06-2023,Daily,5899.62625,27,15,12,Home Decor,delhi,INDIA,company.com,Web,UPI,1265,4,No,0
CUST100652,Aditya Patel,43,male,1249715,INR,63,GOLD,31-12-2023,,Rarely,1375.94,30,14,15,electronics,Chennai,India,gmail.com,Mobile,upi,679,3,Yes,0
CUST100653,Amit Mishra,41,Female,373848,INR,22,Gold,14-08-2021,,Rarely,5899.62625,6,5,0,Books,NEW DELHI,india,outlook.com,Android,UPI,1862,2,Yes,0
CUST100654,Saanvi Chopra,32,FEMALE,435629,INR,66,Silver,,,RARELY,813.47,9,4,4,Beauty,CHENNAI,INDIA,gmail.com,IOS,Credit Card,300,1,Yes,0
CUST100655,Rahul Nair,33,Male,651168,INR,45,PLATINUM,,,Rarely,2515.67,16,15,0,Food Court,jaipur,INDIA,gmail.com,Desktop,Credit Card,1935,5,No,0
CUST100656,Diya Joshi,44,MALE,463133,INR,49,Basic,14-03-2021,,Monthly,1478.93,9,8,1,Grocery,lucknow,IN,hotmail.com,Web,UPI,2001,3,no,1
CUST100657,Aarav Reddy,39,female,303455,INR,37,Gold,,,Rarely,1091.59,11,5,6,Grocery,jaipur,India,gmail.com,android,Credit Card,1606,1,no,0
CUST100658,Krishna Mishra,42,female,657131,INR,52,Silver,,,Weekly,2086.85,28,21,7,Books,jaipur,India,rediffmail.com,Web,Debit Card,1266,3,Yes,0
CUST100659,Vivaan Kapoor,31,MALE,427008,INR,49,Platinum,,,Rarely,1353.83,40,11,29,kids,CHENNAI,IN,gmail.com,IOS,CREDIT CARD,1274,5,Yes,0
CUST100660,Myra Joshi,32,Male,372459,INR,16,Gold,,27-09-2023,Monthly,679.44,35,10,25,GAMING,chenai,India,rediffmail.com,Android,CREDIT CARD,821,1,Yes,0
CUST100661,Ira Kumar,43,Female,1624964.875,INR,34,Gold,,,Weekly,3691.37,29,17,12,Books,BENGALURU,India,gmail.com,IOS,Wallet,1116,1,No,0
CUST100662,Reyansh Rao,41,Female,1302399,INR,65,Gold,,,weekly,369.24,4,0,3,Sports,Kolkata,INDIA,hotmail.com,iOS,Cash,543,4,Yes,0
CUST100663,Aadhya Das,32,MALE,1014521,USD,68,Gold,,,Weekly,1555.73,1,0,0,kids,lucknow,India,company.com,Android,Cash,1723,3,yes,1
CUST100664,Vivaan Mehta,35,Male,1349893,INR,55,Gold,,28-05-2024,Monthly,2401.26,53,26,13,books,Hyderabad,IN,company.com,IOS,Cash,495,5,Yes,0
CUST100665,Riya Rao,33,MALE,484767,USD,81,Basic,,,Rarely,1661.34,50,11,29.5,BEAUTY,JAIPUR,India,company.com,Web,Cash,1648,4,No,0
CUST100666,Ira Kumar,33,female,1096571,INR,32,GOLD,,06-06-2024,RARELY,2208.18,2,0,3,Fashion,Chennai,india,gmail.com,Desktop,upi,151,1,no,1
CUST100667,Arjun Reddy,34,female,386559,INR,33,Platinum,03-11-2022,,Monthly,3160.86,16,0,16,Grocery,Chennai,India,gmail.com,iOS,upi,337,4,no,0
CUST100668,Vivaan Mehta,44,Female,595934,INR,90,Gold,,,RARELY,2968.22,17,1,15,SPORTS,lucknow,IN,gmail.com,web,CREDIT CARD,984,2,No,0
CUST100669,Sara Mehta,52,FEMALE,671878,INR,52,Platinum,,,Daily,2884.48,9,6,4,FASHION,MUMBAI,india,outlook.com,IOS,Debit Card,828,2,Yes,0
CUST100670,Aditya Das,48,Female,361164,INR,41,Basic,,,RARELY,628.37,35,26,3,Gaming,KOLKATA,India,company.com,Mobile,Credit Card,796,5,No,0
CUST100671,Arjun Nair,33,Female,1446748,INR,37,Gold,,,Monthly,3138.41,55,3,19,books,chenai,India,company.com,Mobile,Cash,1652,4,Yes,0
CUST100672,Ishaan Gupta,49,Other,498292,INR,47,Silver,20-03-2022,,Monthly,627.2,22,5,16,Food Court,lucknow,India,outlook.com,Web,Wallet,913,1,no,0
CUST100673,Priya Gupta,6,MALE,955698,INR,66,PLATINUM,16-04-2022,,Weekly,411.42,39,26,13,beauty,Jaipur,INDIA,gmail.com,web,upi,863,1,No,0
CUST100674,Pooja Singh,3.5,MALE,435291,INR,71,Silver,,30-11-2022,Daily,1676.29,3,2,0,Beauty,HYDERABAD,India,rediffmail.com,Desktop,CREDIT CARD,1698,3,No,0
CUST100675,Aarav Singh,41,Other,306656,INR,55,GOLD,,,Monthly,1814.65,1,0,0,Beauty,Pune,India,hotmail.com,iOS,upi,2178,3,Yes,0
CUST100676,Ananya Khan,54,Male,424992,USD,22,Platinum,,,monthly,2262.48,49,15,29.5,KIDS,CHENNAI,India,hotmail.com,iOS,Credit Card,0,2,no,0
CUST100677,Sara Rao,57,MALE,165879,USD,60,Gold,,15-08-2023,weekly,612.75,12,8,5,FASHION,Delhi,India,gmail.com,android,UPI,862,3,no,0
CUST100678,Arjun Chopra,30,Female,589782,INR,34,Gold,,,RARELY,5015.88,1,0,0,sports,AHMEDABAD,India,yahoo.com,android,Credit Card,2364,4,Yes,1
CUST100679,Neha Iyer,37,MALE,1150375,INR,62,Silver,,14-12-2025,RARELY,570.3,0,0,0,sports,lucknow,India,GMAIL.COM,IOS,upi,136,1,No,0
CUST100680,Kiara Chopra,28,Female,1077174,INR,78,Gold,,,weekly,488.67,15,12,4,Gaming,PUNE,India,gmail.com,Mobile,upi,1035,5,yes,0
CUST100682,Kiara Khan,34,MALE,214808,INR,85,Basic,,,Rarely,597.15,8,1,8,Books,Mumbai,INDIA,gmail.com,Android,CREDIT CARD,778,4,yes,0
CUST100683,Ishaan Das,25,MALE,876560,INR,64,GOLD,24-07-2024,,Rarely,5899.62625,-3,0,2,books,delhi,india,gmail.com,Android,Debit Card,637,5,no,0
CUST100684,Meera Sharma,21,MALE,651168,INR,16,Platinum,,,Daily,2599.22,6,4,2,books,chenai,India,rediffmail.com,iOS,Credit Card,916,4,Yes,1
CUST100685,Aarav Sinha,51,Female,718500,INR,60,PLATINUM,,28-11-2025,Rarely,1031.72,0,0,1,KIDS,Ahmedabad,India,hotmail.com,Mobile,Credit Card,1384,4,no,0
CUST100686,Sara Sharma,19,FEMALE,651168,USD,52,Silver,,17-12-2024,RARELY,494.42,10,1,9,Home Decor,HYDERABAD,India,GMAIL.COM,web,Debit Card,398,5,yes,0
CUST100687,Myra Patel,25,Male,617006,INR,58,PLATINUM,,,Rarely,1465.12,10,8,2,grocery,Jaipur,IN,yahoo.com,IOS,CREDIT CARD,1013,2,yes,1
CUST100688,Aditya Patel,36,Male,677045,INR,34,silver,,,Daily,1500.62,9,2,8,Grocery,Kolkata,IN,gmail.com,IOS,CREDIT CARD,0,3,Yes,0
CUST100689,Amit Verma,40,Other,1082322,INR,77,Silver,07-05-2024,30-05-2025,Monthly,2630,31,1,29.5,Home Decor,Chennai,India,hotmail.com,Web,UPI,1893,1,No,0
CUST100690,Ishaan Kumar,37,MALE,1624964.875,INR,33,Basic,15-05-2023,,weekly,5899.62625,5,2,3,Books,MUMBAI,INDIA,company.com,android,Credit Card,577,2,No,0
CUST100691,Ananya Chopra,32,Female,894027,INR,17,Silver,,,RARELY,3409.49,24,21,2,home decor,Kolkata,India,gmail.com,Desktop,Cash,1064,1,Yes,0
CUST100692,Pooja Reddy,48,Male,835176,INR,100,PLATINUM,,27-12-2025,Daily,3978.63,43,22,20,SPORTS,Delhi,india,gmail.com,IOS,upi,2098,4,yes,0
CUST100693,Krishna Mishra,33,Female,1566705,INR,18,basic,,,Monthly,1596.7,16,15,1,home decor,Jaipur,India,outlook.com,Desktop,Credit Card,2059,5,Yes,0
CUST100694,Neha Rao,33,Male,1478722,INR,31,Gold,,,Daily,1003.67,11,5,6,Food Court,Lucknow,INDIA,GMAIL.COM,IOS,Wallet,766,1,Yes,0
CUST100695,Ayaan Reddy,16,Female,553239,USD,73,Platinum,,,Daily,1049.36,55,26,29.5,Sports,Delhi,India,outlook.com,IOS,Wallet,1433,1,yes,0
CUST100696,Saanvi Sharma,38,Female,906313,INR,51,Silver,,,RARELY,2316.06,14,2,13,Electronics,Kolkata,India,gmail.com,IOS,CREDIT CARD,1170,4,yes,1
CUST100697,Saanvi Mishra,41,MALE,171031,INR,28,basic,,,Monthly,5653.94,25,4,21,Kids,Chennai,IN,gmail.com,web,Debit Card,1161,4,Yes,0
CUST100698,Rahul Singh,9,Female,332900,INR,40,basic,,,monthly,1256.77,5,4,0,Grocery,KOLKATA,india,hotmail.com,web,upi,1347,3,Yes,0
CUST100699,Vihaan Mishra,39,Female,565186,INR,59,Silver,,,Daily,5899.62625,2,1,2,Gaming,delhi,IN,company.com,android,upi,2647,4,yes,0
CUST100700,Krishna Khan,14,MALE,1192349,INR,84,silver,,,Weekly,1103.31,10,7,3,Grocery,CHENNAI,India,gmail.com,web,Cash,555,4,No,0
CUST100648,Myra Rao,38,female,699762,INR,100,basic,,,Monthly,3837.11,22,11,10,Sports,HYDERABAD,IN,gmail.com,Desktop,upi,896,2,No,0
CUST100702,Arjun Verma,39,female,494408,INR,38,basic,,,Monthly,3522.32,8,7,1,KIDS,Pune,IN,gmail.com,iOS,Credit Card,796,5,Yes,0
CUST100703,Aarav Gupta,26,male,632085,INR,100,PLATINUM,29-06-2024,24-03-2025,monthly,1703.11,1,0,1,Grocery,bengaluru,India,outlook.com,iOS,upi,1917,2,yes,0
CUST100140,Riya Patel,56,female,470800,INR,59,Gold,28-10-2022,,weekly,5899.62625,46,22,24,Sports,Chennai,India,outlook.com,Mobile,Cash,1256,2,yes,1
CUST100705,Meera Reddy,45,MALE,651168,INR,85,Basic,,13-04-2024,Monthly,497.47,12,11,0,KIDS,Bengaluru,IN,outlook.com,android,CREDIT CARD,1002,4,No,0
CUST100706,Riya Patel,43,Male,356110,INR,100,basic,,,Daily,1861.32,43,3,29.5,Sports,AHMEDABAD,India,outlook.com,web,Credit Card,0,3,Yes,1
CUST100707,Pooja Iyer,34,Male,354975,USD,39,Silver,05-03-2021,,weekly,1814.65,55,26,28,Books,Kolkata,India,company.com,iOS,Wallet,2308,5,No,0
CUST100708,Amit Mehta,12,female,651168,INR,91,Gold,,30-10-2023,monthly,2015.85,7,3,5,Gaming,Delhi,INDIA,GMAIL.COM,IOS,Debit Card,1407,2,yes,0
CUST100709,Myra Iyer,10,Male,709987,INR,42,GOLD,,,RARELY,5899.62625,14,8,6,Sports,Ahmedabad,India,GMAIL.COM,web,upi,1584,3,Yes,0
CUST100710,Neha Mehta,38,female,896868,INR,45,silver,,,Rarely,546.15,2,0,2,Food Court,bengaluru,INDIA,company.com,Mobile,Credit Card,1497,1,no,0
CUST100711,Myra Chopra,29,Female,328311,INR,93,Silver,,14-02-2025,Monthly,474.07,7,3,5,Sports,NEW DELHI,india,gmail.com,iOS,CREDIT CARD,855,2,No,0
CUST100191,Ishaan Gupta,19,Female,679383,INR,49,silver,,,Rarely,292.61,39,26,8,beauty,Hyderabad,INDIA,yahoo.com,Mobile,upi,727,5,no,1
CUST100713,Riya Patel,34,MALE,295887,INR,57,Silver,09-07-2022,,RARELY,2541.78,39,26,4,Sports,Chennai,India,GMAIL.COM,web,Credit Card,1253,5,yes,1
CUST100714,Priya Sinha,40,MALE,358945,INR,81,Gold,,,Daily,432.48,14,1,13,Electronics,delhi,IN,GMAIL.COM,Mobile,Credit Card,922,5,no,1
CUST100715,Vivaan Rao,12,Female,818890,INR,38,Platinum,,,RARELY,2883.34,55,26,29.5,SPORTS,jaipur,India,gmail.com,IOS,upi,1137,4,yes,0
CUST100716,Ira Mishra,29,Male,1624964.875,INR,81,Basic,,,Weekly,1093.73,39,24,15,gaming,AHMEDABAD,India,rediffmail.com,IOS,CREDIT CARD,1489,4,Yes,0
CUST100717,Amit Das,52,FEMALE,1624964.875,INR,49,PLATINUM,17-07-2024,,Weekly,1850.47,10,8,3,beauty,Mumbai,IN,GMAIL.COM,IOS,upi,1274,5,Yes,0
CUST100718,Priya Mehta,46,MALE,622676,INR,58,basic,,06-06-2023,Rarely,1791.32,55,5,7,Grocery,KOLKATA,India,rediffmail.com,android,upi,432,2,Yes,0
CUST100720,Pooja Kumar,33,female,388919,USD,66,Gold,,,Weekly,426.39,10,2,8,beauty,hyderabad,India,gmail.com,IOS,Wallet,933,2,yes,0
CUST100721,Reyansh Nair,23,Other,681815,INR,79,Silver,,,Daily,1156.63,3,0,3,kids,BENGALURU,india,gmail.com,iOS,UPI,2058,5,No,1
CUST100722,Sai Singh,37,MALE,322957,INR,27,Gold,25-08-2025,11-06-2026,Daily,1348.82,0,0,0,sports,Kolkata,India,rediffmail.com,android,Wallet,1745,2,No,1
CUST100723,Amit Joshi,32,female,709297,USD,69,Basic,,,Monthly,865.61,9,3,6,Electronics,Lucknow,india,gmail.com,Mobile,Wallet,982,4,Yes,0
CUST100724,Aditya Sinha,27,male,579618,INR,49,Silver,08-03-2025,,Daily,598.68,0,0,1,Grocery,Bengaluru,IN,yahoo.com,Desktop,Wallet,1118,5,no,0
CUST100725,Reyansh Rao,24,Other,321216,INR,33,basic,,,monthly,965.56,5,1,5,KIDS,CHENNAI,india,hotmail.com,IOS,upi,1773,5,No,1
CUST100726,Vivaan Iyer,35,MALE,522956,INR,65,Silver,,19-01-2025,Rarely,431.43,2,0,3,books,JAIPUR,India,GMAIL.COM,Desktop,CREDIT CARD,1680,2,no,0
CUST100727,Ishaan Kumar,36,Male,551190,INR,40,Basic,,,monthly,1601.32,23,13,9,Kids,lucknow,India,rediffmail.com,Android,Credit Card,946,4,Yes,0
CUST100728,Diya Khan,17,Male,1624964.875,INR,21,Gold,,,Monthly,1195.08,11,8,2,Beauty,Chennai,India,rediffmail.com,Mobile,Credit Card,612,4,no,0
CUST100729,Riya Sinha,29,Female,1624964.875,INR,47,GOLD,,25-11-2021,Rarely,3447.98,53,26,8,Home Decor,PUNE,IN,yahoo.com,iOS,Debit Card,412,1,No,0
CUST100730,Vivaan Gupta,11,Female,1178131,INR,84,Silver,,,Rarely,878.07,31,26,3,Electronics,Mumbai,INDIA,hotmail.com,iOS,Wallet,1170,2,No,0
CUST100731,Krishna Mishra,18,Female,871212,INR,43,silver,,,Monthly,5899.62625,14,13,1,Beauty,Kolkata,India,gmail.com,IOS,UPI,1617,4,yes,1
CUST100732,Ishaan Rao,29,Other,447709,USD,60,Gold,,04-10-2022,Monthly,1765.56,14,11,2,BOOKS,Ahmedabad,India,rediffmail.com,IOS,Credit Card,2086,2,No,0
CUST100733,Priya Das,3.5,FEMALE,843210,INR,100,GOLD,24-04-2025,,RARELY,3096.98,15,0,16,ELECTRONICS,Kolkata,India,outlook.com,web,Debit Card,1641,1,No,0
CUST100135,Ananya Iyer,41,Male,651168,INR,54,Basic,,,Daily,1681.08,17,10,6,Fashion,Chennai,India,outlook.com,IOS,Wallet,410,5,Yes,0
CUST100735,Meera Chopra,36,MALE,1624964.875,INR,37,Silver,28-06-2025,,Monthly,1838.2,0,0,1,Gaming,Bengaluru,india,outlook.com,Desktop,upi,1532,4,No,0
CUST100736,Vihaan Patel,31,female,994941,INR,42,Silver,,15-04-2026,weekly,4044.67,10,2,8,Books,Lucknow,india,gmail.com,web,Cash,1868,2,No,0
CUST100737,Arjun Kumar,40,MALE,651168,INR,51,basic,,,Daily,1970.2,8,3,4,fashion,JAIPUR,INDIA,gmail.com,iOS,UPI,368,4,Yes,1
CUST100738,Aditya Sharma,28,Male,465751,INR,41,Basic,,,Monthly,724.23,22,6,16,home decor,pune,India,company.com,web,upi,1575,4,No,0
CUST100739,Ira Reddy,21,male,666069,USD,29,Silver,,06-04-2023,Weekly,565.73,12,0,12,fashion,Kolkata,India,gmail.com,android,CREDIT CARD,1285,2,no,0
CUST100740,Riya Kapoor,40,Male,1624964.875,INR,58,basic,,30-05-2025,Daily,4726.48,35,26,1,FOOD COURT,Ahmedabad,India,GMAIL.COM,web,CREDIT CARD,1830,5,yes,0
CUST100741,Priya Patel,43,Other,467089,INR,41,Silver,,,Rarely,1013.88,3,0,3,Food Court,hyderabad,India,gmail.com,iOS,Credit Card,2171,2,No,0
CUST100742,Riya Sinha,49,FEMALE,520485,INR,25,GOLD,,,Monthly,868.36,8,7,1,food court,Lucknow,IN,GMAIL.COM,iOS,upi,905,4,yes,0
CUST100744,Meera Rao,40,MALE,699404,INR,28,GOLD,,,Daily,1688.5,45,17,29,books,lucknow,IN,hotmail.com,Web,Credit Card,1294,1,Yes,1
CUST100745,Neha Nair,28,Female,1172519,USD,83,silver,08-11-2023,,monthly,1552.05,17,3,15,Electronics,Chennai,INDIA,company.com,Desktop,Credit Card,1976,4,yes,0
CUST100746,Aarav Verma,18,male,1035522,USD,52,Platinum,,,weekly,5513.06,55,7,12,Home Decor,CHENNAI,INDIA,GMAIL.COM,web,UPI,417,1,Yes,0
CUST100747,Aarav Joshi,29,female,674961,INR,98,silver,,,Weekly,2043.92,3,1,3,Grocery,Chennai,IN,gmail.com,IOS,Cash,1633,4,No,0
CUST100748,Vivaan Sinha,61,MALE,651168,INR,40,Gold,,,Monthly,295.84,10,6,5,kids,lucknow,IN,company.com,Mobile,Cash,1524,1,No,0
CUST100749,Sai Gupta,26,Female,437305,INR,62,PLATINUM,,24-12-2022,Monthly,1884.35,8,5,4,Gaming,HYDERABAD,INDIA,company.com,Mobile,Wallet,1454,4,yes,0
CUST100750,Reyansh Sharma,35,Other,633462,INR,37,GOLD,,,Daily,4400.74,27,0,26,books,jaipur,India,gmail.com,IOS,Wallet,2062,3,yes,0
CUST100751,Reyansh Gupta,35,Male,336662,INR,56,basic,,,weekly,3043.58,12,9,4,Grocery,JAIPUR,INDIA,rediffmail.com,Android,Credit Card,294,1,No,1
CUST100752,Sai Sharma,33,Female,1624964.875,INR,39,Gold,,,weekly,4097.04,4,3,1,Books,Hyderabad,india,outlook.com,android,Credit Card,757,1,No,0
CUST100753,Ayaan Chopra,34,female,518675,INR,21,Gold,23-12-2023,12-10-2024,Daily,4031.86,1,0,0,FOOD COURT,Hyderabad,india,outlook.com,web,Credit Card,1546,5,no,1
CUST100754,Ira Das,31,Other,1127870,INR,31,GOLD,,,Monthly,5899.62625,13,9,4,Electronics,mumbai,india,rediffmail.com,IOS,UPI,1199,3,yes,0
CUST100755,Arjun Nair,44,Female,1210010,INR,45,silver,,31-01-2024,Monthly,1396.28,21,16,5,Food Court,ahmedabad,IN,gmail.com,Android,Credit Card,1085,4,yes,0
CUST100756,Amit Sharma,48,MALE,1624964.875,INR,69,Platinum,,,Weekly,743.03,24,11,13,SPORTS,chenai,IN,rediffmail.com,web,Cash,466,4,yes,0
CUST100758,Diya Kapoor,32,female,380255,INR,43,Gold,,11-03-2025,monthly,2065.47,6,0,7,Electronics,Pune,IN,GMAIL.COM,Android,UPI,1844,1,Yes,0
CUST100759,Ira Iyer,27,Male,573297,INR,4,Gold,,20-05-2024,RARELY,2098.27,43,26,15,Beauty,delhi,IN,GMAIL.COM,Web,CREDIT CARD,310,4,Yes,0
CUST100760,Kiara Nair,44,MALE,600677,INR,58,Gold,,,Monthly,1274.96,16,6,10,books,PUNE,IN,GMAIL.COM,Web,Cash,104,3,yes,1
CUST100761,Aadhya Nair,20,Female,703794,INR,27,Silver,,,Daily,1177.91,14,5,10,Beauty,MUMBAI,India,rediffmail.com,Mobile,Wallet,1114,2,Yes,0
CUST100762,Kiara Mehta,48,male,651168,USD,59,Basic,,,Rarely,2714.25,8,6,2,Beauty,CHENNAI,IN,gmail.com,android,Wallet,636,4,yes,1
CUST100763,Sai Chopra,32,Male,883509,USD,64,PLATINUM,,,Daily,763.66,22,19,3,Electronics,Hyderabad,India,gmail.com,IOS,Debit Card,855,5,No,0
CUST100764,Aarav Gupta,46,FEMALE,204853,INR,1,PLATINUM,,,RARELY,1472.3,24,11,12,HOME DECOR,hyderabad,India,hotmail.com,Android,Wallet,1141,5,Yes,1
CUST100765,Sara Mishra,10,Male,823291,USD,61,Silver,,12-05-2024,Weekly,588.41,1,0,1,Fashion,AHMEDABAD,india,gmail.com,Android,CREDIT CARD,656,1,No,0
CUST100766,Sai Patel,63.5,Female,539293,INR,59,PLATINUM,,,Monthly,2610.72,4,2,3,FOOD COURT,Chennai,india,hotmail.com,android,Cash,1366,1,No,0
CUST100767,Neha Das,16,female,1186610,INR,48,GOLD,,,monthly,2537.55,1,0,1,food court,PUNE,india,hotmail.com,android,CREDIT CARD,2225,5,No,0
CUST100768,Rahul Sinha,33,Female,603277,INR,66,Silver,,,Rarely,1034.37,0,0,0,Sports,chenai,IN,gmail.com,Android,upi,2146,5,No,0
CUST100769,Arjun Khan,52,female,229458,INR,47,GOLD,,15-11-2025,Monthly,5899.62625,1,0,1,beauty,Delhi,India,GMAIL.COM,Desktop,Debit Card,1167,5,yes,0
CUST100770,Krishna Sharma,30,MALE,530769,INR,27,basic,,,Daily,4678.26,30,12,18,Electronics,chenai,IN,outlook.com,IOS,UPI,1464,1,No,0
CUST100771,Diya Kumar,14,Male,581190,INR,64,PLATINUM,14-02-2025,,monthly,1368.86,38,3,29.5,Gaming,JAIPUR,India,gmail.com,Web,upi,422,5,Yes,1
CUST100772,Myra Sinha,3.5,female,323515,INR,64,GOLD,01-10-2023,,monthly,2296.87,18,3,14,FASHION,Chennai,India,rediffmail.com,IOS,CREDIT CARD,463,3,No,1
CUST100773,Arjun Mehta,35,Male,333009,USD,45,silver,16-04-2025,25-01-2026,Monthly,1206.66,3,1,1,Electronics,Kolkata,IN,hotmail.com,IOS,upi,920,2,Yes,0
CUST100774,Aditya Singh,42,Female,651168,INR,32,silver,22-07-2022,,Monthly,4307.66,10,9,0,Food Court,Mumbai,India,gmail.com,Mobile,upi,1463,5,yes,1
CUST100775,Pooja Mehta,43,Female,362931,INR,40,Silver,,12-11-2023,Weekly,1632.09,27,10,17,HOME DECOR,Mumbai,India,company.com,IOS,Cash,1152,5,yes,0
CUST100776,Ishaan Rao,35,Female,297862,INR,24,Gold,,,Monthly,1164.37,9,8,0,HOME DECOR,Mumbai,INDIA,GMAIL.COM,web,upi,936,3,Yes,0
CUST100777,Sara Reddy,57,Male,1043886,INR,25,Gold,06-08-2022,,Weekly,977.5,8,5,3,Grocery,Hyderabad,india,yahoo.com,Desktop,Cash,2299,5,Yes,1
CUST100778,Sara Khan,24,female,419211,USD,50,Gold,,,Weekly,1408.95,13,11,2,SPORTS,Bengaluru,India,gmail.com,Web,Wallet,1406,3,No,1
CUST100779,Aadhya Das,44,Female,385278,INR,31,Silver,,,Rarely,1234.46,43,11,29.5,home decor,LUCKNOW,India,gmail.com,IOS,upi,1529,2,Yes,0
CUST100780,Vihaan Nair,34,Female,742932,INR,70,Platinum,27-05-2024,,Daily,3771.37,2,1,2,KIDS,Pune,india,outlook.com,IOS,Wallet,2273,1,Yes,0
CUST100781,Riya Das,44,MALE,651168,INR,83,basic,05-01-2024,,Daily,3224.75,8,6,2,Grocery,mumbai,INDIA,GMAIL.COM,Android,UPI,1206,5,Yes,0
CUST100782,Ira Khan,21,MALE,1153006,INR,39,Silver,,,Rarely,944.83,25,17,9,Electronics,Hyderabad,INDIA,rediffmail.com,android,Debit Card,96,4,No,0
CUST100783,Riya Sinha,21,Male,353188,INR,52,Silver,,,Daily,442.2,42,19,23,home decor,Kolkata,India,rediffmail.com,android,upi,923,3,No,0
CUST100784,Priya Verma,17,Female,679716,INR,47,Gold,,,monthly,-250,27,6,21,Books,Kolkata,INDIA,rediffmail.com,android,CREDIT CARD,1079,3,Yes,0
CUST100785,Pooja Sinha,43,Female,440537,INR,48,Gold,,,Rarely,641.81,33,25,9,FOOD COURT,Hyderabad,India,gmail.com,IOS,CREDIT CARD,1548,1,Yes,0
CUST100786,Arjun Chopra,36,Male,903088,USD,80,Gold,,,weekly,1822.4,0,0,0,Kids,Kolkata,India,hotmail.com,Web,Credit Card,573,1,No,0
CUST100787,Meera Das,47,FEMALE,474681,INR,22,basic,,,RARELY,576.07,3,0,4,Electronics,Ahmedabad,India,gmail.com,Desktop,Credit Card,1454,5,no,1
CUST100788,Aadhya Gupta,37,MALE,618268,INR,17,basic,03-09-2023,,Daily,4074.99,39,21,19,fashion,bengaluru,india,gmail.com,Desktop,upi,1042,1,No,1
CUST100789,Diya Mehta,37,Male,286129,INR,41,Basic,,,Monthly,5899.62625,12,11,2,Sports,ahmedabad,India,gmail.com,IOS,UPI,888,5,Yes,0
CUST100790,Sai Singh,27,MALE,348875,INR,47,Gold,,,RARELY,5705.42,20,6,14,Grocery,Chennai,India,gmail.com,IOS,UPI,852,5,yes,0
CUST100132,Neha Mehta,34,Male,423471,USD,46,basic,,,Rarely,1890.21,20,7,14,Fashion,Chennai,India,hotmail.com,android,Debit Card,1267,2,No,0
CUST100751,Ishaan Chopra,24,Male,789246,INR,43,Basic,,,Rarely,2362.91,32,21,12,HOME DECOR,Bengaluru,INDIA,yahoo.com,IOS,upi,1279,5,No,0
CUST100793,Aditya Khan,28,Female,597353,INR,54,Gold,,,monthly,454.28,11,0,11,Grocery,Bengaluru,India,rediffmail.com,Android,Credit Card,671,2,No,0
CUST100794,Amit Singh,54,male,178250,INR,61,Gold,,20-06-2024,RARELY,3448.98,20,5,16,books,Lucknow,IN,gmail.com,IOS,Debit Card,1386,3,yes,1
CUST100795,Vivaan Sinha,24,female,371257,INR,74,Gold,,03-07-2024,monthly,2806.41,19,18,1,SPORTS,LUCKNOW,india,GMAIL.COM,Web,upi,1039,2,No,0
CUST100796,Riya Rao,33,Female,640987,INR,78,Silver,19-04-2021,,RARELY,1271.51,5,2,2,Home Decor,Ahmedabad,India,yahoo.com,Web,Credit Card,749,4,no,0
CUST100797,Diya Reddy,12,Male,1125955,INR,63,Gold,,,Monthly,513.24,25,1,24,gaming,hyderabad,INDIA,company.com,IOS,upi,1497,3,No,0
CUST100798,Priya Mehta,49,Male,730995,INR,51,Basic,,12-08-2025,Rarely,2741.68,6,4,2,Electronics,KOLKATA,India,company.com,Desktop,Wallet,2680,1,Yes,0
CUST100799,Aadhya Mishra,42,Male,1186066,INR,52,silver,,26-01-2022,weekly,2068.16,1,0,1,books,Pune,INDIA,company.com,android,Debit Card,862,3,yes,0
CUST100800,Ayaan Kumar,30,FEMALE,1011465,INR,100,Platinum,,,monthly,5899.62625,2,0,3,Fashion,NEW DELHI,India,gmail.com,Android,Credit Card,1988,4,no,0
CUST100801,Pooja Mehta,14,MALE,651168,INR,67,Gold,,17-10-2024,Weekly,2779.12,6,2,4,Gaming,Ahmedabad,INDIA,hotmail.com,android,Credit Card,1526,4,yes,0
CUST100802,Sara Sinha,37,Other,651168,INR,31,basic,,,Monthly,1864.41,17,3,14,Books,lucknow,india,yahoo.com,IOS,upi,1374,1,yes,1
CUST100803,Reyansh Das,37,MALE,651168,INR,69,PLATINUM,,,RARELY,747.21,10,5,5,Sports,ahmedabad,India,gmail.com,IOS,upi,1561,4,yes,0
CUST100805,Sara Reddy,57,Female,368628,INR,50,Silver,,,Weekly,1994.68,55,26,1,FASHION,Mumbai,india,hotmail.com,Web,upi,1615,1,yes,0
CUST100806,Myra Kapoor,27,Female,1287577,INR,68,PLATINUM,,,Monthly,1632.96,0,0,0,Sports,Jaipur,India,gmail.com,Mobile,Credit Card,68,4,yes,0
CUST100807,Neha Iyer,33,Female,651713,INR,76,Silver,,28-02-2025,Rarely,1279.91,6,3,4,Electronics,CHENNAI,India,gmail.com,Android,Credit Card,1043,3,Yes,1
CUST100808,Diya Sinha,27,MALE,230175,USD,77,PLATINUM,,,weekly,2456.67,8,6,2,Beauty,mumbai,INDIA,gmail.com,IOS,upi,855,4,No,1
CUST100809,Myra Sinha,25,Male,542693,USD,97,PLATINUM,08-12-2021,,Monthly,1259.6,13,6,8,Electronics,KOLKATA,INDIA,gmail.com,android,Credit Card,777,2,Yes,0
CUST100810,Aadhya Mehta,24,MALE,967493,INR,63,Silver,,,RARELY,2584.65,2,1,1,SPORTS,lucknow,India,company.com,iOS,Cash,1011,1,Yes,0
CUST100812,Diya Joshi,24,male,628308,INR,19,silver,,13-04-2026,Rarely,2082.5,16,15,0,Grocery,BENGALURU,india,rediffmail.com,Desktop,Cash,1322,3,Yes,0
CUST100813,Sai Chopra,44,Female,669160,INR,53,Gold,,,Daily,577.91,8,2,5,electronics,delhi,India,GMAIL.COM,android,Credit Card,1199,3,No,1
CUST100814,Vihaan Das,36,Other,628681,INR,56,Platinum,,,monthly,3433.42,21,19,2,fashion,HYDERABAD,India,hotmail.com,Web,Wallet,1777,2,yes,0
CUST100815,Ayaan Verma,43,MALE,458596,INR,50,Gold,22-07-2025,07-03-2026,Weekly,1893.09,3,1,2,Fashion,Mumbai,India,outlook.com,Web,UPI,1082,1,no,0
CUST100816,Neha Chopra,29,MALE,716173,INR,62,basic,,,Monthly,1278.67,5,1,4,Kids,chenai,india,company.com,iOS,UPI,836,2,No,0
CUST100817,Neha Das,34,Male,1624964.875,INR,39,PLATINUM,,,Monthly,2571.97,55,22,29.5,fashion,JAIPUR,India,rediffmail.com,android,upi,913,2,No,0
CUST100818,Saanvi Mehta,53,male,359131,INR,26,Silver,,,Monthly,4420.46,8,5,3,electronics,Delhi,India,GMAIL.COM,web,upi,1201,2,Yes,0
CUST100819,Arjun Gupta,37,MALE,772730,INR,42,Silver,28-04-2021,,Monthly,4041.49,0,0,0,Home Decor,Chennai,India,GMAIL.COM,Android,Credit Card,962,4,No,0
CUST100820,Rahul Das,29,MALE,936108,USD,28,Silver,,,weekly,3094.9,4,3,1,Books,lucknow,india,gmail.com,Web,upi,970,2,Yes,1
CUST100821,Rahul Mehta,40,male,401967,USD,76,PLATINUM,,,Rarely,780.05,2,1,1,fashion,Kolkata,India,rediffmail.com,iOS,upi,1127,1,No,1
CUST100822,Ayaan Iyer,25,Other,533571,INR,56,Basic,,,Daily,1216.61,21,20,1,GAMING,JAIPUR,IN,rediffmail.com,iOS,Debit Card,124,3,yes,0
CUST100823,Ayaan Kumar,21,Male,992303,USD,55,basic,,,Monthly,622.39,1,0,1,Electronics,delhi,India,gmail.com,android,Credit Card,862,1,Yes,0
CUST100824,Sara Kumar,30,male,519185,INR,57,Silver,,14-04-2025,Monthly,4565.34,2,1,0,Sports,Chennai,IN,outlook.com,IOS,Debit Card,1203,1,No,0
CUST100825,Sai Patel,41,Male,1084766,INR,59,PLATINUM,,,Daily,902.81,15,1,14,HOME DECOR,Hyderabad,India,hotmail.com,Web,CREDIT CARD,1474,3,Yes,1
CUST100826,Priya Sharma,45,male,537996,INR,9,Gold,,,Monthly,1164.17,28,20,9,Fashion,bengaluru,India,company.com,web,upi,1801,3,Yes,0
CUST100827,Aadhya Iyer,28,MALE,553327,INR,80,Silver,,,Daily,1594.24,27,13,15,KIDS,Jaipur,India,gmail.com,iOS,Credit Card,2411,1,No,1
CUST100828,Ira Verma,45,male,434603,INR,50,basic,,,Monthly,755.32,39,23,16,Kids,NEW DELHI,India,yahoo.com,Web,Wallet,1309,4,Yes,0
CUST100829,Ishaan Khan,49,MALE,679332,USD,59,basic,14-04-2023,,RARELY,3350.15,55,26,29.5,Electronics,Lucknow,India,gmail.com,IOS,upi,361,1,No,0
CUST100830,Priya Sharma,35,FEMALE,1221168,INR,48,Silver,,,Rarely,2945.2,2,1,1,Gaming,jaipur,IN,hotmail.com,IOS,Wallet,1578,2,no,0
CUST100831,Sara Mishra,32,Female,380291,INR,87,Silver,08-06-2021,,Daily,963.75,25,19,6,Electronics,PUNE,IN,hotmail.com,IOS,upi,2414,3,Yes,0
CUST100832,Rahul Das,18,FEMALE,408016,INR,14,Gold,,,monthly,1144.13,3,1,2,HOME DECOR,delhi,IN,hotmail.com,IOS,Credit Card,1856,5,no,1
CUST100833,Ananya Kumar,36,FEMALE,1393773,INR,64,Gold,16-04-2024,17-12-2025,Monthly,2406.48,18,3,15,Home Decor,Bengaluru,India,hotmail.com,Android,upi,1433,5,Yes,0
CUST100834,Kiara Mishra,24,MALE,410876,USD,86,silver,07-09-2023,07-03-2025,RARELY,3563.15,1,0,1,Electronics,jaipur,IN,gmail.com,Desktop,upi,1680,3,Yes,0
CUST100835,Krishna Gupta,24,Other,847167,INR,62,Gold,,,weekly,2349.41,0,0,0,HOME DECOR,PUNE,IN,gmail.com,Mobile,Cash,1732,1,No,1
CUST100836,Vivaan Verma,33,Female,226265,INR,52,silver,13-03-2022,22-04-2024,Daily,3550.57,16,7,9,Books,JAIPUR,INDIA,gmail.com,android,upi,181,4,yes,0
CUST100837,Saanvi Sharma,63.5,Female,1292182,INR,35,silver,02-01-2023,,weekly,3948.14,55,25,29.5,kids,Hyderabad,India,hotmail.com,web,CREDIT CARD,870,2,yes,0
CUST100838,Priya Sinha,24,Female,835581,INR,51,Platinum,,,weekly,3026.08,0,0,1,GAMING,pune,india,rediffmail.com,web,Debit Card,338,5,Yes,0
CUST100839,Riya Joshi,33,MALE,1624964.875,INR,99,Platinum,,,monthly,1061.55,1,0,1,HOME DECOR,ahmedabad,IN,outlook.com,Android,Wallet,1379,3,No,0
CUST100840,Saanvi Verma,50,Male,279013,INR,30,Silver,,,Weekly,1077.98,13,8,5,Beauty,MUMBAI,India,gmail.com,android,Credit Card,1217,2,No,0
CUST100841,Arjun Joshi,40,Male,427406,INR,58,GOLD,03-05-2023,,Monthly,3511.66,23,9,15,Grocery,jaipur,India,outlook.com,android,Cash,1531,3,No,0
CUST100842,Sara Gupta,52,FEMALE,273937,USD,42,silver,28-05-2022,14-06-2022,Monthly,1706.57,6,4,1,HOME DECOR,BENGALURU,India,company.com,android,UPI,2078,3,yes,0
CUST100843,Priya Khan,15,MALE,1187164,INR,38,Gold,,29-09-2025,Monthly,1821.27,3,2,1,beauty,KOLKATA,IN,GMAIL.COM,web,Debit Card,1726,5,No,0
CUST100844,Amit Singh,31,Male,930552,INR,42,Silver,,,Daily,4174.43,0,0,1,Fashion,Hyderabad,India,gmail.com,Mobile,Cash,1864,2,no,0
CUST100845,Diya Reddy,31,Female,210322,USD,45,Silver,,,Daily,1471.37,12,7,4,Books,Hyderabad,India,gmail.com,web,CREDIT CARD,1221,5,no,1
CUST100846,Myra Patel,21,MALE,723366,INR,37,Platinum,,28-01-2024,monthly,818.59,0,0,0,Gaming,Kolkata,india,gmail.com,Desktop,Credit Card,1630,5,Yes,0
CUST100847,Meera Sharma,34,MALE,770347,USD,28,Basic,,,Monthly,1220.81,15,13,1,Fashion,Lucknow,IN,gmail.com,IOS,upi,1345,2,yes,0
CUST100848,Pooja Chopra,60,male,392596,USD,52,silver,,,Rarely,601.83,8,4,4,food court,Kolkata,India,hotmail.com,web,CREDIT CARD,447,1,Yes,0
CUST100849,Ishaan Sinha,42,MALE,1162506,INR,56,Basic,,,Weekly,2891.74,19,7,12,books,mumbai,India,hotmail.com,android,Credit Card,756,2,Yes,0
CUST100850,Aditya Singh,25,FEMALE,1203512,INR,45,PLATINUM,16-09-2021,,Daily,5093.69,24,15,9,gaming,lucknow,India,yahoo.com,IOS,upi,879,7,Yes,0
CUST100851,Priya Sharma,34,MALE,876645,INR,80,Gold,26-01-2025,,Rarely,2043.5,11,5,6,gaming,Jaipur,India,GMAIL.COM,web,Credit Card,1853,4,yes,0
CUST100852,Vihaan Das,42,Male,690482,INR,90,basic,15-01-2025,28-02-2026,monthly,-250,38,1,29.5,BOOKS,KOLKATA,India,gmail.com,Mobile,upi,1309,5,Yes,1
CUST100853,Myra Khan,40,female,722576,INR,55,Basic,,,RARELY,1393.9,3,2,2,grocery,mumbai,IN,company.com,android,Cash,2129,4,Yes,0
CUST100854,Meera Khan,34,Male,556286,INR,54,Silver,,,monthly,1885.06,19,14,6,Beauty,LUCKNOW,India,company.com,Android,UPI,717,4,Yes,1
CUST100855,Vihaan Nair,58,Male,651168,INR,44,silver,03-08-2022,09-04-2023,Monthly,3345.41,5,2,3,HOME DECOR,hyderabad,India,yahoo.com,iOS,Credit Card,1797,3,No,0
CUST100856,Amit Chopra,30,Male,417318,INR,54,Gold,,04-04-2025,Monthly,3314.19,3,1,1,Home Decor,HYDERABAD,India,company.com,IOS,Cash,346,4,Yes,0
CUST100857,Vivaan Khan,39,MALE,446226,USD,56,PLATINUM,,02-10-2025,monthly,2485.81,15,3,13,GAMING,NEW DELHI,India,hotmail.com,Android,Debit Card,1339,2,yes,0
CUST100859,Meera Iyer,41,Female,1472619,INR,72,Silver,,,monthly,3212.88,22,17,5,Kids,Chennai,INDIA,GMAIL.COM,web,CREDIT CARD,2088,7,No,0
CUST100860,Pooja Gupta,33,MALE,1208802,INR,22,Silver,30-07-2024,13-12-2024,Rarely,5899.62625,2,1,2,sports,Delhi,IN,outlook.com,android,Credit Card,250,4,yes,0
CUST100861,Ayaan Mehta,14,female,577473,INR,100,Silver,,03-12-2023,Daily,3585.52,21,8,12,Home Decor,jaipur,India,outlook.com,web,upi,1941,1,Yes,0
CUST100862,Saanvi Mishra,20,Male,374418,INR,100,PLATINUM,,,RARELY,543.56,3,0,4,HOME DECOR,delhi,IN,rediffmail.com,Android,upi,1446,1,no,0
CUST100863,Neha Joshi,37,Female,651168,INR,82,Silver,22-09-2024,28-04-2025,Monthly,240.58,16,10,6,sports,Mumbai,India,yahoo.com,Desktop,Cash,1565,4,No,0
CUST100864,Pooja Kumar,32,Female,1624964.875,INR,83,silver,,,Monthly,3305.98,21,8,13,Beauty,Delhi,India,gmail.com,Web,CREDIT CARD,1777,4,no,0
CUST100865,Reyansh Chopra,39,Male,335570,INR,56,silver,18-02-2021,,Rarely,1387.26,31,19,13,Grocery,Lucknow,India,gmail.com,Mobile,Debit Card,426,4,yes,0
CUST100866,Sai Gupta,52,MALE,320140,INR,31,Platinum,,,Monthly,1111.36,33,14,18,Kids,mumbai,India,outlook.com,Android,upi,372,5,yes,0
CUST100868,Meera Sharma,33,female,1361106,INR,40,Silver,,,weekly,3214.52,55,26,29.5,SPORTS,Mumbai,India,gmail.com,Mobile,Wallet,1134,5,No,0
CUST100869,Riya Mehta,18,male,617153,INR,41,Silver,,,RARELY,1217.55,-3,0,22,KIDS,NEW DELHI,india,outlook.com,IOS,Wallet,772,1,Yes,0
CUST100871,Ira Patel,49,FEMALE,805162,INR,63,PLATINUM,17-07-2025,,Monthly,892.12,4,2,1,Sports,Kolkata,India,rediffmail.com,iOS,UPI,1062,1,Yes,0
CUST100872,Aadhya Rao,48,Other,277111,INR,16,PLATINUM,,,Monthly,1980.6,23,2,20,Fashion,PUNE,India,company.com,Web,Cash,2016,2,yes,0
CUST100873,Meera Patel,40,male,1189745,USD,66,Silver,,,Monthly,4527.76,22,9,12,books,bengaluru,INDIA,company.com,android,UPI,693,5,Yes,0
CUST100874,Amit Mishra,33,Male,651168,INR,39,Silver,,,Monthly,1443.54,12,5,6,SPORTS,ahmedabad,IN,gmail.com,Web,Debit Card,1686,1,No,0
CUST100875,Aditya Reddy,33,FEMALE,615016,INR,36,Basic,21-06-2025,15-05-2026,monthly,4067.61,55,26,28,electronics,chenai,India,gmail.com,Desktop,Credit Card,1722,4,No,0
CUST100876,Aadhya Mishra,19,Female,828928,INR,49,Silver,23-07-2021,,Rarely,1290.84,55,9,29.5,HOME DECOR,Delhi,INDIA,gmail.com,IOS,Cash,722,5,No,0
CUST100877,Aarav Joshi,43,MALE,154026,INR,42,GOLD,12-11-2023,,Monthly,1244.2,38,1,29.5,Grocery,Ahmedabad,IN,yahoo.com,android,Wallet,1719,5,Yes,1
CUST100878,Saanvi Reddy,47,Female,579708,USD,40,Basic,28-08-2024,,Monthly,835.77,7,5,2,Sports,AHMEDABAD,india,gmail.com,web,Debit Card,2051,1,No,0
CUST100726,Sara Sharma,3.5,female,518349,INR,80,Platinum,,,RARELY,667.34,8,7,1,Books,Chennai,India,company.com,web,Credit Card,388,3,No,0
CUST100880,Pooja Khan,28,MALE,456296,INR,79,Platinum,,,RARELY,3259.39,3,2,1,Home Decor,Jaipur,India,gmail.com,iOS,UPI,1107,4,Yes,0
CUST100881,Rahul Chopra,42,female,260654,INR,85,silver,,31-03-2024,Weekly,1814.65,26,14,12,grocery,Bengaluru,India,yahoo.com,Android,upi,837,1,Yes,0
CUST100882,Meera Chopra,46,female,428005,USD,32,Platinum,,,RARELY,3283.59,16,0,16,home decor,delhi,India,yahoo.com,Web,CREDIT CARD,210,2,Yes,1
CUST100883,Ananya Nair,63.5,MALE,864773,INR,55,Platinum,,20-02-2026,RARELY,3110.48,12,6,4,Home Decor,Mumbai,india,yahoo.com,Web,CREDIT CARD,715,1,Yes,0
CUST100884,Ira Chopra,33,MALE,291923,INR,35,Silver,,,weekly,5899.62625,9,4,4,BEAUTY,Lucknow,india,rediffmail.com,Web,Credit Card,1235,4,no,1
CUST100885,Aarav Singh,27,female,1121140,INR,63,Gold,,15-04-2026,Weekly,1649.93,5,2,3,BOOKS,delhi,India,GMAIL.COM,android,Credit Card,2728,0,yes,0
CUST100886,Amit Rao,48,Female,651168,INR,54,PLATINUM,06-03-2025,,Weekly,1814.65,34,21,14,Sports,Mumbai,India,gmail.com,android,Cash,0,5,yes,0
CUST100887,Neha Joshi,40,Female,1624964.875,INR,70,Gold,,,monthly,1581.77,5,1,5,Kids,pune,India,GMAIL.COM,Web,UPI,1686,1,Yes,0
CUST100888,Ishaan Mishra,30,MALE,454319,USD,83,basic,,07-10-2024,monthly,1581.11,5,3,2,Kids,Pune,India,rediffmail.com,iOS,Cash,457,1,No,0
CUST100889,Meera Patel,35,FEMALE,887204,INR,35,Platinum,,,RARELY,1003.67,2,1,2,Grocery,pune,India,yahoo.com,Android,UPI,769,3,No,0
CUST100890,Krishna Gupta,60,Male,1599339,USD,39,silver,03-03-2024,,Weekly,5899.62625,6,1,5,Gaming,JAIPUR,india,outlook.com,IOS,upi,1549,5,No,1
CUST100891,Aadhya Patel,38,MALE,571109,USD,62,basic,24-10-2024,,monthly,1556.2,19,16,3,Electronics,Chennai,IN,yahoo.com,Android,Credit Card,1004,4,yes,0
CUST100892,Riya Nair,40,MALE,790552,INR,16,basic,,,monthly,1266.78,41,26,12,Grocery,KOLKATA,INDIA,gmail.com,android,Wallet,1383,3,No,0
CUST100893,Aarav Reddy,44,Female,401838,INR,47,PLATINUM,30-04-2022,17-08-2022,Weekly,3311.39,21,16,5,grocery,pune,India,rediffmail.com,IOS,UPI,350,1,Yes,0
CUST100894,Meera Reddy,18,MALE,650964,INR,26,Gold,18-01-2023,30-06-2023,Monthly,2756.03,25,21,5,Gaming,hyderabad,india,gmail.com,Web,Credit Card,2178,3,yes,0
CUST100895,Amit Verma,27,Female,798675,INR,48,Gold,,,Rarely,3626.35,8,4,5,books,MUMBAI,INDIA,hotmail.com,web,upi,805,1,no,0
CUST100896,Riya Gupta,32,male,763008,INR,66,silver,,13-09-2023,monthly,2862,27,4,23,beauty,chenai,india,gmail.com,Android,Credit Card,944,2,Yes,0
CUST100897,Reyansh Rao,33,MALE,651168,INR,56,Silver,,,RARELY,5899.62625,11,4,7,beauty,Delhi,india,hotmail.com,android,Cash,1367,4,No,0
CUST100898,Kiara Sinha,25,Male,651168,INR,82,Gold,,,weekly,1410.68,35,5,29.5,home decor,pune,IN,company.com,android,CREDIT CARD,950,5,Yes,0
CUST100899,Ananya Sinha,20,Male,617235,USD,40,basic,,,weekly,2110.6,8,4,4,Electronics,Chennai,INDIA,gmail.com,IOS,upi,1416,5,no,0
CUST100900,Aditya Iyer,33,MALE,271121,INR,35,silver,,,RARELY,996.93,12,10,2,Sports,Bengaluru,INDIA,hotmail.com,android,UPI,1129,3,no,0
CUST100901,Ayaan Chopra,34,FEMALE,774816,INR,76,PLATINUM,07-04-2023,,Monthly,2520.43,55,16,29.5,Gaming,chenai,India,company.com,IOS,upi,1608,4,No,0
CUST100902,Vihaan Patel,24,FEMALE,833077,INR,42,Basic,,,monthly,1631.94,2,0,1,SPORTS,hyderabad,India,gmail.com,IOS,Credit Card,601,1,Yes,0
CUST100903,Pooja Singh,31,Female,-50000,INR,56,PLATINUM,25-11-2022,19-08-2024,Weekly,916.94,22,16,5,GROCERY,JAIPUR,India,gmail.com,android,Credit Card,1598,2,Yes,0
CUST100905,Aarav Singh,51,Other,865103,INR,42,Silver,,,monthly,744.57,2,1,1,Grocery,chenai,india,hotmail.com,iOS,CREDIT CARD,1243,3,Yes,0
CUST100907,Diya Nair,40,male,464240,INR,41,Silver,,12-05-2026,RARELY,5899.62625,11,5,6,Kids,Mumbai,India,outlook.com,web,Credit Card,1117,2,Yes,0
CUST100908,Arjun Verma,31,Female,337610,INR,31,Platinum,,18-09-2023,RARELY,709.32,1,0,0,Sports,Kolkata,INDIA,gmail.com,Mobile,Wallet,1191,2,No,1
CUST100909,Sai Mishra,37,female,734542,INR,56,Silver,13-10-2023,,weekly,811.75,2,1,1,beauty,chenai,india,GMAIL.COM,iOS,Credit Card,571,4,No,0
CUST100910,Aarav Gupta,52,male,699234,INR,60,Basic,,,weekly,1508.31,16,12,4,books,AHMEDABAD,IN,yahoo.com,IOS,Cash,891,1,yes,0
CUST100462,Arjun Joshi,37,Female,499852,INR,41,Silver,,,weekly,1285.76,7,5,2,GAMING,Chennai,India,yahoo.com,android,Debit Card,2088,5,No,1
CUST100912,Sai Joshi,26,FEMALE,342954,INR,33,Gold,11-04-2025,,Daily,3508.1,55,15,1,BOOKS,Delhi,India,rediffmail.com,Mobile,upi,1459,2,no,0
CUST100913,Ira Reddy,39,Male,1602060,INR,60,Gold,,,Weekly,553.79,11,6,5,gaming,NEW DELHI,India,yahoo.com,web,Wallet,978,4,Yes,0
CUST100914,Ira Singh,53,FEMALE,651168,INR,38,Gold,24-05-2023,05-06-2023,RARELY,669.4,1,0,0,Electronics,Delhi,INDIA,gmail.com,Android,CREDIT CARD,1248,2,yes,1
CUST100915,Ishaan Reddy,43,Female,619124,INR,59,basic,,08-10-2025,Daily,497.1,46,0,29.5,Sports,PUNE,INDIA,gmail.com,android,UPI,1266,1,Yes,0
CUST100916,Pooja Khan,20,Male,1175141,INR,48,silver,31-10-2022,29-08-2024,Rarely,1764.35,28,13,15,food court,Hyderabad,india,GMAIL.COM,android,Credit Card,850,2,No,0
CUST100917,Vivaan Reddy,28,FEMALE,680683,INR,68,basic,,,monthly,2729.75,32,18,14,FASHION,PUNE,India,gmail.com,Android,Wallet,1017,5,No,0
CUST100918,Riya Patel,34,Female,960063,INR,61,Gold,,10-07-2022,weekly,479.04,9,0,9,sports,Chennai,india,yahoo.com,web,UPI,1380,3,Yes,0
CUST100919,Sara Khan,54,MALE,1076590,INR,56,Platinum,25-08-2023,20-11-2025,Rarely,1366.26,29,18,11,food court,Hyderabad,IN,company.com,IOS,Credit Card,1331,5,Yes,0
CUST100920,Vihaan Khan,23,FEMALE,615283,INR,72,Gold,14-12-2022,,Monthly,3906.4,20,18,3,Home Decor,Chennai,india,gmail.com,IOS,upi,1749,5,No,0
CUST100921,Myra Kumar,39,Male,1359850,INR,100,Gold,,,Weekly,605.83,11,9,2,FOOD COURT,Ahmedabad,India,gmail.com,iOS,Credit Card,1803,1,No,0
CUST100922,Krishna Sinha,29,Female,621081,INR,51,PLATINUM,,,weekly,1321.01,1,0,1,KIDS,Chennai,INDIA,gmail.com,Desktop,Wallet,1248,2,No,1
CUST100923,Sara Reddy,22,Male,575785,INR,67,silver,,,monthly,2307.98,51,26,9,Food Court,Bengaluru,INDIA,GMAIL.COM,Desktop,Cash,1764,2,no,0
CUST100924,Diya Sinha,40,Female,1624964.875,INR,79,Gold,,,weekly,1633.37,10,8,2,beauty,HYDERABAD,india,hotmail.com,iOS,Credit Card,1410,4,yes,0
CUST100925,Aditya Mishra,53,male,496032,INR,50,Gold,,,RARELY,4176.67,10,6,4,Grocery,pune,India,rediffmail.com,Web,Credit Card,848,1,Yes,0
CUST100926,Vihaan Mishra,38,MALE,279024,USD,55,Gold,,07-01-2024,Weekly,5324.85,19,2,17,food court,Lucknow,IN,company.com,android,Debit Card,830,2,no,0
CUST100927,Diya Verma,27,MALE,826992,INR,13,Silver,,,monthly,5777.7,16,2,15,GAMING,Delhi,india,outlook.com,Mobile,Cash,545,2,Yes,0
CUST100928,Pooja Das,15,Other,651168,INR,92,Platinum,,26-06-2026,Weekly,1238.18,1,0,0,ELECTRONICS,MUMBAI,INDIA,gmail.com,IOS,Credit Card,922,3,yes,0
CUST100929,Aditya Verma,50,FEMALE,432016,INR,26,Gold,,,Rarely,1898.54,22,6,15,home decor,chenai,India,gmail.com,IOS,Cash,303,1,No,0
CUST100930,Arjun Nair,33,Other,1465719,INR,56,Gold,,,monthly,3021.46,4,0,3,Grocery,pune,INDIA,hotmail.com,IOS,upi,1531,3,yes,0
CUST100931,Neha Patel,31,MALE,651168,INR,79,GOLD,,08-03-2025,Monthly,1573.15,4,0,4,GAMING,JAIPUR,INDIA,yahoo.com,android,Wallet,1246,4,No,0
CUST100932,Pooja Mishra,26,Male,626572,INR,20,Platinum,,,weekly,1842.6,15,13,1,BOOKS,AHMEDABAD,IN,yahoo.com,Web,UPI,1809,2,no,0
CUST100933,Vivaan Verma,24,male,1624964.875,INR,37,GOLD,,,Monthly,2324.54,15,11,5,Home Decor,Hyderabad,INDIA,gmail.com,iOS,CREDIT CARD,1016,4,no,0
CUST100934,Vivaan Das,33,Male,1303505,INR,63,PLATINUM,,,RARELY,1385.26,38,26,5,Gaming,LUCKNOW,India,hotmail.com,IOS,upi,1170,5,Yes,0
CUST100935,Diya Khan,26,Female,1582549,INR,64,Basic,,,Monthly,1665.93,5,2,3,Sports,CHENNAI,india,yahoo.com,Desktop,Wallet,607,4,yes,0
CUST100936,Priya Das,47,male,922265,INR,70,Silver,,,RARELY,2156.29,31,21,9,Fashion,Kolkata,IN,outlook.com,IOS,Wallet,1090,5,Yes,0
CUST100937,Amit Chopra,36,Other,871528,INR,43,basic,,,weekly,3860.07,15,10,5,Sports,LUCKNOW,India,company.com,android,Credit Card,2054,2,yes,0
CUST100938,Aadhya Mishra,20,Female,1091065,USD,69,Silver,27-07-2023,,monthly,1158.61,9,7,3,sports,pune,India,gmail.com,web,CREDIT CARD,634,3,No,0
CUST100939,Aadhya Khan,22,female,597964,USD,21,Basic,12-07-2023,,monthly,1141.16,5,2,4,home decor,LUCKNOW,india,gmail.com,Mobile,CREDIT CARD,1070,3,yes,0
CUST100940,Ira Sharma,31,MALE,1508575,INR,77,basic,08-10-2024,,RARELY,1668.75,13,9,4,HOME DECOR,Kolkata,India,GMAIL.COM,android,upi,881,1,Yes,1
CUST100941,Sara Sinha,43,female,598679,USD,20,Gold,,,Monthly,723.78,27,18,9,Sports,Lucknow,India,yahoo.com,android,Cash,733,3,No,0
CUST100436,Ira Singh,27,Female,936162,INR,83,Gold,08-01-2021,,weekly,2146.66,22,16,6,gaming,Chennai,India,outlook.com,Android,Cash,1131,3,No,0
CUST100943,Amit Iyer,48,Male,536724,INR,53,Platinum,02-03-2022,,weekly,4660.54,15,2,13,Electronics,Hyderabad,IN,hotmail.com,iOS,CREDIT CARD,1108,4,no,1
CUST100945,Diya Rao,15,MALE,1304745,INR,29,silver,,,Monthly,1765.5,24,2,22,books,Mumbai,India,hotmail.com,web,Cash,1204,3,Yes,0
CUST100763,Kiara Sinha,50,Female,660941,INR,61,Silver,,07-01-2026,Daily,4960.64,30,14,15,Grocery,Bengaluru,India,outlook.com,Desktop,Debit Card,2510,0,No,1
CUST100947,Vivaan Das,48,Male,201104,INR,15,GOLD,07-07-2022,,Daily,982.23,0,0,0,fashion,lucknow,India,rediffmail.com,Android,Debit Card,1818,1,yes,1
CUST100948,Sara Kumar,16,Other,651168,INR,47,basic,,,RARELY,895.29,25,24,2,FASHION,LUCKNOW,IN,yahoo.com,iOS,Wallet,2669,1,yes,0
CUST100705,Ira Reddy,26,Other,651168,INR,69,Silver,,,Rarely,781.26,20,17,3,Food Court,Bengaluru,INDIA,rediffmail.com,IOS,Wallet,1306,3,Yes,0
CUST100950,Vihaan Rao,15,male,775469,INR,56,Silver,,,Monthly,-250,55,26,22,Fashion,AHMEDABAD,India,gmail.com,Android,UPI,1161,1,no,0
CUST100951,Aadhya Gupta,33,Male,1310941,INR,81,basic,,,Monthly,1757.36,13,5,9,sports,jaipur,India,gmail.com,iOS,Debit Card,2028,1,no,1
CUST100952,Neha Reddy,29,Male,724285,USD,10,Basic,,27-08-2025,Monthly,309.42,8,5,2,books,lucknow,india,yahoo.com,web,Credit Card,1488,1,Yes,0
CUST100953,Reyansh Kapoor,23,FEMALE,1398747,INR,63,Silver,09-02-2023,18-07-2024,monthly,860.51,7,6,1,Home Decor,Bengaluru,India,gmail.com,Desktop,CREDIT CARD,809,1,yes,0
CUST100954,Vivaan Khan,39,MALE,278495,INR,4,Basic,,,monthly,274.56,25,6,18,Electronics,pune,India,gmail.com,Web,Credit Card,571,1,No,0
CUST100955,Diya Patel,60,Other,249915,INR,56,Silver,,,Weekly,1421.73,7,3,4,Home Decor,Delhi,India,company.com,IOS,upi,1036,3,Yes,0
CUST100956,Pooja Singh,40,Female,651168,INR,79,Gold,,,Monthly,5899.62625,2,1,1,kids,CHENNAI,INDIA,gmail.com,Mobile,Cash,394,5,No,0
CUST100957,Priya Das,37,Female,555754,INR,68,Gold,,23-05-2024,RARELY,1113.99,10,1,8,Beauty,CHENNAI,India,gmail.com,web,Credit Card,798,2,No,0
CUST100958,Sara Joshi,37,Other,332576,INR,32,basic,,,Rarely,1172.23,4,3,0,Electronics,Delhi,India,outlook.com,Mobile,upi,2922.125,3,No,1
CUST100959,Myra Rao,12,Female,369340,INR,21,Platinum,,,RARELY,1960.03,55,26,29.5,Beauty,Jaipur,India,rediffmail.com,Desktop,upi,319,1,Yes,0
CUST100960,Krishna Kapoor,27,Female,641271,INR,61,Silver,,22-01-2026,Monthly,1151.35,20,7,12,home decor,Mumbai,India,gmail.com,IOS,upi,1541,1,yes,0
CUST100961,Saanvi Gupta,10,FEMALE,559065,INR,43,GOLD,02-03-2021,,weekly,2798.27,1,0,0,Sports,Chennai,IN,gmail.com,IOS,Credit Card,1199,1,No,0
CUST100962,Aadhya Iyer,30,Male,967344,INR,44,GOLD,02-09-2021,,weekly,1288.74,23,4,18,Beauty,Chennai,India,gmail.com,IOS,UPI,840,1,yes,0
CUST100963,Arjun Mishra,31,Male,487537,INR,33,Silver,,,RARELY,1837.66,-3,0,9,Home Decor,Pune,India,outlook.com,Mobile,Cash,547,2,No,0
CUST100964,Riya Patel,24,Female,459073,INR,62,Gold,02-06-2022,09-08-2023,monthly,512.3,24,12,12,food court,Jaipur,India,rediffmail.com,Android,UPI,1970,5,yes,1
CUST100965,Arjun Sinha,26,MALE,356266,INR,64,Platinum,,,weekly,3278.32,55,2,7,BOOKS,Kolkata,INDIA,gmail.com,IOS,upi,1483,2,yes,0
CUST100966,Aadhya Mishra,35,Male,472233,INR,28,Basic,26-12-2023,,Rarely,2531.86,9,7,1,Home Decor,delhi,INDIA,rediffmail.com,web,UPI,2000,1,Yes,0
CUST100967,Aarav Iyer,21,Female,667352,INR,55,Gold,,12-07-2025,Rarely,1088.24,3,2,2,home decor,pune,india,hotmail.com,android,Debit Card,1301,1,yes,0
CUST100968,Vivaan Rao,29,Male,1035154,INR,42,Platinum,13-01-2025,20-10-2025,Monthly,3790.36,37,1,29.5,GAMING,Ahmedabad,IN,GMAIL.COM,Web,Credit Card,212,1,No,1
CUST100969,Saanvi Sharma,6,Male,572820,INR,52,Basic,,06-07-2022,Rarely,1642.31,36,6,29,gaming,chenai,India,GMAIL.COM,android,upi,865,2,No,0
CUST100970,Aarav Rao,58,female,1574453,INR,63,Silver,,,Monthly,725.1,32,4,28,BEAUTY,Pune,IN,rediffmail.com,Web,Wallet,2163,4,Yes,0
CUST100971,Ira Iyer,40,MALE,644894,INR,69,basic,,08-03-2025,Daily,656.82,12,5,7,Electronics,NEW DELHI,IN,outlook.com,Android,Credit Card,1404,1,No,0
CUST100972,Myra Patel,25,female,346537,USD,37,Gold,,01-12-2024,Monthly,4525.07,34,18,17,GROCERY,Bengaluru,India,gmail.com,Android,Debit Card,1261,2,No,0
CUST100973,Ishaan Joshi,35,FEMALE,651168,INR,34,PLATINUM,,,RARELY,1062.38,36,16,19,sports,Lucknow,India,yahoo.com,web,Debit Card,1596,2,Yes,0
CUST100563,Neha Singh,46,MALE,678258,USD,32,Gold,16-07-2025,,Rarely,794.01,3,0,3,Food Court,HYDERABAD,India,company.com,Android,upi,1441,2,Yes,1
CUST100975,Rahul Verma,36,MALE,685998,USD,62,silver,,,monthly,594.86,11,6,5,beauty,jaipur,IN,hotmail.com,Web,Credit Card,1195,4,Yes,0
CUST100976,Aarav Khan,34,Female,651168,INR,91,silver,,,RARELY,2209.32,23,5,17,Sports,Hyderabad,INDIA,hotmail.com,Android,CREDIT CARD,1342,3,No,0
CUST100977,Ira Rao,50,Male,604096,USD,82,Gold,,,Daily,470,4,3,2,KIDS,Ahmedabad,India,company.com,IOS,upi,1864,5,Yes,0
CUST100978,Diya Sharma,32,MALE,964285,INR,59,Basic,,31-03-2023,Monthly,1960.97,17,16,2,Fashion,LUCKNOW,IN,company.com,IOS,Credit Card,494,5,no,0
CUST100979,Vihaan Patel,37,Female,1022900,INR,71,Gold,,,Monthly,2500.76,31,24,6,Gaming,Jaipur,india,company.com,Android,Wallet,800,5,No,0
CUST100980,Ishaan Das,38,Female,244573,USD,36,PLATINUM,,,RARELY,5082.22,16,3,13,Fashion,LUCKNOW,India,outlook.com,IOS,Debit Card,1033,1,yes,0
CUST100981,Sara Gupta,61,MALE,651168,INR,72,silver,,,Monthly,735.83,14,3,10,Sports,AHMEDABAD,India,yahoo.com,IOS,upi,1389,5,yes,0
CUST100982,Neha Mehta,30,Female,700393,INR,69,Platinum,20-03-2025,,Daily,5497.79,4,3,1,Grocery,Mumbai,india,gmail.com,Mobile,CREDIT CARD,694,3,yes,0
CUST100983,Meera Mishra,37,FEMALE,1058417,USD,47,Platinum,,,Daily,3469.95,8,7,1,food court,Chennai,India,rediffmail.com,IOS,upi,1197,2,no,0
CUST100984,Diya Kapoor,63.5,female,680037,INR,22,Platinum,,,Monthly,3383.42,3,1,2,Fashion,Hyderabad,india,gmail.com,iOS,Credit Card,1348,4,Yes,1
CUST100985,Priya Joshi,26,Female,1364710,INR,36,basic,30-04-2022,,Rarely,872.44,25,21,5,Food Court,Mumbai,india,GMAIL.COM,web,Credit Card,0,5,Yes,0
CUST100986,Kiara Mehta,22,MALE,439166,INR,86,PLATINUM,27-09-2021,,Weekly,5606.01,27,20,7,KIDS,Kolkata,INDIA,yahoo.com,Desktop,Debit Card,990,4,No,0
CUST100987,Meera Sharma,50,MALE,635240,INR,58,Silver,26-01-2021,,RARELY,1588.85,28,21,7,Beauty,Kolkata,India,yahoo.com,Android,Credit Card,1562,1,yes,0
CUST100988,Pooja Patel,41,Female,1062117,INR,57,Silver,12-07-2022,11-02-2023,Monthly,509.49,12,6,6,kids,MUMBAI,India,company.com,Mobile,upi,2922.125,4,yes,0
CUST100989,Sai Iyer,40,male,1624964.875,USD,80,GOLD,,,Daily,1597.02,13,9,4,fashion,pune,INDIA,gmail.com,Desktop,Cash,1705,2,Yes,0
CUST100990,Meera Kapoor,43,Male,571308,INR,61,Gold,,,Monthly,447.54,39,4,29.5,Home Decor,BENGALURU,India,hotmail.com,Desktop,UPI,1003,4,Yes,0
CUST100991,Amit Khan,42,Female,523803,INR,80,Platinum,,11-08-2023,Monthly,-250,55,0,29.5,Grocery,Ahmedabad,india,gmail.com,Mobile,Wallet,963,5,no,0
CUST100992,Saanvi Iyer,33,MALE,792254,INR,56,PLATINUM,,,RARELY,1744.43,4,1,3,GROCERY,chenai,india,gmail.com,web,upi,2034,1,yes,0
CUST100993,Aadhya Sinha,20,MALE,750048,INR,78,Silver,,,Monthly,1031.45,25,22,2,BEAUTY,pune,INDIA,gmail.com,IOS,Cash,2878,3,Yes,0
CUST100994,Reyansh Patel,39,female,360771,INR,20,Gold,06-08-2022,,Monthly,3123.45,55,11,0,Grocery,Chennai,India,gmail.com,Desktop,upi,808,5,yes,0
CUST100995,Sai Gupta,12,Male,348015,INR,77,GOLD,,,Rarely,502.65,5,2,2,FASHION,CHENNAI,India,yahoo.com,Mobile,CREDIT CARD,1743,4,Yes,0
CUST100996,Sara Kumar,34,female,1170561,INR,37,PLATINUM,,,Monthly,2256.71,0,0,1,Beauty,Hyderabad,india,company.com,IOS,upi,1226,3,Yes,0
CUST100997,Ananya Kumar,10,MALE,1132533,INR,38,Gold,,,weekly,371.24,55,26,26,BOOKS,Hyderabad,INDIA,gmail.com,web,Cash,-50,2,yes,1
CUST100998,Neha Mehta,42,female,800185,USD,30,Gold,,,Weekly,1665.58,0,0,1,HOME DECOR,ahmedabad,IN,rediffmail.com,Mobile,Cash,897,4,yes,1
CUST100999,Sara Joshi,34,female,1170869,INR,92,Gold,01-12-2021,30-06-2023,Daily,2283.22,9,3,6,food court,Pune,India,company.com,Desktop,upi,1671,1,Yes,0
CUST101000,Aditya Nair,54,Male,1045648,INR,24,silver,09-04-2024,,weekly,5254.53,24,0,24,Books,lucknow,India,rediffmail.com,IOS,Debit Card,927,2,yes,1
CUST101001,Riya Sharma,9,Female,371181,INR,67,Silver,,,Monthly,2782.98,13,11,2,KIDS,Pune,India,GMAIL.COM,IOS,upi,623,4,Yes,0
CUST101002,Aditya Mehta,33,Female,1624964.875,INR,85,Gold,31-07-2022,18-05-2023,RARELY,4804.67,5,0,4,ELECTRONICS,Bengaluru,India,gmail.com,IOS,upi,465,0,Yes,0
CUST101003,Aditya Verma,36,Other,924017,INR,23,Gold,,,Rarely,1375.87,19,7,13,KIDS,Hyderabad,INDIA,yahoo.com,android,CREDIT CARD,420,2,No,0
CUST101004,Rahul Kapoor,33,MALE,458025,INR,28,Gold,,,Rarely,1693.02,9,1,9,Grocery,NEW DELHI,INDIA,company.com,IOS,Credit Card,1330,2,No,0
CUST101005,Riya Reddy,27,MALE,1221224,INR,45,Gold,,,Weekly,1064.14,5,4,1,grocery,delhi,IN,yahoo.com,Web,UPI,1041,4,yes,0
CUST101006,Diya Sinha,34,MALE,298839,INR,48,PLATINUM,,,monthly,2970.8,30,16,15,Food Court,KOLKATA,India,hotmail.com,android,Credit Card,1565,2,Yes,0
CUST101007,Ishaan Singh,38,Male,656868,INR,8,Silver,,,Monthly,2332.64,10,7,3,Beauty,Kolkata,India,outlook.com,iOS,Credit Card,2202,5,Yes,1
CUST101008,Ira Sharma,17,MALE,1260761,USD,74,GOLD,,,Daily,1572.53,2,0,2,Kids,Chennai,India,company.com,Android,Credit Card,1484,1,Yes,0
CUST101009,Riya Nair,28,female,520658,INR,44,silver,,,Monthly,4447.57,8,2,6,Grocery,Delhi,IN,yahoo.com,Desktop,Credit Card,1338,1,no,0
CUST101010,Aarav Verma,23,MALE,591397,INR,64,Silver,17-04-2022,,RARELY,1833.96,8,4,3,Home Decor,BENGALURU,IN,gmail.com,IOS,Credit Card,1664,3,Yes,0
CUST101011,Aadhya Sharma,25,female,589130,USD,48,Platinum,29-02-2024,,weekly,3404.61,10,3,7,Kids,Jaipur,INDIA,gmail.com,Desktop,Cash,1093,1,no,0
CUST101012,Pooja Rao,29,female,1451860,INR,50,Platinum,,29-06-2024,Daily,5899.62625,27,7,20,Home Decor,Jaipur,India,GMAIL.COM,IOS,Cash,916,5,no,0
CUST101013,Vivaan Das,23,MALE,573039,INR,75,basic,03-11-2023,,weekly,3682.46,20,7,13,SPORTS,mumbai,india,GMAIL.COM,web,Debit Card,1119,2,yes,0
CUST101014,Ira Verma,36,Male,738918,USD,67,basic,11-09-2021,,monthly,5899.62625,42,19,22,Grocery,HYDERABAD,India,hotmail.com,Web,upi,1830,5,No,0
CUST101015,Aarav Nair,63.5,Female,593890,INR,16,PLATINUM,15-09-2023,22-11-2023,RARELY,3447.74,29,23,5,Gaming,LUCKNOW,India,GMAIL.COM,Desktop,CREDIT CARD,1263,2,No,0
CUST101016,Priya Gupta,23,Male,651168,INR,41,Basic,29-08-2024,18-12-2025,Daily,1313.19,55,13,29.5,home decor,LUCKNOW,India,rediffmail.com,Desktop,UPI,1517,5,Yes,0
CUST101017,Sara Das,37,female,396232,INR,68,Gold,,,Monthly,2340.19,40,4,29.5,Books,LUCKNOW,IN,yahoo.com,Desktop,Debit Card,1180,5,No,0
CUST101018,Pooja Kapoor,26,Female,316336,USD,61,basic,,21-09-2025,weekly,5899.62625,1,0,2,Home Decor,Chennai,India,gmail.com,Web,upi,1983,1,Yes,1
CUST101019,Aadhya Mehta,25,Male,1294387,INR,17,GOLD,,,weekly,5899.62625,5,0,6,Electronics,PUNE,India,gmail.com,web,Wallet,1551,4,yes,0
CUST101020,Priya Sharma,13,male,999065,INR,27,Basic,,21-07-2024,weekly,2225.18,7,4,3,Grocery,Mumbai,INDIA,gmail.com,web,Cash,401,2,no,0
CUST101021,Ayaan Das,34,MALE,890192,INR,23,Gold,,,Monthly,722.31,17,14,3,kids,Delhi,India,company.com,IOS,Debit Card,1126,3,No,0
CUST101022,Aarav Nair,22,FEMALE,958805,USD,48,Gold,,,monthly,2152.73,4,1,3,Kids,hyderabad,India,company.com,web,UPI,0,2,Yes,0
CUST101023,Ira Sharma,32,Female,267332,INR,49,Silver,,,weekly,2390.84,39,26,1,SPORTS,Hyderabad,India,yahoo.com,Desktop,Wallet,1938,3,No,0
CUST101024,Sai Patel,35,Female,481105,INR,59,Silver,,21-09-2023,Monthly,1585.98,21,4,17,Home Decor,BENGALURU,IN,GMAIL.COM,android,UPI,1264,1,yes,1
CUST101025,Vihaan Reddy,46,Other,429220,INR,89,Gold,,,Monthly,5899.62625,2,1,2,Gaming,pune,India,yahoo.com,Mobile,UPI,315,5,No,0
CUST101026,Ananya Gupta,30,MALE,504106,INR,39,Silver,,,Daily,-250,10,3,6,food court,Pune,India,GMAIL.COM,IOS,Debit Card,2000,4,yes,1
CUST101027,Priya Iyer,40,Female,1452812,INR,55,Silver,,10-09-2022,Daily,5899.62625,10,2,9,Home Decor,Hyderabad,India,gmail.com,Desktop,Credit Card,1580,7,Yes,0
CUST101028,Riya Nair,44,MALE,339233,USD,100,Gold,,,Daily,1420.47,20,15,6,Grocery,jaipur,IN,gmail.com,Desktop,Wallet,1877,2,Yes,0
CUST101029,Kiara Verma,44,Male,1138430,INR,69,basic,29-06-2023,,RARELY,1338.32,3,1,2,Books,pune,India,rediffmail.com,android,Debit Card,609,4,yes,0
CUST101030,Ananya Mishra,18,Female,925470,INR,18,Basic,,,Weekly,5899.62625,16,11,5,Books,ahmedabad,India,hotmail.com,IOS,Cash,2484,5,yes,0
CUST101031,Saanvi Iyer,34,MALE,675021,INR,78,basic,,,Weekly,5899.62625,25,23,2,Electronics,KOLKATA,India,rediffmail.com,Web,upi,856,3,Yes,1
CUST101032,Ishaan Joshi,34,Male,651168,USD,70,Silver,04-10-2024,,weekly,1428.5,4,0,4,Fashion,pune,INDIA,yahoo.com,Mobile,upi,1769,4,Yes,0
CUST101033,Kiara Das,22,female,772866,INR,78,Platinum,,,Daily,3630.61,10,7,3,Home Decor,Delhi,India,hotmail.com,web,Cash,500,4,No,0
CUST101034,Riya Patel,39,FEMALE,532606,USD,84,basic,,03-11-2023,weekly,548.2,19,0,18,beauty,Chennai,India,gmail.com,iOS,Credit Card,1868,1,Yes,0
CUST101035,Aarav Gupta,47,Other,651168,USD,57,GOLD,,,RARELY,555.3,37,19,18,Grocery,pune,India,gmail.com,IOS,UPI,1603,2,Yes,1
CUST101036,Reyansh Rao,19,Male,651168,INR,74,PLATINUM,,,Monthly,3923.86,3,1,3,fashion,jaipur,India,gmail.com,Android,Credit Card,1200,4,Yes,0
CUST101037,Ayaan Verma,28,Female,1623460,INR,58,Silver,,,Monthly,2562.17,6,4,2,Electronics,MUMBAI,india,rediffmail.com,android,upi,748,3,Yes,1
CUST101038,Ananya Mehta,27,male,242367,INR,82,Gold,,,Monthly,2034.65,8,0,8,Fashion,Kolkata,INDIA,gmail.com,IOS,upi,994,5,No,0
CUST100383,Ananya Singh,32,FEMALE,651168,INR,71,Platinum,,,Monthly,1171.92,3,2,2,Books,HYDERABAD,India,gmail.com,IOS,CREDIT CARD,1101,4,no,0
CUST101040,Neha Sinha,33,FEMALE,695181,INR,65,silver,,,weekly,5622.83,3,1,2,Sports,HYDERABAD,India,gmail.com,android,upi,794,1,no,0
CUST101041,Pooja Gupta,48,Other,1624964.875,INR,60,basic,,,Weekly,2338.75,21,8,13,books,LUCKNOW,INDIA,gmail.com,IOS,CREDIT CARD,609,5,Yes,0
CUST101042,Ishaan Das,35,Other,402391,INR,7,Gold,,,Monthly,1721.11,12,6,7,grocery,jaipur,India,rediffmail.com,android,Cash,2457,3,yes,0
CUST101043,Aditya Chopra,21,Female,684708,INR,20,PLATINUM,,11-12-2024,Rarely,2444.14,3,1,2,HOME DECOR,CHENNAI,India,GMAIL.COM,IOS,UPI,843,5,No,1
CUST101044,Ishaan Nair,23,Other,538693,INR,53,PLATINUM,,,Monthly,3922.1,15,4,11,Fashion,jaipur,India,gmail.com,Android,upi,2185,3,Yes,1
CUST101045,Diya Das,43,Female,1035533,INR,57,Basic,07-01-2024,,Monthly,5899.62625,17,13,4,BOOKS,Kolkata,INDIA,gmail.com,IOS,UPI,492,4,yes,0
CUST101046,Pooja Sinha,32,Male,462169,INR,61,silver,,08-03-2026,Weekly,1307.98,29,13,16,Beauty,Chennai,India,rediffmail.com,android,Cash,0,1,Yes,0
CUST101047,Ananya Das,30,Female,788070,INR,24,Platinum,,,weekly,3487.96,0,0,0,BOOKS,Bengaluru,IN,yahoo.com,iOS,Cash,813,3,Yes,1
CUST101048,Meera Rao,32,MALE,342420,INR,68,PLATINUM,,09-04-2024,Monthly,1815.88,18,3,14,books,Hyderabad,India,hotmail.com,android,upi,1664,2,No,1
CUST101049,Ayaan Patel,24,MALE,720886,INR,67,Silver,,,Rarely,623.12,10,9,0,Sports,MUMBAI,IN,hotmail.com,web,Credit Card,1153,2,Yes,0
CUST101050,Aarav Kumar,37,Male,1310848,USD,61,Silver,,,Weekly,634.24,14,9,4,electronics,Bengaluru,india,gmail.com,Mobile,Credit Card,784,2,Yes,0
CUST101051,Vivaan Singh,34,MALE,429319,INR,25,Gold,,,Weekly,3089.54,13,5,9,SPORTS,Delhi,India,company.com,android,CREDIT CARD,669,1,No,1
CUST101052,Amit Gupta,27,Male,1578213,INR,43,Silver,,,Daily,2442.72,3,2,1,Grocery,chenai,india,gmail.com,iOS,Wallet,0,1,no,1
CUST101053,Neha Chopra,40,Female,521289,INR,48,Gold,,,Monthly,2040.19,19,12,7,Gaming,CHENNAI,INDIA,gmail.com,IOS,upi,2339,3,No,0
CUST101054,Vivaan Kapoor,23,female,632051,USD,53,Gold,,,Monthly,2169.1,11,6,4,Sports,chenai,INDIA,gmail.com,Web,upi,1100,2,Yes,0
CUST101055,Krishna Gupta,38,MALE,214949,INR,48,GOLD,27-05-2021,,weekly,993.05,37,13,25,Electronics,PUNE,india,GMAIL.COM,android,Debit Card,698,3,No,0
CUST101057,Ishaan Nair,29,Male,664845,USD,57,silver,,,Weekly,651.63,18,16,1,Electronics,Hyderabad,IN,gmail.com,IOS,Cash,797,2,Yes,0
CUST100512,Priya Singh,17,Male,1624964.875,INR,30,Basic,,,monthly,3371.49,6,2,3,Books,Hyderabad,India,rediffmail.com,Web,Credit Card,1100,2,No,0
CUST101059,Arjun Khan,27,MALE,651168,INR,43,Basic,,,Rarely,1785.16,7,0,6,Grocery,chenai,India,hotmail.com,iOS,Credit Card,535,1,Yes,0
CUST101060,Arjun Joshi,30,Male,862630,INR,77,Platinum,09-08-2024,,monthly,5899.62625,10,7,3,Beauty,PUNE,india,gmail.com,iOS,Credit Card,86,2,no,0
CUST101061,Amit Kumar,17,Female,925046,USD,40,Gold,24-04-2022,,weekly,1631.3,3,2,2,Food Court,Mumbai,India,rediffmail.com,Web,UPI,843,5,No,0
CUST101062,Pooja Chopra,3.5,Male,1291757,INR,67,Basic,,,Monthly,4924.25,38,21,18,Books,Mumbai,IN,rediffmail.com,Mobile,CREDIT CARD,650,4,Yes,0
CUST101063,Myra Reddy,25,Female,815245,INR,76,Platinum,,,Monthly,3289.08,17,3,13,Gaming,CHENNAI,IN,yahoo.com,iOS,upi,1394,3,Yes,0
CUST101064,Ananya Rao,13,Female,651168,INR,25,Platinum,,,Weekly,1646.09,4,3,0,Grocery,pune,INDIA,gmail.com,Desktop,UPI,1077,4,No,1
CUST101065,Aarav Kumar,44,Female,460185,INR,63,Platinum,,,Weekly,1411.07,12,17,21,food court,Lucknow,IN,gmail.com,Android,Credit Card,1281,1,yes,0
CUST101066,Ananya Mehta,16,Male,1016919,INR,32,Silver,,,Monthly,848.84,12,4,8,Electronics,jaipur,india,rediffmail.com,web,upi,1697,4,No,0
CUST101067,Ayaan Joshi,24,FEMALE,657350,INR,43,Silver,,17-04-2024,Monthly,5899.62625,55,26,29,kids,JAIPUR,india,hotmail.com,Mobile,Wallet,1046,3,No,0
CUST101068,Kiara Mishra,41,Other,672838,INR,54,PLATINUM,,11-12-2025,Rarely,2673.43,3,2,1,Books,Bengaluru,India,GMAIL.COM,Web,upi,1086,4,Yes,0
CUST101069,Vivaan Singh,34,MALE,970009,USD,39,GOLD,22-04-2022,01-12-2023,RARELY,2123.03,0,0,0,KIDS,Mumbai,india,hotmail.com,Android,Credit Card,0,1,yes,1
CUST101070,Ira Chopra,28,FEMALE,1121486,INR,46,basic,,,weekly,1960.76,51,3,29.5,electronics,Bengaluru,IN,GMAIL.COM,android,upi,461,1,No,1
CUST101071,Amit Iyer,16,MALE,276968,INR,31,PLATINUM,16-03-2025,,RARELY,2796.38,36,12,23,HOME DECOR,delhi,India,hotmail.com,Desktop,Wallet,931,5,No,1
CUST101072,Rahul Mishra,34,MALE,364119,USD,40,Silver,,,monthly,545.89,25,1,25,Kids,JAIPUR,IN,rediffmail.com,web,Wallet,1212,5,no,0
CUST101073,Ayaan Das,45,Male,376898,INR,45,Gold,21-05-2025,,RARELY,3880.11,10,6,3,gaming,PUNE,INDIA,rediffmail.com,IOS,Debit Card,1470,4,yes,1
CUST101074,Ayaan Mehta,43,Other,476848,INR,26,silver,03-09-2024,26-12-2025,Rarely,505.8,21,12,8,Gaming,lucknow,INDIA,gmail.com,web,Wallet,2234,5,no,0
CUST101075,Aditya Sinha,48,Male,469517,USD,66,Gold,,22-06-2024,Monthly,1973.62,21,18,2,SPORTS,Pune,india,gmail.com,android,Credit Card,2373,5,Yes,0
CUST101076,Vihaan Joshi,45,FEMALE,382036,INR,38,silver,,12-01-2024,Monthly,1280.96,20,7,14,SPORTS,KOLKATA,IN,gmail.com,web,Debit Card,1457,5,Yes,0
CUST101077,Aarav Mishra,30,FEMALE,192961,INR,50,PLATINUM,,,Monthly,921.75,10,2,8,FASHION,Mumbai,IN,GMAIL.COM,web,Cash,1446,3,Yes,0
CUST101078,Neha Sinha,36,Female,1,USD,70,Silver,,,monthly,2809.34,21,15,6,KIDS,Pune,India,yahoo.com,IOS,Cash,1081,4,No,0
CUST101079,Neha Sharma,38,MALE,814914,INR,11,Gold,,,Daily,712.08,55,26,29.5,Electronics,Delhi,India,outlook.com,IOS,Credit Card,1898,4,Yes,0
CUST101080,Sara Kapoor,19,Female,555611,INR,41,PLATINUM,,,monthly,1899.77,11,9,1,grocery,chenai,India,gmail.com,web,Wallet,989,3,Yes,0
CUST101081,Neha Singh,40,female,254629,INR,19,GOLD,,,Weekly,1146.77,3,0,2,Food Court,Bengaluru,India,gmail.com,iOS,CREDIT CARD,1251,1,Yes,1
CUST101083,Priya Sharma,20,FEMALE,343380,INR,100,GOLD,,,Weekly,5899.62625,3,0,3,Books,chenai,India,gmail.com,IOS,Cash,1784,5,No,1
CUST101084,Aadhya Mehta,63.5,Male,927899,INR,32,Gold,,,RARELY,1840.75,13,8,6,Grocery,Hyderabad,india,yahoo.com,IOS,UPI,2469,3,No,0
CUST101085,Aditya Mehta,47,MALE,804843,INR,75,Gold,,,Rarely,863.96,0,0,0,Grocery,Jaipur,India,outlook.com,iOS,upi,1000,2,no,0
CUST101086,Ayaan Sharma,23,Female,899248,USD,70,Gold,31-03-2025,,Monthly,2991.4,4,1,2,Books,ahmedabad,IN,hotmail.com,Web,Cash,-50,1,Yes,0
CUST101087,Saanvi Patel,26,Male,490589,INR,67,PLATINUM,,,Weekly,2786.19,3,2,0,SPORTS,Delhi,India,gmail.com,Mobile,Debit Card,596,5,yes,0
CUST101088,Riya Gupta,45,Other,570468,INR,40,Platinum,,,Monthly,1814.65,36,18,17,SPORTS,BENGALURU,india,yahoo.com,android,Wallet,1784,5,yes,0
CUST101089,Priya Singh,41,Male,363029,INR,32,silver,,09-04-2022,monthly,1005.08,8,5,3,Sports,chenai,INDIA,gmail.com,Desktop,CREDIT CARD,1424,5,No,0
CUST101090,Riya Sharma,38,Male,595820,INR,37,Platinum,23-02-2021,,monthly,971.79,21,14,7,GAMING,Bengaluru,India,outlook.com,android,upi,703,2,No,0
CUST101091,Vivaan Nair,51,MALE,1371515,INR,85,GOLD,27-04-2023,,Monthly,1258.6,35,26,6,GROCERY,Delhi,india,outlook.com,android,CREDIT CARD,641,1,No,0
CUST101092,Amit Sinha,33,Male,476811,INR,50,Silver,,,Monthly,3798.37,15,3,11,HOME DECOR,PUNE,India,hotmail.com,Desktop,CREDIT CARD,1815,3,Yes,1
CUST101093,Ananya Mishra,23,Female,305745,INR,49,silver,,,Daily,2344.41,13,9,5,books,pune,India,gmail.com,web,Credit Card,617,2,yes,0
CUST101094,Myra Rao,21,female,1103858,INR,31,Silver,10-02-2021,23-04-2021,Rarely,1380.98,1,0,1,electronics,Hyderabad,IN,company.com,IOS,upi,1304,2,yes,1
CUST101095,Saanvi Rao,42,male,524498,INR,81,PLATINUM,,06-12-2021,Monthly,1814.21,5,2,3,electronics,Chennai,India,hotmail.com,Web,Credit Card,1328,3,No,0
CUST101096,Myra Reddy,37,FEMALE,457801,INR,90,PLATINUM,,28-05-2024,Weekly,5476.97,0,0,1,fashion,Lucknow,India,company.com,web,Credit Card,1207,2,Yes,0
CUST101097,Reyansh Joshi,42,MALE,651168,INR,40,Platinum,,,Rarely,1256.68,53,26,18,Fashion,Mumbai,India,company.com,IOS,Credit Card,28,3,yes,0
CUST101098,Sara Kumar,15,Male,413622,INR,80,GOLD,,,RARELY,862.11,8,7,1,SPORTS,Jaipur,India,company.com,Android,Debit Card,929,4,No,0
CUST101099,Sara Gupta,33,female,1624964.875,USD,65,Platinum,,,Weekly,3256.81,19,1,18,home decor,KOLKATA,India,GMAIL.COM,IOS,upi,0,4,No,1
CUST101100,Kiara Singh,39,Male,309305,INR,53,Silver,,,Monthly,2588.07,3,1,1,Books,LUCKNOW,India,company.com,Desktop,upi,798,3,Yes,1
CUST101101,Riya Verma,50,Male,748073,INR,16,Silver,,16-09-2022,Rarely,1814.65,10,4,6,sports,Pune,India,hotmail.com,Desktop,UPI,568,4,yes,0
CUST101102,Ayaan Iyer,32,MALE,1283640,INR,61,Gold,,,Rarely,1793.68,29,8,21,electronics,Lucknow,India,company.com,Web,upi,1446,4,Yes,0
CUST101103,Arjun Sinha,30,Female,1261255,INR,48,Gold,,01-02-2022,monthly,2412.08,12,7,4,FOOD COURT,CHENNAI,India,yahoo.com,Desktop,Cash,321,2,No,0
CUST101104,Amit Das,35,MALE,502515,USD,23,Gold,,,monthly,622.77,55,26,19,FASHION,Ahmedabad,India,gmail.com,Mobile,Debit Card,1933,3,Yes,0
CUST101105,Amit Gupta,30,Male,1265512,USD,28,silver,,,Monthly,1354.64,1,0,1,gaming,lucknow,India,GMAIL.COM,android,Credit Card,320,5,Yes,1
CUST101106,Aditya Sharma,48,Other,266193,INR,52,basic,,05-07-2024,Monthly,1788.91,9,3,5,Fashion,pune,INDIA,gmail.com,IOS,Cash,1490,5,No,0
CUST101107,Rahul Patel,33,FEMALE,633831,INR,38,silver,,07-01-2024,Monthly,1196.13,23,7,16,KIDS,JAIPUR,india,yahoo.com,Mobile,CREDIT CARD,1345,4,yes,0
CUST101108,Saanvi Mishra,53,Female,891701,INR,48,PLATINUM,,,weekly,1542.16,47,26,4,Beauty,Mumbai,India,rediffmail.com,Android,upi,1140,4,No,0
CUST101109,Krishna Patel,17,Male,826554,INR,58,Gold,,06-08-2024,RARELY,4223.82,2,1,2,Fashion,Hyderabad,India,company.com,web,upi,1754,4,Yes,0
CUST101110,Krishna Singh,45,Female,793051,INR,35,Silver,,,monthly,1597.08,28,7,20,Beauty,Pune,India,gmail.com,web,Debit Card,1370,5,yes,0
CUST101111,Saanvi Sinha,39,Male,639285,USD,65,Gold,27-05-2024,,Rarely,2132.76,6,5,1,food court,delhi,india,hotmail.com,IOS,upi,1346,3,Yes,0
CUST101112,Sai Patel,50,male,670071,INR,66,Silver,,,weekly,2999.24,9,7,1,BEAUTY,LUCKNOW,INDIA,gmail.com,web,Credit Card,1567,1,No,0
CUST101113,Ishaan Sharma,42,MALE,620708,INR,82,Basic,,,Monthly,4662.54,28,5,23,fashion,chenai,India,GMAIL.COM,iOS,Credit Card,634,1,No,0
CUST101114,Myra Kapoor,28,female,397033,INR,56,PLATINUM,,,Weekly,1281.78,3,2,0,food court,lucknow,IN,gmail.com,iOS,UPI,1351,4,yes,0
CUST101115,Pooja Reddy,37,Female,508831,INR,27,basic,,29-04-2026,Monthly,3994.21,28,11,17,Electronics,NEW DELHI,India,rediffmail.com,Android,CREDIT CARD,1138,4,yes,0
CUST101116,Aditya Nair,18,Female,588166,INR,40,basic,29-03-2023,,monthly,5899.62625,31,16,14,Food Court,NEW DELHI,india,gmail.com,Web,Cash,347,3,yes,0
CUST101117,Reyansh Das,38,female,626903,INR,67,Platinum,18-01-2023,13-03-2025,Monthly,3050.07,6,3,2,BEAUTY,Lucknow,India,gmail.com,IOS,upi,1471,4,Yes,0
CUST101118,Ananya Reddy,58,FEMALE,238697,INR,40,silver,,,Monthly,1978,8,2,6,KIDS,Hyderabad,India,gmail.com,android,Debit Card,88,3,No,0
CUST101119,Aadhya Joshi,32,Female,651168,INR,39,Silver,,,RARELY,948.83,55,26,9,Electronics,bengaluru,IN,outlook.com,iOS,Cash,1236,2,no,0
CUST101120,Sara Das,36,female,763776,INR,100,Silver,,,Daily,2847.92,9,0,9,Sports,CHENNAI,India,gmail.com,web,Credit Card,838,5,Yes,1
CUST101121,Sara Sharma,13,MALE,573160,INR,38,PLATINUM,,,Monthly,518.51,46,26,6,Electronics,bengaluru,India,GMAIL.COM,iOS,CREDIT CARD,1671,1,yes,0
CUST101122,Riya Patel,22,MALE,1621953,INR,46,Platinum,,,Monthly,1979.79,7,0,7,home decor,Hyderabad,India,hotmail.com,IOS,upi,907,3,yes,0
CUST101123,Pooja Patel,23,Female,394659,INR,93,Gold,,02-02-2025,Weekly,1578.05,20,16,3,Grocery,Delhi,India,gmail.com,Android,Wallet,1458,1,No,0
CUST101124,Ira Mishra,35,Male,1246862,INR,28,Silver,,,Weekly,2283.31,55,3,29.5,electronics,LUCKNOW,India,gmail.com,IOS,Credit Card,49,3,yes,0
CUST101125,Meera Verma,41,female,520246,INR,59,basic,,,Monthly,4913.82,0,0,1,BEAUTY,Lucknow,IN,yahoo.com,web,CREDIT CARD,1098,5,no,0
CUST101126,Neha Mehta,55,Female,765608,INR,41,Silver,,,RARELY,2743.93,9,0,9,BEAUTY,Pune,IN,gmail.com,IOS,Wallet,1139,3,No,1
CUST100340,Ayaan Chopra,31,Female,801702,INR,8,Gold,,16-02-2026,Monthly,953.52,13,8,4,FASHION,Hyderabad,INDIA,outlook.com,Android,upi,1672,2,Yes,0
CUST101129,Aadhya Sharma,33,MALE,630334,USD,24,Platinum,24-08-2021,19-04-2022,Monthly,1090.73,18,8,10,FASHION,hyderabad,India,company.com,Desktop,CREDIT CARD,838,5,No,0
CUST101130,Diya Das,40,Male,794881,INR,45,Silver,,,weekly,896.32,21,18,3,HOME DECOR,chenai,India,company.com,web,CREDIT CARD,1053,5,No,0
CUST101131,Ayaan Patel,52,male,177868,INR,40,silver,,19-11-2025,RARELY,1729.48,6,4,2,Gaming,HYDERABAD,IN,company.com,web,Wallet,2091,3,Yes,0
CUST101132,Ishaan Patel,16,FEMALE,567153,INR,59,Basic,,30-11-2024,Rarely,1102.8,2,0,2,Grocery,Ahmedabad,INDIA,hotmail.com,IOS,upi,508,4,Yes,0
CUST101133,Riya Kapoor,35,Female,473000,INR,76,Silver,,,Monthly,3506.81,11,3,8,gaming,delhi,INDIA,GMAIL.COM,android,Cash,1467,1,yes,0
CUST101134,Priya Chopra,19,Male,1026127,INR,49,basic,,,RARELY,1118.83,36,24,12,Home Decor,Bengaluru,India,gmail.com,Mobile,Credit Card,2410,2,No,1
CUST101135,Aditya Patel,23,Female,711859,INR,77,basic,,,Weekly,5137.78,55,3,29.5,Fashion,Mumbai,india,gmail.com,iOS,upi,164,5,yes,0
CUST101136,Amit Kapoor,23,Female,357670,INR,49,Silver,,,Monthly,1512.16,1,0,2,GROCERY,Pune,INDIA,yahoo.com,IOS,Debit Card,908,2,No,0
CUST101138,Arjun Verma,29,male,435540,USD,54,Silver,,,Rarely,818.64,9,6,4,Sports,pune,India,rediffmail.com,Android,Cash,863,3,Yes,0
CUST101139,Vivaan Chopra,16,MALE,484373,INR,21,Silver,,,weekly,5688.35,7,5,2,books,JAIPUR,India,hotmail.com,Desktop,Wallet,974,1,No,0
CUST101140,Rahul Mishra,26,Other,477006,USD,59,Platinum,,18-10-2024,Monthly,5899.62625,5,1,4,Kids,AHMEDABAD,India,gmail.com,IOS,CREDIT CARD,185,5,No,0
CUST101141,Vivaan Iyer,33,Male,594863,INR,65,Silver,,25-08-2021,Daily,1375.55,14,8,7,beauty,Lucknow,India,company.com,Web,Wallet,1546,5,No,0
CUST101142,Reyansh Kumar,25,FEMALE,586971,INR,25,Gold,,,Weekly,1284.44,4,2,2,GAMING,Delhi,india,rediffmail.com,Android,Credit Card,1934,4,No,1
CUST101143,Amit Kumar,51,Male,651168,USD,33,Silver,12-11-2024,,Monthly,501.57,11,0,11,Gaming,LUCKNOW,India,gmail.com,iOS,Credit Card,1342,1,Yes,0
CUST101144,Vihaan Joshi,29,female,1081290,INR,53,Gold,,,Daily,5899.62625,27,24,4,Beauty,BENGALURU,IN,outlook.com,iOS,Credit Card,886,5,Yes,0
CUST101145,Ayaan Verma,37,Female,236716,INR,39,basic,,,monthly,5899.62625,7,6,1,Sports,Mumbai,India,hotmail.com,Web,UPI,1511,5,Yes,0
CUST101146,Aadhya Mishra,40,MALE,878272,USD,76,Silver,09-12-2021,,RARELY,1000.64,10,8,3,Gaming,delhi,India,yahoo.com,Android,Wallet,1688,5,Yes,0
CUST101147,Pooja Joshi,22,FEMALE,522219,INR,100,silver,30-08-2021,,Rarely,1240.17,6,3,3,HOME DECOR,KOLKATA,india,GMAIL.COM,Desktop,Wallet,1245,4,Yes,0
CUST101148,Kiara Mishra,27,Other,219723,INR,60,basic,,07-09-2023,monthly,2044.56,6,2,4,Electronics,Hyderabad,INDIA,gmail.com,Android,Credit Card,1447,5,Yes,0
CUST101149,Aarav Verma,31,female,1624964.875,INR,48,Gold,,,RARELY,1989.96,11,0,11,fashion,Ahmedabad,India,gmail.com,iOS,UPI,1301,5,No,1
CUST101150,Amit Reddy,23,Female,334221,INR,76,Gold,,,Daily,2956.19,9,2,8,Sports,PUNE,India,GMAIL.COM,Web,CREDIT CARD,1255,1,No,0
CUST101151,Ishaan Sinha,37,MALE,1456001,INR,93,Silver,30-01-2025,,weekly,1818.11,39,10,29,Electronics,LUCKNOW,india,company.com,IOS,upi,269,3,yes,0
CUST101152,Myra Singh,30,MALE,398026,USD,44,Gold,31-08-2021,,Weekly,2824.43,2,0,2,food court,Pune,India,gmail.com,Android,Debit Card,771,4,yes,0
CUST101153,Ira Nair,15,female,283680,INR,30,Gold,,10-04-2024,Monthly,2374.03,4,3,2,fashion,Delhi,India,GMAIL.COM,IOS,Cash,1758,1,No,1
CUST101154,Pooja Singh,37,Female,622984,INR,40,Gold,,,Daily,2984.26,16,5,10,Kids,jaipur,india,outlook.com,Mobile,Credit Card,2082,2,Yes,0
CUST101155,Saanvi Reddy,23,Female,292852,INR,22,Silver,,,monthly,1898.44,16,10,6,BEAUTY,Kolkata,INDIA,gmail.com,iOS,upi,507,5,Yes,1
CUST100995,Riya Das,59,FEMALE,1624964.875,INR,83,PLATINUM,,,Monthly,3987.86,1,0,1,Books,Bengaluru,INDIA,yahoo.com,Desktop,Cash,1754,3,No,1
CUST101157,Diya Nair,37,female,423455,INR,92,silver,,,monthly,1578.99,11,5,7,Home Decor,Chennai,India,GMAIL.COM,Android,Wallet,0,3,Yes,0
CUST101158,Kiara Singh,45,FEMALE,661594,INR,55,Silver,,10-07-2025,Daily,453.13,0,0,0,Fashion,pune,india,company.com,Desktop,UPI,993,1,yes,1
CUST101159,Meera Iyer,23,male,1624964.875,INR,64,Platinum,,,Monthly,910.7,2,1,0,Sports,Jaipur,india,gmail.com,android,Credit Card,1334,4,No,0
CUST101160,Aarav Sinha,41,MALE,327003,INR,56,PLATINUM,,,Daily,1514.84,4,0,4,sports,BENGALURU,india,GMAIL.COM,Desktop,upi,889,1,yes,0
CUST101161,Ira Sinha,50,Female,1251067,INR,83,basic,,,RARELY,2230.93,14,2,12,Home Decor,MUMBAI,india,hotmail.com,IOS,Cash,1010,5,Yes,0
CUST101162,Krishna Das,23,FEMALE,471440,INR,78,Silver,,,Daily,1528.68,55,26,27,Fashion,Hyderabad,INDIA,gmail.com,Android,Cash,1990,4,No,0
CUST101163,Ira Chopra,33,Other,1027128,INR,43,Silver,,17-01-2024,monthly,427.28,20,18,3,gaming,Hyderabad,India,company.com,iOS,Credit Card,64,5,No,0
CUST101164,Arjun Sharma,3.5,male,1624964.875,INR,95,PLATINUM,,,RARELY,5236.21,1,0,1,Food Court,AHMEDABAD,INDIA,GMAIL.COM,iOS,Credit Card,1734,4,yes,1
CUST101165,Neha Rao,44,Male,469218,USD,54,Platinum,,,Monthly,3148.7,16,7,8,food court,AHMEDABAD,India,gmail.com,Desktop,Credit Card,523,4,No,0
CUST101166,Amit Iyer,32,FEMALE,541373,INR,40,silver,,,Monthly,539.8,38,21,17,fashion,BENGALURU,India,gmail.com,Mobile,CREDIT CARD,1167,5,No,1
CUST101167,Meera Joshi,36,male,1624964.875,INR,30,PLATINUM,,,Monthly,1777.24,53,26,15,Books,ahmedabad,IN,rediffmail.com,Web,Credit Card,1240,4,Yes,0
CUST101168,Amit Sinha,41,MALE,1276701,INR,74,basic,18-03-2025,,Daily,1597.33,12,1,11,Sports,HYDERABAD,India,GMAIL.COM,IOS,upi,798,5,No,0
CUST101169,Myra Kapoor,34,Male,707826,USD,54,Silver,,,weekly,237.67,9,7,2,Food Court,PUNE,india,company.com,IOS,upi,1174,2,Yes,0
CUST101170,Amit Rao,32,female,1034366,INR,51,Gold,,,monthly,1182.57,6,0,5,BEAUTY,Ahmedabad,India,GMAIL.COM,Mobile,Credit Card,2805,1,no,0
CUST101171,Aadhya Mishra,43,Other,652742,INR,82,Silver,,,Daily,818.77,0,0,1,GAMING,JAIPUR,India,yahoo.com,Mobile,Cash,1248,5,No,0
CUST101172,Pooja Verma,25,MALE,651168,USD,93,basic,,11-05-2024,RARELY,642.65,18,15,3,Beauty,Jaipur,India,yahoo.com,Android,Credit Card,1473,4,Yes,0
CUST101173,Riya Nair,38,FEMALE,561204,INR,29,Silver,,26-10-2024,weekly,2549.31,21,10,10,Fashion,AHMEDABAD,India,hotmail.com,Web,Wallet,1647,1,yes,0
CUST101174,Priya Gupta,36,MALE,529610,INR,33,GOLD,,31-12-2025,Weekly,587.53,29,19,10,fashion,chenai,India,GMAIL.COM,IOS,Credit Card,2102,5,Yes,0
CUST101175,Riya Mishra,25,Male,1510667,INR,56,basic,17-10-2021,,Daily,1685.42,22,10,13,GAMING,lucknow,India,gmail.com,web,Credit Card,1960,1,no,0
CUST101176,Ananya Gupta,34,MALE,1624964.875,INR,10,Gold,22-04-2021,,Rarely,1763.35,3,2,0,gaming,JAIPUR,India,hotmail.com,web,Credit Card,1069,3,no,1
CUST101177,Aditya Rao,63.5,Female,1118074,INR,49,PLATINUM,,,Monthly,1735.78,10,3,6,KIDS,Kolkata,india,gmail.com,Web,upi,1521,5,yes,0
CUST101178,Amit Chopra,26,female,898045,INR,34,silver,,,Monthly,1933.57,55,13,29.5,kids,JAIPUR,India,hotmail.com,IOS,CREDIT CARD,1666,4,yes,0
CUST101179,Arjun Iyer,28,Female,648344,INR,45,PLATINUM,20-11-2022,02-01-2024,Weekly,1122.14,54,13,29.5,Beauty,Bengaluru,india,gmail.com,web,UPI,1109,3,Yes,0
CUST101180,Vihaan Sharma,44,MALE,898548,USD,66,silver,,05-02-2024,Rarely,5899.62625,29,16,13,HOME DECOR,CHENNAI,India,hotmail.com,Web,Credit Card,916,3,Yes,0
CUST101181,Ananya Joshi,45,MALE,510597,INR,62,PLATINUM,,,Daily,5569.46,10,9,0,Books,Lucknow,India,gmail.com,IOS,upi,693,2,no,0
CUST101182,Priya Kumar,33,female,691860,INR,59,PLATINUM,25-07-2024,,Monthly,1684.76,1,0,1,gaming,delhi,India,company.com,iOS,UPI,1039,5,No,1
CUST101183,Sai Joshi,28,Male,547083,INR,61,Silver,02-07-2025,,Daily,2442.09,6,4,2,Fashion,Chennai,india,rediffmail.com,Web,upi,1324,2,Yes,0
CUST101184,Amit Gupta,53,Male,674925,INR,57,Gold,,,Monthly,2392.35,8,5,2,Gaming,chenai,INDIA,outlook.com,web,upi,1466,5,No,0
CUST101185,Vihaan Chopra,59,MALE,498030,INR,51,silver,,,Monthly,1056.48,21,6,16,Fashion,jaipur,india,GMAIL.COM,web,upi,394,3,Yes,0
CUST101186,Priya Kumar,39,MALE,474368,INR,70,Gold,,,Rarely,1015.75,14,0,15,Food Court,Mumbai,India,GMAIL.COM,Android,Credit Card,1075,3,yes,1
CUST101188,Sai Nair,35,Male,915897,INR,59,PLATINUM,,,RARELY,927.46,0,0,0,HOME DECOR,Ahmedabad,India,rediffmail.com,Android,upi,1202,2,No,0
CUST101189,Aadhya Mehta,27,Male,362993,INR,70,GOLD,,,Rarely,5899.62625,43,11,29.5,Food Court,Delhi,india,yahoo.com,iOS,Credit Card,1661,4,No,0
CUST101190,Ira Gupta,18,female,538535,INR,57,basic,,24-03-2023,Daily,1634.11,46,26,6,Electronics,KOLKATA,India,company.com,Mobile,upi,196,5,yes,0
CUST101191,Aditya Das,15,Male,725285,INR,51,Basic,12-12-2022,,Daily,1539.85,55,19,29.5,Books,mumbai,India,gmail.com,IOS,Cash,59,5,yes,0
CUST101192,Pooja Khan,33,FEMALE,695004,INR,65,Silver,25-10-2024,,Rarely,1238.87,17,3,14,Fashion,NEW DELHI,India,outlook.com,Web,Credit Card,865,3,no,0
CUST101193,Aadhya Sinha,39,Other,730805,INR,52,Silver,,26-01-2023,Monthly,1267.23,14,12,1,fashion,chenai,India,hotmail.com,Web,CREDIT CARD,1164,1,No,0
CUST101194,Sara Gupta,39,FEMALE,895806,INR,61,Platinum,,,monthly,4647.64,20,4,17,Home Decor,MUMBAI,India,gmail.com,Desktop,upi,551,3,yes,1
CUST101195,Pooja Joshi,50,Other,247810,USD,57,Basic,,,Weekly,2198.93,15,9,6,Sports,Chennai,India,rediffmail.com,Desktop,CREDIT CARD,993,1,no,0
CUST100344,Reyansh Reddy,38,Male,651168,INR,57,Platinum,,,Daily,524.1,3,0,4,Grocery,Chennai,India,gmail.com,IOS,CREDIT CARD,1472,6,No,0
CUST101197,Vihaan Das,40,female,651168,INR,41,Silver,,,Weekly,2617.1,15,11,4,Books,chenai,India,hotmail.com,IOS,Credit Card,446,1,No,0
CUST101198,Diya Iyer,15,Male,930743,INR,65,PLATINUM,,,weekly,4047.12,10,3,7,Electronics,LUCKNOW,India,outlook.com,Android,Credit Card,1790,0,yes,0
CUST101199,Arjun Verma,45,Male,985618,INR,86,basic,27-11-2021,,monthly,2346.38,-3,26,8,grocery,MUMBAI,IN,company.com,web,upi,276,1,No,0
CUST101200,Ishaan Kapoor,37,MALE,611542,INR,66,silver,,,Monthly,1280.55,4,0,4,BEAUTY,Delhi,india,GMAIL.COM,android,UPI,1510,5,No,0
CUST101201,Arjun Khan,49,Female,801707,INR,54,silver,06-08-2025,,Monthly,2254.15,5,1,5,Electronics,Hyderabad,IN,hotmail.com,IOS,CREDIT CARD,1012,3,Yes,0
CUST101202,Rahul Mehta,40,Female,472304,INR,1,Gold,,,monthly,1309.82,8,0,9,Electronics,chenai,India,rediffmail.com,android,CREDIT CARD,1243,4,Yes,1
CUST101203,Arjun Kumar,33,Other,468376,INR,40,Platinum,11-09-2024,,Weekly,2317.18,8,3,6,Sports,Mumbai,India,GMAIL.COM,IOS,Credit Card,1039,1,yes,0
CUST101204,Amit Khan,27,Male,916167,USD,90,Silver,,,RARELY,634.94,28,15,13,kids,Pune,IN,gmail.com,android,UPI,1031,3,No,0
CUST101205,Arjun Nair,29,Male,587870,INR,90,Basic,,21-06-2023,Monthly,604.19,25,1,24,FOOD COURT,delhi,India,yahoo.com,iOS,Cash,885,2,No,0
CUST101206,Priya Mehta,30,male,643215,USD,56,GOLD,,18-04-2026,RARELY,1399.59,11,1,11,BEAUTY,Lucknow,IN,gmail.com,iOS,Wallet,2410,4,yes,0
CUST101207,Ishaan Das,20,Male,735174,INR,24,Platinum,,,Daily,3606.24,10,0,9,GAMING,jaipur,India,gmail.com,Web,upi,2287,1,no,0
CUST101208,Vivaan Iyer,33,Female,858677,INR,73,Platinum,,,Daily,3109.63,4,2,3,gaming,Pune,India,gmail.com,Web,upi,1527,3,yes,0
CUST101209,Priya Kumar,29,female,591601,INR,53,GOLD,,,Monthly,3003.95,55,10,29.5,Grocery,delhi,IN,gmail.com,Web,Cash,1663,2,yes,0
CUST101210,Krishna Rao,20,Other,885845,INR,70,basic,,,Monthly,2485.68,1,0,0,GAMING,chenai,INDIA,GMAIL.COM,Mobile,Credit Card,1943,3,yes,0
CUST101211,Rahul Das,54,Other,883357,INR,58,Gold,,,weekly,777.05,0,0,0,Grocery,Bengaluru,India,company.com,Desktop,upi,1118,1,No,0
CUST101213,Vivaan Joshi,21,FEMALE,391853,INR,55,Silver,08-04-2024,,Monthly,391.37,34,22,13,SPORTS,Pune,India,gmail.com,web,upi,1360,2,No,0
CUST101214,Vihaan Chopra,30,Male,985519,INR,68,GOLD,,,Monthly,3364.33,10,8,2,food court,jaipur,IN,company.com,Web,CREDIT CARD,732,1,No,0
CUST101215,Neha Iyer,41,Female,1624964.875,INR,73,Silver,06-05-2023,12-07-2023,Monthly,2397,3,2,1,Gaming,CHENNAI,India,gmail.com,android,Credit Card,2090,2,Yes,0
CUST101216,Meera Sharma,50,MALE,883760,INR,37,PLATINUM,,,monthly,4219.29,0,0,0,Gaming,chenai,INDIA,gmail.com,Desktop,Wallet,404,2,No,0
CUST101217,Neha Singh,43,Female,885789,INR,76,Platinum,15-01-2022,,weekly,4843.11,55,26,8,Sports,KOLKATA,India,gmail.com,Mobile,upi,412,5,yes,1
CUST101218,Vihaan Iyer,37,Male,413976,INR,86,Silver,,,Monthly,265.65,28,20,9,Electronics,Kolkata,India,GMAIL.COM,Android,Wallet,1718,1,Yes,0
CUST101219,Sara Kumar,17,Other,1065588,INR,68,Basic,,,Monthly,727.89,3,2,1,Gaming,jaipur,India,yahoo.com,IOS,Wallet,1778,1,Yes,0
CUST101220,Sai Sinha,3.5,FEMALE,372029,INR,100,Platinum,,,RARELY,1814.65,17,0,16,KIDS,ahmedabad,INDIA,gmail.com,web,Cash,1946,1,no,1
CUST101221,Sara Kapoor,23,Male,1,INR,28,Silver,20-08-2024,,monthly,2954.34,2,1,1,sports,Delhi,india,gmail.com,web,Credit Card,909,2,yes,1
CUST101222,Ayaan Mehta,62,MALE,1049515,INR,39,silver,,,monthly,1904.19,10,2,9,Sports,KOLKATA,IN,rediffmail.com,android,Credit Card,942,5,yes,1
CUST101223,Myra Nair,38,Female,502350,USD,80,GOLD,,,Weekly,2782.29,30,14,17,Books,hyderabad,INDIA,yahoo.com,Web,Credit Card,0,3,Yes,1
CUST101224,Neha Khan,39,Female,817284,INR,39,Platinum,,,monthly,2583.86,0,0,1,electronics,Delhi,india,gmail.com,Web,upi,618,5,Yes,0
CUST101225,Ishaan Nair,38,Female,681382,INR,49,Basic,,,weekly,2438.9,3,2,2,Electronics,Delhi,India,hotmail.com,Desktop,CREDIT CARD,1434,3,No,0
CUST101226,Saanvi Mehta,24,MALE,759267,INR,38,Gold,,,Weekly,735.76,8,4,5,Beauty,Pune,India,GMAIL.COM,Mobile,upi,585,3,Yes,1
CUST101227,Saanvi Patel,46,MALE,321012,INR,88,Platinum,04-04-2025,04-09-2025,Weekly,1021.37,40,26,5,fashion,Kolkata,India,outlook.com,IOS,upi,365,2,Yes,1
CUST101228,Krishna Kapoor,37,FEMALE,477244,INR,47,Basic,,,Monthly,5097.85,3,0,2,FOOD COURT,Jaipur,INDIA,gmail.com,web,Wallet,256,3,Yes,0
CUST101229,Riya Kapoor,35,Male,716929,INR,91,Platinum,,,monthly,2530.48,9,6,3,Sports,ahmedabad,IN,company.com,Android,Credit Card,875,5,No,0
CUST101230,Saanvi Das,29,MALE,1030264,INR,62,Gold,14-08-2021,,monthly,876.12,31,14,18,GROCERY,mumbai,India,gmail.com,IOS,Credit Card,700,4,yes,0
CUST101231,Meera Joshi,29,Female,895562,INR,31,silver,,,weekly,379.5,3,2,1,food court,Mumbai,INDIA,hotmail.com,web,UPI,2107,4,Yes,1
CUST101232,Ishaan Sinha,38,Female,1553159,INR,61,silver,,,RARELY,1460.64,37,6,29.5,Gaming,Bengaluru,IN,hotmail.com,Android,CREDIT CARD,1154,2,Yes,1
CUST101233,Sara Das,3.5,female,653038,USD,52,PLATINUM,,,monthly,3447.73,0,0,0,Home Decor,Kolkata,India,GMAIL.COM,Web,upi,2022,3,yes,1
CUST101234,Reyansh Iyer,25,Male,928922,INR,71,Gold,,14-02-2026,Daily,551.75,10,2,7,Sports,hyderabad,IN,gmail.com,Desktop,CREDIT CARD,1083,4,Yes,0
CUST101235,Vivaan Sharma,56,Other,1219966,INR,65,basic,,,RARELY,1796.06,40,6,29.5,FASHION,Hyderabad,India,hotmail.com,IOS,Debit Card,1689,2,no,0
CUST101237,Sara Das,63.5,Other,616994,INR,82,Basic,26-08-2021,,Rarely,-250,23,13,9,Food Court,Kolkata,India,GMAIL.COM,Web,upi,1865,2,no,0
CUST101238,Rahul Iyer,20,MALE,328435,INR,40,Gold,,,monthly,5899.62625,41,26,15,Grocery,lucknow,india,hotmail.com,IOS,upi,1071,5,no,0
CUST101239,Vivaan Sinha,50,Male,1282969,USD,29,Gold,,28-08-2022,Monthly,1817.89,49,26,9,Home Decor,BENGALURU,India,yahoo.com,IOS,Wallet,2922.125,4,Yes,1
CUST101240,Neha Mishra,35,FEMALE,968197,INR,71,PLATINUM,,,Monthly,390.37,23,6,16,Home Decor,Hyderabad,India,yahoo.com,web,upi,411,2,No,0
CUST101241,Aditya Singh,48,Other,585398,USD,44,Gold,,,RARELY,1093.87,55,26,4,GAMING,Kolkata,India,company.com,Mobile,UPI,465,1,Yes,0
CUST101243,Kiara Nair,22,MALE,877385,INR,62,Silver,,,Rarely,964.01,5,2,3,Grocery,chenai,India,yahoo.com,Android,CREDIT CARD,182,2,No,0
CUST101244,Krishna Kumar,23,MALE,530764,INR,52,PLATINUM,,,RARELY,5369.33,31,9,23,Grocery,BENGALURU,INDIA,gmail.com,Mobile,UPI,1453,2,Yes,0
CUST101245,Ananya Reddy,40,Male,1158786,INR,37,PLATINUM,,,Weekly,1149.57,20,12,9,Fashion,MUMBAI,india,yahoo.com,Mobile,Wallet,1298,1,Yes,0
CUST101246,Aadhya Das,63.5,Male,651168,INR,61,Platinum,,,RARELY,2179.64,4,3,1,Grocery,chenai,India,rediffmail.com,web,Cash,1647,5,Yes,0
CUST101247,Saanvi Mehta,25,Female,1546408,USD,30,Basic,,,Daily,1161.57,11,6,5,Home Decor,KOLKATA,India,hotmail.com,Web,Credit Card,327,1,no,1
CUST101248,Myra Singh,26,Female,651168,INR,61,Platinum,,,RARELY,4070.64,27,26,1,Sports,Lucknow,India,outlook.com,IOS,Credit Card,0,2,Yes,0
CUST101249,Amit Nair,36,Female,433449,INR,55,GOLD,,,Monthly,1284.68,12,10,2,Kids,NEW DELHI,India,GMAIL.COM,web,UPI,1326,3,No,0
CUST101250,Reyansh Singh,60,Male,703027,INR,50,Platinum,,,weekly,1159.61,32,17,15,KIDS,Hyderabad,India,yahoo.com,Web,upi,956,4,Yes,0
CUST101251,Ishaan Mehta,33,male,1612138,INR,39,Basic,,,RARELY,1324.35,16,4,13,gaming,mumbai,India,gmail.com,Mobile,Credit Card,1216,2,Yes,0
CUST101252,Saanvi Iyer,26,Male,306378,INR,44,PLATINUM,12-09-2024,,weekly,1012.29,43,18,25,Kids,ahmedabad,INDIA,gmail.com,Mobile,upi,1839,2,no,0
CUST101253,Ira Singh,39,MALE,-50000,INR,46,basic,,19-01-2022,Rarely,2828.36,26,5,21,KIDS,JAIPUR,India,GMAIL.COM,android,Debit Card,2166,1,No,1
CUST101254,Ananya Kumar,35,Other,1028678,INR,70,Platinum,,,monthly,2661.01,18,0,19,Beauty,Mumbai,India,company.com,IOS,Wallet,625,2,Yes,1
CUST101255,Rahul Sinha,60,MALE,1061830,INR,98,Platinum,,,weekly,1593.09,45,26,13,gaming,ahmedabad,India,gmail.com,Mobile,Credit Card,2698,2,yes,0
CUST101256,Sara Iyer,31,MALE,293573,INR,68,silver,,18-11-2025,Monthly,1444.66,21,19,2,Grocery,Ahmedabad,India,gmail.com,IOS,Debit Card,211,5,yes,0
CUST101258,Ishaan Mehta,11,Male,651168,INR,29,Gold,,,monthly,1674.42,2,1,1,Grocery,lucknow,india,rediffmail.com,IOS,Credit Card,604,3,No,1
CUST101259,Sai Sharma,45,MALE,328219,INR,100,Basic,,,Monthly,2917.71,28,8,20,home decor,delhi,India,gmail.com,android,Cash,1116,4,no,0
CUST101260,Aarav Sinha,35,Female,443424,INR,39,Gold,,,Daily,5899.62625,45,26,2,FOOD COURT,KOLKATA,india,gmail.com,IOS,Credit Card,1006,1,Yes,0
CUST101261,Aadhya Verma,30,male,589570,USD,44,Gold,,,RARELY,1294.1,34,18,17,Gaming,Lucknow,India,GMAIL.COM,Android,UPI,1402,1,yes,0
CUST101262,Riya Sinha,41,female,428980,INR,54,Silver,,,weekly,2632.02,31,13,18,home decor,Pune,IN,company.com,IOS,Cash,-50,2,No,0
CUST101263,Vihaan Nair,22,MALE,1474765,INR,67,silver,,,Rarely,1568.62,11,8,4,Grocery,lucknow,India,outlook.com,android,Cash,1075,3,Yes,0
CUST101264,Ananya Nair,37,FEMALE,347491,INR,58,Silver,,01-05-2026,monthly,1576.93,55,26,29.5,FOOD COURT,Hyderabad,india,outlook.com,iOS,upi,1714,2,yes,0
CUST101265,Vihaan Gupta,3.5,female,703764,INR,65,Basic,,,monthly,1166.39,3,1,1,Home Decor,lucknow,India,company.com,iOS,Wallet,2387,3,Yes,0
CUST101266,Amit Gupta,33,MALE,1624964.875,INR,50,Silver,31-07-2021,,weekly,894.15,25,9,16,ELECTRONICS,Chennai,IN,yahoo.com,Desktop,CREDIT CARD,0,4,no,0
CUST101267,Vivaan Patel,32,Female,1414690,INR,12,Gold,,,Monthly,5899.62625,24,22,1,Beauty,Delhi,india,outlook.com,Android,Wallet,102,1,No,0
CUST101268,Aadhya Sinha,34,female,686640,INR,82,silver,,23-09-2024,Weekly,2868.54,16,3,13,GAMING,Kolkata,India,yahoo.com,IOS,CREDIT CARD,1307,4,Yes,1
CUST100616,Amit Das,29,MALE,585339,INR,68,Gold,28-06-2022,,weekly,1156.78,36,2,29.5,Books,Hyderabad,India,yahoo.com,IOS,Debit Card,426,3,Yes,1
CUST101270,Kiara Rao,30,Male,185024,INR,57,Gold,,20-07-2023,Weekly,709.98,10,7,4,Beauty,Bengaluru,India,company.com,web,Cash,2000,4,No,0
CUST101271,Saanvi Khan,35,FEMALE,715337,INR,16,PLATINUM,,,monthly,1885.76,13,8,4,BEAUTY,BENGALURU,India,outlook.com,IOS,Cash,641,2,Yes,0
CUST101272,Ishaan Kapoor,47,Other,461839,INR,64,Platinum,,,Weekly,1010.19,33,8,26,GAMING,Pune,India,gmail.com,android,UPI,1176,3,yes,0
CUST101273,Priya Verma,35,female,286522,INR,60,Gold,,,Monthly,3271.09,0,0,1,BOOKS,Mumbai,India,outlook.com,web,Cash,1003,3,Yes,0
CUST101274,Vihaan Joshi,25,Male,925466,INR,32,Silver,,27-03-2022,Monthly,1279.29,18,16,2,books,Kolkata,INDIA,rediffmail.com,IOS,upi,1349,3,No,1
CUST101275,Vihaan Mehta,33,MALE,658179,INR,47,Gold,,,monthly,4793.48,55,26,26,Food Court,Delhi,IN,outlook.com,Mobile,Wallet,1183,3,No,0
CUST101276,Sai Das,31,male,1624964.875,USD,59,Silver,10-06-2024,,Monthly,4392.7,18,5,12,fashion,Hyderabad,India,GMAIL.COM,Android,upi,1030,5,no,0
CUST101277,Vihaan Khan,14,male,651168,INR,64,Gold,,,Daily,1411.21,16,14,2,kids,Jaipur,IN,rediffmail.com,Mobile,Credit Card,661,5,No,0
CUST101278,Sara Chopra,10,Female,936406,USD,15,Silver,31-08-2022,,monthly,2342.07,14,11,3,food court,NEW DELHI,INDIA,gmail.com,iOS,UPI,2378,2,No,1
CUST101279,Reyansh Chopra,23,Male,695113,INR,21,Gold,,,Monthly,1316.57,5,3,1,KIDS,mumbai,IN,gmail.com,IOS,UPI,934,4,yes,1
CUST101280,Pooja Gupta,31,FEMALE,586741,INR,53,Platinum,,,RARELY,988.64,21,3,18,Fashion,Mumbai,India,rediffmail.com,android,Cash,1622,2,Yes,0
CUST101281,Vivaan Mehta,25,MALE,364021,INR,78,Gold,,,weekly,5899.62625,8,6,1,GAMING,PUNE,India,gmail.com,Desktop,UPI,2228,3,No,0
CUST101282,Aarav Nair,48,MALE,651168,INR,86,Silver,,,Rarely,3478.44,16,8,9,Electronics,MUMBAI,INDIA,outlook.com,Mobile,Debit Card,1280,5,Yes,0
CUST101283,Neha Kumar,50,Other,583326,USD,71,Basic,,21-04-2026,weekly,900.86,13,8,4,FASHION,pune,INDIA,company.com,web,Debit Card,1829,4,Yes,0
CUST101284,Amit Reddy,43,Male,982801,INR,20,PLATINUM,,,Weekly,5899.62625,37,26,2,KIDS,Chennai,India,company.com,Mobile,Cash,1341,4,No,0
CUST101285,Pooja Kumar,23,MALE,661460,INR,57,basic,,28-03-2023,weekly,1705.21,11,1,10,FASHION,Kolkata,India,gmail.com,Mobile,CREDIT CARD,796,1,No,0
CUST101286,Neha Das,47,FEMALE,1003295,INR,34,Gold,,,weekly,1673.88,7,0,8,Gaming,lucknow,IN,yahoo.com,Desktop,Credit Card,291,3,Yes,0
CUST101287,Reyansh Kumar,35,male,651168,INR,56,basic,,,Daily,1062.74,33,7,25,gaming,jaipur,India,GMAIL.COM,IOS,upi,2627,7,no,0
CUST101288,Sai Sharma,24,MALE,248009,USD,26,basic,,03-03-2025,RARELY,2222.81,15,3,12,GROCERY,jaipur,India,rediffmail.com,iOS,Wallet,2146,5,Yes,0
CUST101289,Sai Sinha,23,Male,651168,INR,27,Platinum,,,Weekly,978.12,14,1,12,BOOKS,Ahmedabad,India,gmail.com,Web,Credit Card,912,2,Yes,0
CUST101290,Ishaan Reddy,41,FEMALE,829392,INR,13,Silver,,,monthly,1591.01,4,0,5,Kids,Mumbai,India,rediffmail.com,IOS,CREDIT CARD,2274,3,no,1
CUST101292,Reyansh Rao,37,Male,1016523,INR,69,Silver,14-03-2023,,RARELY,1195.73,11,8,4,GAMING,Lucknow,India,company.com,IOS,Credit Card,239,4,yes,0
CUST101293,Sai Chopra,29,Other,1050554,INR,54,Gold,10-03-2021,03-09-2021,monthly,1291.38,55,26,12,Electronics,Mumbai,india,hotmail.com,Web,UPI,1556,5,Yes,1
CUST101294,Vihaan Das,27,Other,650580,INR,24,Gold,,,Monthly,1831.35,19,8,12,Gaming,mumbai,india,yahoo.com,Web,UPI,1304,5,yes,0
CUST101295,Amit Khan,33,FEMALE,651168,INR,34,GOLD,,,Monthly,2213.48,5,1,5,FASHION,Lucknow,IN,outlook.com,web,Wallet,911,5,no,0
CUST101296,Kiara Reddy,29,Male,760446,USD,30,Platinum,,,Rarely,2366.55,7,5,3,Fashion,LUCKNOW,india,gmail.com,Android,Cash,822,4,yes,0
CUST101297,Aditya Sinha,33,Female,1079854,INR,59,PLATINUM,,,monthly,2466.53,17,6,10,Kids,CHENNAI,India,GMAIL.COM,Desktop,UPI,1111,1,no,0
CUST101298,Saanvi Khan,28,female,298983,USD,44,Gold,,,Weekly,2435.87,10,4,5,Kids,PUNE,India,rediffmail.com,IOS,UPI,1500,5,no,0
CUST101299,Ira Verma,9,male,1502515,INR,30,Basic,,,Weekly,405.49,6,2,4,books,Bengaluru,India,gmail.com,Desktop,upi,1136,3,No,0
CUST101300,Meera Nair,20,male,1207475,INR,38,basic,,,weekly,2401.42,39,24,14,KIDS,Bengaluru,India,hotmail.com,android,Credit Card,1633,4,Yes,0
CUST101301,Sara Patel,28,MALE,439240,INR,69,Silver,,,Rarely,3596.38,29,26,2,home decor,Mumbai,IN,outlook.com,Mobile,Credit Card,1329,1,Yes,0
CUST101302,Saanvi Sharma,34,Female,1562770,INR,56,Silver,,02-06-2023,Monthly,1440.16,25,3,21,Grocery,Mumbai,IN,GMAIL.COM,IOS,CREDIT CARD,594,3,No,0
CUST101303,Amit Mishra,58,Other,505824,INR,52,Gold,,,Weekly,1171.95,0,0,0,Food Court,pune,INDIA,outlook.com,Mobile,upi,907,2,yes,1
CUST101304,Ananya Das,35,Male,383417,INR,70,Gold,,,Weekly,3459.28,8,7,0,Electronics,Jaipur,INDIA,gmail.com,android,upi,1157,3,No,0
CUST101306,Arjun Rao,8,MALE,1132109,INR,52,GOLD,,,Weekly,981.14,8,5,4,sports,Lucknow,India,hotmail.com,Web,CREDIT CARD,1218,4,No,1
CUST101307,Vivaan Nair,27,Male,955751,INR,74,Silver,,,Weekly,3490.62,4,2,2,grocery,mumbai,INDIA,hotmail.com,Android,upi,1109,3,no,0
CUST101308,Aadhya Khan,10,female,1344005,USD,57,silver,12-09-2023,,monthly,533.49,15,6,8,Electronics,Hyderabad,india,gmail.com,iOS,Cash,1029,4,yes,0
CUST101309,Vivaan Das,38,male,149830,INR,38,PLATINUM,,,Daily,5899.62625,3,1,1,ELECTRONICS,Kolkata,IN,gmail.com,web,Cash,1721,4,Yes,0
CUST101312,Kiara Singh,33,female,600803,INR,48,Basic,23-05-2024,,Monthly,5899.62625,9,4,5,food court,ahmedabad,India,gmail.com,web,CREDIT CARD,1523,4,No,0
CUST101313,Ayaan Kumar,56,Female,511426,INR,53,basic,03-03-2023,,Weekly,5899.62625,1,0,2,food court,Delhi,INDIA,gmail.com,Android,upi,1743,3,yes,1
CUST101314,Ananya Kapoor,29,male,283218,INR,43,Platinum,,,weekly,1020.78,5,2,2,Beauty,Kolkata,India,gmail.com,Android,CREDIT CARD,344,3,yes,0
CUST101315,Krishna Gupta,27,Other,224428,INR,75,GOLD,11-04-2023,,Daily,3495.8,5,1,3,Food Court,MUMBAI,india,hotmail.com,IOS,Credit Card,854,5,Yes,0
CUST101316,Ananya Chopra,54,Male,532470,INR,85,basic,,,weekly,3307.3,50,9,29.5,Electronics,jaipur,India,outlook.com,Android,UPI,979,1,No,1
CUST101317,Amit Das,40,MALE,374265,INR,100,Gold,,,RARELY,889.23,11,2,9,Books,MUMBAI,India,GMAIL.COM,IOS,upi,931,3,yes,0
CUST101318,Saanvi Gupta,28,MALE,779224,INR,72,basic,12-12-2023,,Weekly,401.49,36,5,29.5,Home Decor,Mumbai,India,GMAIL.COM,Android,CREDIT CARD,516,1,No,0
CUST101170,Kiara Das,30,Male,620784,INR,60,GOLD,,28-03-2023,monthly,1367.6,5,2,2,Books,Bengaluru,INDIA,GMAIL.COM,IOS,Cash,1974,3,No,0
CUST101320,Neha Chopra,44,MALE,351687,INR,71,silver,,24-09-2024,Weekly,1476.94,24,4,20,Sports,pune,IN,hotmail.com,Web,UPI,485,2,No,0
CUST101321,Ira Khan,27,MALE,1624964.875,INR,64,Gold,,,monthly,1842.92,9,5,3,Beauty,bengaluru,INDIA,outlook.com,Mobile,Wallet,440,1,yes,0
CUST101322,Ira Verma,27,Male,651168,INR,64,Gold,,,Rarely,2904.25,27,5,23,SPORTS,BENGALURU,INDIA,yahoo.com,web,UPI,404,1,No,1
CUST101323,Neha Mishra,14,Other,331288,INR,71,Silver,,14-03-2026,weekly,898.49,15,12,4,Electronics,Kolkata,INDIA,GMAIL.COM,Desktop,UPI,1754,5,No,0
CUST101324,Vihaan Mehta,28,MALE,537372,INR,66,silver,,,Monthly,1884.79,55,12,29.5,kids,Delhi,India,gmail.com,iOS,CREDIT CARD,1596,1,yes,0
CUST101325,Rahul Verma,43,Female,1457168,INR,43,silver,,09-01-2025,RARELY,5899.62625,4,0,5,Food Court,jaipur,INDIA,company.com,IOS,UPI,1519,2,Yes,0
CUST101326,Reyansh Reddy,9,Male,319145,INR,31,Platinum,13-10-2022,31-12-2023,Monthly,1320.46,55,26,13,GAMING,Ahmedabad,india,gmail.com,Mobile,Cash,1002,5,Yes,1
CUST101327,Kiara Patel,37,male,1624964.875,INR,68,Basic,,,Monthly,2061.93,12,5,7,Food Court,BENGALURU,India,GMAIL.COM,android,upi,484,1,No,0
CUST101328,Vihaan Chopra,14,Other,461869,INR,88,Silver,11-02-2022,,weekly,5899.62625,50,26,22,gaming,jaipur,INDIA,outlook.com,Web,Cash,1319,4,no,1
CUST101329,Vihaan Sharma,33,male,1173724,INR,26,Basic,03-06-2021,10-06-2021,Monthly,2345.4,55,17,29.5,HOME DECOR,AHMEDABAD,INDIA,company.com,IOS,Debit Card,40,4,yes,0
CUST101330,Arjun Verma,3.5,male,1162559,INR,29,PLATINUM,,,Daily,463.84,3,1,2,BEAUTY,BENGALURU,India,GMAIL.COM,IOS,Credit Card,1317,1,Yes,1
CUST100851,Meera Gupta,33,female,1624964.875,USD,31,GOLD,18-01-2022,17-08-2023,Monthly,2444.74,9,6,4,KIDS,Hyderabad,India,gmail.com,Web,upi,2159,5,Yes,0
CUST101332,Ira Rao,33,Other,775150,INR,39,PLATINUM,,,Monthly,2811.74,0,0,0,kids,PUNE,India,hotmail.com,android,Cash,1708,1,No,0
CUST101333,Vihaan Joshi,32,male,224084,INR,47,GOLD,06-07-2025,18-07-2025,Weekly,1927.71,2,1,1,Home Decor,MUMBAI,india,gmail.com,web,Credit Card,1431,5,Yes,0
CUST101334,Aditya Mehta,46,MALE,844797,USD,54,Basic,,03-09-2022,Weekly,1923.88,41,1,29.5,GAMING,pune,India,rediffmail.com,web,upi,1315,5,yes,0
CUST101335,Meera Chopra,48,FEMALE,501049,INR,18,Silver,,,Monthly,-250,12,9,3,Beauty,Hyderabad,India,gmail.com,IOS,Cash,1065,1,Yes,0
CUST101336,Arjun Khan,31,Male,985980,USD,41,GOLD,,16-12-2022,Rarely,3583.82,1,0,1,food court,Ahmedabad,India,gmail.com,Web,Debit Card,1026,1,Yes,0
CUST101337,Rahul Mishra,50,FEMALE,745561,INR,57,Basic,,,weekly,1057.78,55,26,29.5,Electronics,PUNE,india,yahoo.com,web,Credit Card,1735,5,Yes,0
CUST101338,Kiara Sharma,24,Male,996605,INR,70,Silver,,,Daily,5899.62625,17,9,8,GROCERY,chenai,India,yahoo.com,iOS,Wallet,1231,3,Yes,0
CUST101339,Meera Khan,46,Female,651168,INR,51,Silver,,,Rarely,1251.48,42,10,29.5,Electronics,Chennai,india,rediffmail.com,android,upi,0,5,No,1
CUST101340,Ananya Kapoor,25,female,571837,INR,57,silver,,30-06-2022,Rarely,1064.55,43,26,9,ELECTRONICS,pune,India,hotmail.com,iOS,UPI,283,3,Yes,0
CUST101341,Sara Kumar,30,male,1624964.875,INR,20,silver,,,Monthly,1685.05,5,3,2,Food Court,Pune,INDIA,gmail.com,web,upi,1148,2,No,0
CUST101342,Vihaan Sharma,36,male,295355,INR,50,Platinum,,30-12-2023,RARELY,637.72,18,8,11,Books,KOLKATA,india,rediffmail.com,web,Debit Card,2471,5,No,1
CUST101343,Arjun Iyer,55,Female,602523,INR,9,PLATINUM,,,monthly,2760.53,6,4,2,sports,KOLKATA,india,GMAIL.COM,android,CREDIT CARD,1148,1,Yes,0
CUST101345,Krishna Iyer,28,Male,889070,INR,65,Silver,,,RARELY,3186.12,11,8,4,Grocery,Kolkata,India,outlook.com,android,Cash,381,4,Yes,0
CUST101346,Aadhya Nair,24,MALE,706637,INR,55,PLATINUM,,,monthly,597.05,8,3,5,Grocery,jaipur,india,company.com,IOS,Credit Card,240,1,no,0
CUST101347,Diya Singh,38,Female,1208462,USD,68,Silver,25-03-2021,03-10-2022,RARELY,-250,18,6,13,grocery,Lucknow,India,gmail.com,IOS,Credit Card,543,4,Yes,0
CUST101348,Aarav Singh,37,Other,1210208,INR,7,silver,16-10-2023,,Weekly,1729.09,28,18,9,Fashion,delhi,India,company.com,web,upi,1564,5,Yes,0
CUST101349,Aadhya Nair,40,Male,648622,INR,38,Silver,,,Monthly,2676.22,14,7,7,Sports,mumbai,india,company.com,Web,UPI,649,3,yes,1
CUST101350,Priya Reddy,29,MALE,1112086,INR,88,Silver,07-12-2024,,Monthly,1814.65,11,6,5,beauty,Pune,INDIA,gmail.com,Web,Debit Card,2438,5,Yes,0
CUST101351,Sara Das,43,Female,424163,INR,58,Silver,,,Rarely,689.11,21,3,17,Electronics,MUMBAI,India,company.com,web,Credit Card,2120,3,yes,0
CUST101352,Meera Reddy,44,male,811346,INR,68,Gold,,,Daily,5899.62625,6,4,2,Beauty,Delhi,India,gmail.com,IOS,Credit Card,676,4,yes,0
CUST101353,Aarav Mehta,35,Male,836862,INR,64,Basic,,,Weekly,5899.62625,17,0,17,beauty,hyderabad,India,gmail.com,IOS,Debit Card,1071,4,yes,0
CUST101354,Neha Mehta,14,Female,1418469,USD,41,Gold,,,RARELY,986.14,42,7,29.5,FASHION,hyderabad,INDIA,outlook.com,iOS,Credit Card,1084,4,no,1
CUST101355,Priya Kumar,40,Male,1538024,INR,23,GOLD,,,Monthly,740.66,7,4,2,KIDS,Ahmedabad,India,gmail.com,android,UPI,2650,3,No,1
CUST101356,Amit Khan,56,Other,387747,USD,40,basic,,,monthly,5899.62625,4,3,2,Beauty,NEW DELHI,IN,gmail.com,Desktop,Cash,2107,5,Yes,0
CUST101357,Reyansh Mehta,52,Female,980529,INR,36,Platinum,,,Monthly,5899.62625,44,4,29.5,Kids,Jaipur,india,outlook.com,android,upi,387,4,No,0
CUST101358,Aarav Joshi,36,male,352454,INR,64,PLATINUM,,,weekly,1096.57,7,5,2,gaming,mumbai,India,gmail.com,Web,Credit Card,735,5,yes,0
CUST101359,Ayaan Singh,58,Female,1130822,INR,60,Silver,,,Rarely,964.33,0,0,0,grocery,Lucknow,IN,outlook.com,Mobile,Wallet,940,4,no,1
CUST101360,Neha Das,31,Female,651168,INR,36,PLATINUM,,,Monthly,1814.65,25,0,25,Electronics,bengaluru,India,hotmail.com,Web,Wallet,2559,4,no,0
CUST101361,Myra Iyer,37,Female,1624964.875,INR,60,Silver,,,RARELY,546.54,55,26,11,Fashion,Hyderabad,india,hotmail.com,iOS,UPI,712,3,yes,0
CUST101362,Ayaan Singh,41,Male,361416,INR,9,Basic,,,weekly,1517.82,1,0,1,beauty,Hyderabad,India,company.com,android,Debit Card,1071,1,yes,1
CUST101363,Amit Kumar,63.5,MALE,827147,INR,100,Silver,,,monthly,715.59,1,0,1,Books,MUMBAI,india,rediffmail.com,Web,Credit Card,488,3,No,0
CUST101364,Ishaan Sinha,23,FEMALE,421681,INR,49,Gold,,08-02-2025,Daily,1527.61,1,0,1,SPORTS,KOLKATA,India,outlook.com,IOS,Debit Card,1546,0,No,0
CUST101365,Myra Patel,40,female,641261,INR,79,Silver,27-07-2022,,Monthly,1619.77,27,3,24,FOOD COURT,bengaluru,India,rediffmail.com,IOS,Wallet,513,1,No,1
CUST101366,Amit Singh,41,Male,517274,INR,42,PLATINUM,,,Weekly,972.41,3,2,2,beauty,MUMBAI,India,gmail.com,iOS,Cash,1730,5,Yes,0
CUST101367,Rahul Joshi,49,MALE,1200699,INR,43,GOLD,07-01-2023,18-07-2024,Weekly,2021.27,8,7,1,BOOKS,chenai,india,hotmail.com,IOS,Credit Card,2341,1,Yes,0
CUST101368,Priya Kapoor,41,male,489532,USD,41,Gold,,,Monthly,1238.08,2,1,2,FOOD COURT,Jaipur,IN,rediffmail.com,IOS,Wallet,1226,4,no,0
CUST101369,Pooja Patel,35,Male,823629,INR,70,Platinum,,,RARELY,3571.68,14,10,4,fashion,pune,India,company.com,android,UPI,667,1,Yes,0
CUST101370,Krishna Nair,43,Other,285144,USD,38,Silver,12-04-2024,,RARELY,1153.28,41,8,29.5,Food Court,Hyderabad,India,GMAIL.COM,iOS,Wallet,0,5,yes,0
CUST101371,Neha Das,60,MALE,1624964.875,USD,54,Basic,29-03-2024,28-11-2025,Daily,3299.65,3,2,1,Sports,chenai,IN,rediffmail.com,web,CREDIT CARD,1659,4,No,0
CUST101372,Sai Mishra,25,MALE,791782,INR,1,PLATINUM,,,weekly,2477.88,5,2,2,SPORTS,Bengaluru,INDIA,outlook.com,Desktop,Cash,1391,3,No,0
CUST101373,Amit Mehta,22,MALE,472879,INR,68,Gold,,,Monthly,592.58,1,0,0,Beauty,LUCKNOW,India,yahoo.com,web,UPI,2009,1,No,0
CUST101374,Rahul Kumar,40,male,546862,INR,56,Silver,,,monthly,2240.66,7,3,5,GROCERY,KOLKATA,INDIA,gmail.com,Desktop,upi,1356,5,No,0
CUST101375,Priya Mishra,36,MALE,651168,INR,52,Gold,,,Daily,4841.04,11,8,2,BEAUTY,Bengaluru,INDIA,gmail.com,IOS,CREDIT CARD,1507,4,No,0
CUST101376,Diya Joshi,3.5,FEMALE,886200,USD,92,Gold,,,weekly,5273.71,16,4,12,Electronics,MUMBAI,INDIA,hotmail.com,Web,upi,655,3,No,0
CUST101377,Kiara Patel,23,Male,1040171,INR,57,Silver,,,Weekly,461.99,12,0,13,Grocery,lucknow,india,gmail.com,web,Debit Card,777,3,No,1
CUST101378,Meera Gupta,45,female,590697,INR,40,Silver,,08-06-2023,weekly,1843.66,5,0,6,beauty,jaipur,IN,yahoo.com,IOS,Cash,1222,3,No,0
CUST101379,Neha Das,37,Other,731198,INR,36,Platinum,,,Monthly,937.47,1,0,2,Grocery,CHENNAI,IN,gmail.com,android,CREDIT CARD,0,1,No,0
CUST101380,Neha Sinha,29,MALE,368947,USD,72,Silver,,,Rarely,2778.94,33,24,9,Fashion,Lucknow,IN,outlook.com,iOS,UPI,2446,1,No,1
CUST101381,Arjun Iyer,35,male,1440889,INR,51,PLATINUM,,23-08-2022,Monthly,5899.62625,55,26,2,Grocery,Delhi,India,company.com,Desktop,Wallet,511,5,Yes,0
CUST101382,Krishna Gupta,37,male,1147469,INR,57,silver,,,monthly,775.68,5,4,0,kids,AHMEDABAD,India,gmail.com,IOS,upi,838,1,no,0
CUST101383,Reyansh Singh,3.5,female,1624964.875,INR,80,Gold,30-11-2024,11-12-2024,Daily,380.71,7,0,8,Grocery,Bengaluru,IN,outlook.com,iOS,upi,1723,5,No,0
CUST101384,Myra Mishra,42,Male,941684,INR,64,Gold,,,RARELY,-250,14,1,13,kids,Pune,india,outlook.com,IOS,CREDIT CARD,1175,5,No,0
CUST101385,Diya Mehta,30,MALE,640584,INR,50,Platinum,,,monthly,993.63,26,12,14,books,Bengaluru,IN,company.com,IOS,upi,1241,1,Yes,0
CUST101386,Krishna Sharma,41,Other,1137683,INR,56,basic,14-07-2022,,monthly,1810.5,46,26,0,home decor,ahmedabad,india,GMAIL.COM,Android,CREDIT CARD,643,5,Yes,0
CUST101387,Priya Kumar,33,MALE,651168,INR,42,Gold,,,RARELY,4194.14,4,3,0,Gaming,Lucknow,India,rediffmail.com,IOS,UPI,49,3,yes,0
CUST101389,Krishna Joshi,26,Female,1004722,INR,47,silver,28-06-2022,,weekly,5275.73,10,6,4,books,JAIPUR,INDIA,company.com,android,Cash,555,4,yes,1
CUST101390,Ishaan Joshi,33,Female,651168,INR,35,PLATINUM,,,Rarely,915.63,2,0,2,Sports,delhi,India,hotmail.com,Mobile,Cash,166,2,yes,0
CUST101391,Ishaan Kumar,41,Female,537513,INR,62,GOLD,,,Monthly,885.81,2,1,1,Grocery,CHENNAI,India,rediffmail.com,web,CREDIT CARD,1562,4,no,0
CUST101392,Aarav Sinha,33,female,705374,INR,85,silver,,11-11-2025,Rarely,4519.65,24,21,4,Fashion,Kolkata,INDIA,gmail.com,IOS,Cash,103,3,No,0
CUST101393,Ananya Khan,42,female,851315,INR,46,Gold,29-07-2024,,monthly,897.76,23,10,13,grocery,Jaipur,India,company.com,Web,Wallet,1524,3,No,0
CUST101394,Reyansh Khan,30,MALE,292497,INR,39,silver,14-07-2025,08-08-2025,monthly,2911.29,2,1,1,Electronics,JAIPUR,india,hotmail.com,Mobile,UPI,1427,1,Yes,0
CUST101395,Vihaan Kumar,22,Male,257730,INR,68,silver,03-03-2021,,monthly,1884.66,9,2,7,Home Decor,Ahmedabad,IN,gmail.com,android,Wallet,634,3,Yes,0
CUST101396,Ira Kumar,29,Male,376540,INR,64,Basic,,,Daily,3330.1,9,7,2,Kids,Lucknow,IN,company.com,IOS,upi,2036,2,No,0
CUST101397,Saanvi Mehta,10,MALE,571612,INR,38,Silver,,,weekly,1647.75,19,5,14,BOOKS,KOLKATA,INDIA,gmail.com,IOS,UPI,1670,4,yes,0
CUST101398,Aditya Das,33,MALE,833231,INR,17,PLATINUM,17-02-2023,,monthly,5899.62625,0,0,0,Beauty,Delhi,India,gmail.com,IOS,Credit Card,1875,7,No,1
CUST101399,Riya Nair,49,Female,1624964.875,INR,62,silver,,19-11-2022,Monthly,5899.62625,6,3,3,Gaming,Jaipur,India,gmail.com,Web,Wallet,1478,0,No,0
CUST101400,Neha Mehta,43,Female,1093443,INR,100,silver,,,Rarely,5733.36,55,11,29.5,Gaming,Bengaluru,IN,company.com,iOS,CREDIT CARD,1491,4,Yes,1
CUST101401,Vivaan Iyer,52,FEMALE,895202,INR,48,Platinum,,,Weekly,1480.34,15,9,6,gaming,jaipur,INDIA,company.com,Android,Wallet,1513,2,yes,0
CUST101402,Aditya Gupta,28,Other,1291585,INR,43,Silver,,,monthly,2021.34,11,6,5,KIDS,NEW DELHI,INDIA,hotmail.com,web,Credit Card,663,5,yes,0
CUST101403,Diya Rao,30,FEMALE,517753,INR,66,GOLD,,,Monthly,728.96,6,2,4,Books,LUCKNOW,INDIA,hotmail.com,Android,Credit Card,1414,5,No,0
CUST101404,Sai Gupta,36,FEMALE,1173772,INR,1,Gold,,,Weekly,3932.3,8,4,5,home decor,Pune,India,rediffmail.com,web,Credit Card,885,4,yes,0
CUST101405,Vihaan Kapoor,32,Female,218662,INR,53,Silver,,,Monthly,3080.1,7,1,5,Books,bengaluru,India,yahoo.com,Desktop,Credit Card,248,5,No,0
CUST101406,Aarav Joshi,42,female,599387,INR,31,Silver,,11-09-2021,monthly,3491.15,31,16,14,Kids,Kolkata,IN,company.com,IOS,Credit Card,1521,3,No,0
CUST101407,Vihaan Iyer,24,FEMALE,1054916,INR,47,Gold,,04-08-2023,Rarely,2703.63,9,3,5,Grocery,Hyderabad,India,GMAIL.COM,web,Credit Card,1513,5,no,1
CUST101408,Ira Verma,49,MALE,342935,INR,82,basic,18-07-2022,20-07-2022,monthly,818.56,55,2,29.5,Grocery,PUNE,IN,gmail.com,IOS,UPI,839,4,Yes,0
CUST101409,Aditya Mishra,41,MALE,521927,INR,51,Basic,,,RARELY,1838.79,8,6,1,Grocery,delhi,IN,outlook.com,Android,Debit Card,987,5,No,0
CUST101410,Reyansh Joshi,45,Male,693195,INR,8,silver,,,Rarely,1441.18,28,0,29,Electronics,JAIPUR,India,GMAIL.COM,Web,Credit Card,1713,2,No,1
CUST101411,Sara Rao,3.5,male,659907,INR,87,Platinum,,,RARELY,5899.62625,4,1,2,beauty,Jaipur,india,gmail.com,IOS,CREDIT CARD,2553,5,yes,0
CUST101412,Neha Mishra,49,Female,651168,USD,9,Platinum,,,weekly,1643.89,-3,0,7,GAMING,AHMEDABAD,India,outlook.com,iOS,CREDIT CARD,819,1,No,0
CUST101413,Riya Nair,39,Male,360134,INR,72,Silver,,,RARELY,742.27,45,5,29.5,grocery,hyderabad,IN,outlook.com,Android,Cash,1443,4,No,0
CUST101414,Amit Mehta,41,Female,651168,USD,31,Silver,19-04-2022,,Daily,4367.31,5,0,4,GAMING,Chennai,INDIA,gmail.com,Mobile,Credit Card,1488,3,No,0
CUST101415,Rahul Sinha,36,female,662532,INR,37,basic,11-12-2024,,Monthly,1094.81,31,8,23,Books,hyderabad,IN,rediffmail.com,Mobile,CREDIT CARD,836,1,No,0
CUST101416,Ishaan Joshi,39,Female,267135,INR,87,silver,,,weekly,1059.74,27,25,1,Gaming,Pune,india,gmail.com,iOS,upi,648,3,Yes,0
CUST101417,Vivaan Singh,30,male,717218,INR,59,silver,,,monthly,1993.32,11,3,9,Grocery,pune,India,gmail.com,web,UPI,966,4,Yes,0
CUST101418,Neha Verma,33,Male,1067183,INR,36,PLATINUM,,22-02-2024,Weekly,2385.38,43,15,28,Gaming,BENGALURU,India,outlook.com,iOS,CREDIT CARD,1902,5,No,0
CUST101419,Ishaan Nair,36,Male,1225345,INR,60,PLATINUM,,,Daily,973.49,3,0,4,Gaming,Jaipur,India,rediffmail.com,Web,Credit Card,2068,3,No,0
CUST101420,Ayaan Nair,47,female,308969,INR,76,PLATINUM,,,Monthly,3378.54,2,0,2,sports,Pune,India,gmail.com,Android,Credit Card,978,1,No,0
CUST101421,Ayaan Joshi,33,MALE,274817,USD,98,Basic,24-10-2024,,Weekly,929.2,14,13,2,Gaming,jaipur,INDIA,gmail.com,Desktop,Cash,0,2,no,0
CUST101422,Ishaan Rao,22,male,789465,INR,66,PLATINUM,,,Weekly,2004.14,31,23,8,food court,CHENNAI,India,outlook.com,Web,Wallet,699,2,No,0
CUST101423,Diya Mehta,35,male,252019,USD,74,Silver,22-06-2025,,Monthly,5776.51,25,6,19,Kids,Mumbai,india,outlook.com,Mobile,Wallet,784,5,No,1
CUST101424,Amit Kumar,57,Male,770717,USD,77,Silver,,,Monthly,1454.3,55,10,29.5,Fashion,Mumbai,IN,outlook.com,web,upi,775,5,yes,1
CUST101426,Ananya Verma,37,Other,691461,INR,82,Gold,,,monthly,1618.81,10,9,1,GROCERY,delhi,India,gmail.com,IOS,upi,795,5,yes,0
CUST101427,Amit Verma,37,MALE,1045045,INR,45,basic,30-10-2023,,RARELY,2035.56,12,10,2,gaming,chenai,India,rediffmail.com,Desktop,Debit Card,1214,2,No,0
CUST101428,Rahul Kapoor,34,Other,1428020,INR,34,GOLD,,03-02-2025,weekly,1554.64,12,9,2,Sports,Kolkata,India,company.com,Web,Credit Card,976,1,No,0
CUST101429,Priya Khan,33,Male,861363,INR,73,PLATINUM,,,RARELY,1317.22,13,0,13,books,HYDERABAD,india,gmail.com,Web,Credit Card,2801,3,No,0
CUST101430,Sara Sharma,42,MALE,336039,USD,55,Gold,02-06-2021,,Daily,2091.79,12,7,5,Sports,Mumbai,IN,gmail.com,IOS,UPI,1359,1,yes,1
CUST101431,Diya Verma,49,Female,317766,INR,40,Gold,,,Daily,1972.98,1,0,1,fashion,Hyderabad,India,outlook.com,Desktop,upi,178,1,Yes,0
CUST101432,Meera Kumar,39,female,434291,INR,38,Basic,16-04-2023,,Daily,4071.04,13,11,3,home decor,Kolkata,INDIA,gmail.com,Mobile,upi,646,5,Yes,0
CUST101433,Ira Kumar,33,MALE,1420793,INR,84,Basic,,10-10-2024,RARELY,1207.61,24,1,24,Fashion,JAIPUR,IN,gmail.com,IOS,Wallet,1447,1,yes,0
CUST101435,Aadhya Khan,41,Female,785392,INR,77,Basic,,,Weekly,5017.92,14,4,9,Books,mumbai,India,yahoo.com,IOS,Wallet,-50,4,no,0
CUST101436,Sara Mishra,35,FEMALE,189320,INR,39,Platinum,,,Weekly,901.53,11,6,4,Gaming,AHMEDABAD,India,company.com,Android,Debit Card,1278,3,No,0
CUST101437,Saanvi Chopra,38,MALE,287008,INR,42,Gold,,,Rarely,921.9,2,1,2,Electronics,ahmedabad,India,hotmail.com,android,UPI,1160,3,Yes,0
CUST101438,Vihaan Sinha,24,male,630629,INR,81,Basic,,,Monthly,2809.71,7,1,6,Home Decor,bengaluru,INDIA,yahoo.com,Web,UPI,988,2,Yes,0
CUST101439,Ayaan Mehta,56,FEMALE,234302,INR,61,Silver,,,Monthly,2139.6,23,15,7,Grocery,Kolkata,india,gmail.com,Android,upi,1915,2,Yes,0
CUST101440,Pooja Mishra,50,Female,831856,INR,41,GOLD,18-10-2022,,Daily,440.05,12,10,2,FOOD COURT,Pune,India,gmail.com,IOS,Credit Card,1762,4,Yes,0
CUST101441,Sara Patel,33,Male,437680,INR,100,Silver,,,Rarely,2398.2,8,7,0,FASHION,NEW DELHI,India,gmail.com,Desktop,upi,1067,1,No,0
CUST101442,Ishaan Patel,45,Male,939331,INR,62,Platinum,,20-12-2024,Monthly,736.42,11,3,7,GAMING,Kolkata,India,company.com,android,UPI,1316,5,No,1
CUST101444,Reyansh Verma,34,Female,1604211,INR,74,Platinum,,,RARELY,1022.97,10,1,9,Fashion,Bengaluru,India,gmail.com,IOS,Credit Card,658,5,Yes,0
CUST101445,Diya Kapoor,38,Male,946220,INR,83,basic,,,RARELY,2286.94,16,10,7,Gaming,Delhi,IN,rediffmail.com,IOS,Credit Card,1218,5,yes,1
CUST101446,Meera Kapoor,60,Other,584897,INR,26,basic,15-11-2024,,Rarely,1201.67,13,12,2,Food Court,Pune,India,yahoo.com,web,CREDIT CARD,0,2,yes,0
CUST101447,Ishaan Mishra,26,male,468131,INR,23,silver,,,Monthly,978.52,39,26,2,gaming,KOLKATA,India,gmail.com,Mobile,UPI,2536,3,No,1
CUST101448,Vihaan Sinha,31,Other,306923,USD,74,GOLD,,,weekly,3123.64,8,2,6,Electronics,HYDERABAD,IN,gmail.com,Android,upi,855,4,No,0
CUST101449,Priya Sinha,31,Male,651168,INR,49,PLATINUM,14-01-2021,,Daily,1068.13,5,2,3,kids,NEW DELHI,India,GMAIL.COM,Android,Debit Card,2814,3,No,1
CUST101450,Sai Joshi,3.5,FEMALE,429581,INR,60,Silver,28-01-2024,,Monthly,1661.1,21,16,5,fashion,Hyderabad,IN,company.com,IOS,Credit Card,1103,4,Yes,1
CUST101452,Ira Mishra,30,Other,695417,USD,63,silver,,,weekly,1337.43,1,0,0,Gaming,LUCKNOW,INDIA,outlook.com,IOS,Credit Card,1854,3,no,0
CUST101453,Vivaan Sinha,31,MALE,776629,INR,29,Gold,07-01-2025,,Daily,493.82,13,5,7,SPORTS,pune,INDIA,gmail.com,iOS,UPI,1884,1,yes,0
CUST101454,Priya Das,21,Other,1068903,INR,65,Silver,,,monthly,1081.95,28,4,25,gaming,KOLKATA,IN,GMAIL.COM,Web,UPI,2030,3,yes,1
CUST101455,Pooja Mishra,33,MALE,932496,INR,39,Silver,,,Rarely,3381.78,55,26,3,sports,Lucknow,INDIA,outlook.com,Android,Credit Card,1727,3,Yes,0
CUST101456,Arjun Iyer,16,male,1557620,INR,75,GOLD,,29-09-2023,Weekly,1790.45,3,0,3,GAMING,Chennai,India,gmail.com,IOS,Debit Card,1199,3,Yes,0
CUST101457,Amit Verma,33,Male,726926,INR,93,Platinum,,03-02-2022,monthly,526.14,33,0,29.5,Electronics,Pune,INDIA,outlook.com,IOS,upi,789,1,No,0
CUST101458,Ishaan Iyer,33,Female,651168,INR,66,Gold,,08-02-2025,weekly,1545.52,22,17,4,Home Decor,BENGALURU,India,gmail.com,iOS,Credit Card,1279,2,yes,1
CUST101459,Aadhya Singh,20,MALE,389897,INR,37,Platinum,28-07-2025,,Daily,4185.62,23,18,6,Books,bengaluru,IN,company.com,iOS,CREDIT CARD,1605,4,No,0
CUST101460,Saanvi Sinha,51,Other,544555,INR,48,PLATINUM,,13-01-2025,Monthly,5503.12,0,0,0,Grocery,MUMBAI,India,outlook.com,IOS,upi,1679,1,Yes,0
CUST101461,Pooja Rao,30,MALE,666583,INR,60,basic,30-03-2025,,Monthly,1273.31,1,0,1,Beauty,mumbai,INDIA,hotmail.com,IOS,upi,1787,4,yes,0
CUST101462,Meera Sinha,32,Female,651168,INR,58,Basic,,,monthly,1825.24,55,12,29.5,grocery,delhi,India,GMAIL.COM,Web,UPI,1507,3,no,0
CUST101463,Ananya Khan,32,MALE,345402,INR,84,silver,,18-11-2022,weekly,5899.62625,1,0,1,beauty,Chennai,IN,hotmail.com,IOS,upi,1506,5,yes,0
CUST101464,Diya Joshi,23,Female,252824,INR,47,basic,04-08-2021,,Daily,1470.1,2,1,1,Books,bengaluru,India,GMAIL.COM,Desktop,Credit Card,1518,4,Yes,0
CUST101465,Vivaan Mishra,31,Female,1009704,USD,41,basic,16-03-2023,,RARELY,1280.25,8,3,6,GAMING,mumbai,India,rediffmail.com,Web,Cash,715,4,No,0
CUST101466,Vivaan Nair,44,female,1436416,INR,47,Gold,,15-10-2022,RARELY,1480.73,13,12,1,books,lucknow,India,gmail.com,Android,CREDIT CARD,1545,1,yes,0
CUST101467,Amit Khan,27,MALE,646310,USD,91,basic,22-02-2021,18-09-2021,Rarely,519.09,55,26,10,Beauty,KOLKATA,INDIA,company.com,Mobile,Debit Card,1552,5,Yes,0
CUST101468,Neha Mehta,32,male,523925,INR,53,basic,,,weekly,2391.01,9,6,4,Electronics,Kolkata,india,gmail.com,iOS,UPI,2204,3,Yes,0
CUST101469,Ishaan Kapoor,44,Male,393431,INR,42,PLATINUM,15-04-2025,,monthly,2946.65,12,0,12,GROCERY,Chennai,India,company.com,web,upi,581,4,Yes,0
CUST101470,Aarav Khan,31,Other,500068,USD,75,silver,,20-08-2023,Weekly,3412.68,18,12,6,Kids,hyderabad,India,GMAIL.COM,Android,Debit Card,1498,5,yes,0
CUST101471,Rahul Chopra,14,FEMALE,711469,INR,65,GOLD,,,Monthly,5899.62625,15,3,12,Food Court,Jaipur,India,gmail.com,iOS,Debit Card,913,5,no,1
CUST101472,Arjun Gupta,43,MALE,1469169,INR,97,PLATINUM,,,Weekly,1178.16,4,3,1,HOME DECOR,NEW DELHI,india,company.com,iOS,Debit Card,0,2,No,0
CUST101473,Rahul Khan,31,Female,579735,INR,65,Basic,,,Weekly,1412.81,17,13,5,Sports,AHMEDABAD,India,yahoo.com,web,CREDIT CARD,2021,3,yes,0
CUST101474,Vivaan Joshi,37,Male,781072,INR,35,Gold,,,Weekly,1073.6,20,4,16,grocery,Kolkata,india,gmail.com,web,Credit Card,92,1,yes,0
CUST101475,Saanvi Rao,30,Female,708537,INR,19,PLATINUM,,,Rarely,1784.35,6,1,6,kids,Jaipur,India,gmail.com,Web,upi,2265,1,Yes,1
CUST101476,Saanvi Mishra,33,Female,926992,INR,37,Silver,,,weekly,522.32,54,26,21,FOOD COURT,pune,India,gmail.com,web,CREDIT CARD,1776,5,Yes,0
CUST101477,Riya Chopra,39,MALE,1624964.875,INR,1,basic,,16-04-2026,monthly,2922.12,0,0,1,Kids,KOLKATA,India,GMAIL.COM,IOS,upi,1282,4,No,1
CUST101478,Krishna Patel,33,Other,343219,INR,39,basic,,,RARELY,1993.87,0,0,0,Sports,LUCKNOW,India,yahoo.com,Android,upi,941,3,No,0
CUST101479,Aditya Verma,28,MALE,496389,USD,62,Gold,22-04-2022,,Rarely,1977.68,3,2,2,home decor,Mumbai,India,gmail.com,iOS,CREDIT CARD,533,1,yes,0
CUST101480,Sara Singh,20,Female,1391555,USD,64,Gold,11-02-2021,21-11-2021,Monthly,733.5,2,0,3,Sports,ahmedabad,india,yahoo.com,iOS,Wallet,1559,5,No,0
CUST101481,Priya Kapoor,28,female,264489,INR,57,Gold,,,weekly,1499.32,3,0,4,food court,ahmedabad,india,gmail.com,IOS,upi,437,3,No,0
CUST101482,Riya Nair,18,Female,1037618,INR,20,PLATINUM,09-10-2022,,Rarely,2646.59,3,1,3,Kids,mumbai,india,GMAIL.COM,IOS,UPI,134,1,No,1
CUST101483,Ishaan Mishra,43,Male,936082,INR,57,Platinum,,,Rarely,1888.77,2,1,0,ELECTRONICS,mumbai,IN,outlook.com,IOS,Wallet,1034,5,Yes,0
CUST101484,Aditya Kumar,34,FEMALE,254097,INR,94,Gold,,,Rarely,5313.27,47,19,29,kids,Mumbai,India,yahoo.com,iOS,Credit Card,533,4,No,0
CUST101485,Riya Patel,15,male,1436287,INR,40,silver,,,RARELY,560.29,14,11,4,beauty,jaipur,India,gmail.com,android,Credit Card,1206,2,Yes,0
CUST101486,Neha Gupta,32,MALE,1157071,INR,48,PLATINUM,03-11-2023,,Monthly,813.42,28,12,16,Food Court,Kolkata,India,yahoo.com,android,Wallet,1084,4,no,1
CUST101487,Ishaan Khan,38,Male,1624964.875,INR,33,Gold,,11-06-2025,RARELY,806.35,2,1,1,FOOD COURT,jaipur,India,company.com,Web,Cash,0,3,yes,1
CUST101489,Meera Sinha,20,male,645956,INR,62,Platinum,,30-06-2025,RARELY,2861.7,8,0,8,gaming,Jaipur,india,hotmail.com,Desktop,Debit Card,1505,5,yes,1
CUST101490,Sara Iyer,28,Male,651168,USD,78,Gold,29-04-2022,,weekly,1844.24,0,0,0,grocery,lucknow,India,hotmail.com,iOS,upi,388,4,yes,0
CUST101491,Rahul Verma,36,MALE,1286544,INR,25,Silver,,21-03-2022,RARELY,1340.35,55,26,29.5,Home Decor,pune,India,gmail.com,IOS,Wallet,2241,1,No,0
CUST101492,Meera Kapoor,40,Female,973622,INR,56,Platinum,,,Rarely,894.2,13,6,7,Grocery,Delhi,india,gmail.com,Mobile,upi,2129,4,No,0
CUST101493,Rahul Singh,28,MALE,980841,INR,80,Silver,24-10-2023,,Rarely,1729.7,0,0,0,FASHION,Kolkata,India,rediffmail.com,web,upi,2922.125,2,yes,0
CUST101494,Priya Reddy,21,Other,802105,INR,1,Platinum,02-11-2022,,Daily,1349.43,13,1,11,Food Court,AHMEDABAD,INDIA,yahoo.com,Android,Credit Card,2028,4,yes,0
CUST101496,Aadhya Khan,39,Male,246772,USD,100,Platinum,14-06-2025,,weekly,1293.75,16,0,16,Gaming,LUCKNOW,INDIA,hotmail.com,android,Wallet,278,2,No,1
CUST101497,Vihaan Reddy,47,MALE,700079,INR,17,Silver,,,monthly,1897.52,45,16,29,BOOKS,lucknow,IN,gmail.com,Web,upi,2805,4,Yes,1
CUST101498,Sara Gupta,16,male,672906,INR,83,PLATINUM,,,Monthly,2078.7,8,0,9,Books,ahmedabad,India,gmail.com,iOS,Cash,235,3,yes,0
CUST101499,Aadhya Patel,30,Other,760428,INR,88,basic,,27-01-2026,RARELY,1641.7,44,26,5,KIDS,NEW DELHI,India,gmail.com,Mobile,Credit Card,1583,4,No,0
CUST101500,Krishna Kumar,39,Male,588698,INR,22,silver,,,Monthly,4028.3,9,3,7,Fashion,PUNE,INDIA,hotmail.com,Mobile,Credit Card,628,5,No,1
CUST101501,Vihaan Khan,30,FEMALE,268006,INR,68,Silver,,28-11-2022,weekly,-250,33,17,17,FOOD COURT,Hyderabad,India,outlook.com,Android,Credit Card,2080,1,No,1
CUST101502,Aadhya Mehta,14,Other,347478,INR,37,Basic,,,RARELY,3082.67,9,4,5,Fashion,Bengaluru,IN,gmail.com,android,Credit Card,374,4,no,0
CUST101503,Vivaan Kapoor,47,male,651168,INR,68,silver,,28-11-2025,Daily,5202.53,9,0,10,Electronics,ahmedabad,india,gmail.com,iOS,UPI,1569,4,Yes,0
CUST101504,Kiara Gupta,32,MALE,475845,USD,55,Platinum,,,weekly,2219.6,0,0,0,Sports,Ahmedabad,India,hotmail.com,IOS,upi,1954,1,Yes,0
CUST101505,Reyansh Rao,41,Male,565189,USD,59,Basic,05-01-2022,,RARELY,3048.42,6,2,4,Sports,Kolkata,India,outlook.com,IOS,upi,871,4,No,0
CUST101506,Pooja Sharma,40,Male,350035,INR,86,Gold,22-05-2022,08-01-2024,Rarely,3496.02,2,1,0,FOOD COURT,PUNE,IN,gmail.com,IOS,Wallet,435,4,Yes,0
CUST101507,Ishaan Gupta,22,male,513113,INR,66,Basic,04-03-2024,,Rarely,4503.97,7,0,7,electronics,Delhi,India,gmail.com,IOS,Debit Card,888,1,yes,0
CUST101508,Meera Kumar,34,Female,868013,INR,67,GOLD,,,Monthly,1537.83,0,0,0,kids,Chennai,India,GMAIL.COM,IOS,Debit Card,1079,2,yes,0
CUST101509,Vivaan Khan,46,male,437208,INR,65,Gold,,,Rarely,1930.23,9,6,3,Gaming,Bengaluru,IN,gmail.com,Web,Wallet,872,1,No,0
CUST101510,Rahul Reddy,31,male,607503,USD,45,silver,,22-04-2025,Monthly,2667.47,14,4,10,Electronics,bengaluru,INDIA,outlook.com,android,Credit Card,702,1,No,0
CUST101511,Reyansh Das,28,Other,404985,INR,77,Gold,,07-02-2024,Daily,837.28,6,2,4,Gaming,Delhi,India,outlook.com,IOS,Debit Card,883,2,no,0
CUST101512,Pooja Das,25,male,462037,INR,77,silver,,,monthly,2945.51,4,0,4,SPORTS,Mumbai,INDIA,rediffmail.com,IOS,Cash,1962,3,no,0
CUST101513,Vivaan Verma,26,FEMALE,843439,INR,51,basic,,,RARELY,1774.15,18,15,3,FASHION,Pune,INDIA,hotmail.com,web,CREDIT CARD,893,4,no,0
CUST101514,Ira Joshi,3.5,MALE,545375,INR,44,Silver,,18-07-2023,Rarely,2481.19,26,18,8,BEAUTY,Chennai,IN,gmail.com,Desktop,Wallet,1099,4,Yes,0
CUST101515,Amit Joshi,50,MALE,660874,INR,37,Silver,,,Daily,3529.93,14,1,13,Electronics,Delhi,INDIA,gmail.com,Desktop,upi,1249,5,Yes,0
CUST101516,Aarav Sharma,59,Other,710094,INR,60,Basic,01-10-2024,,Monthly,738.5,7,6,2,Grocery,delhi,India,hotmail.com,iOS,Cash,0,4,Yes,0
CUST101517,Vihaan Verma,33,Male,370477,INR,100,PLATINUM,13-05-2023,,Daily,3082.46,16,1,15,Gaming,ahmedabad,india,company.com,Android,Wallet,2342,2,No,0
CUST100294,Aarav Sinha,42,female,1624964.875,INR,66,Platinum,,05-05-2022,Monthly,2182.89,43,26,15,sports,Bengaluru,India,GMAIL.COM,IOS,Wallet,626,4,Yes,1
CUST101519,Kiara Kapoor,33,Other,409839,INR,9,Platinum,,,Daily,2555.2,1,0,2,KIDS,Pune,India,hotmail.com,android,upi,2089,5,No,1
CUST101520,Vihaan Sinha,47,female,440421,INR,64,Platinum,,,Weekly,1172.88,9,0,8,FOOD COURT,Mumbai,INDIA,yahoo.com,Desktop,CREDIT CARD,1012,4,Yes,0
CUST101521,Diya Reddy,61,MALE,1078280,INR,58,basic,02-07-2023,,monthly,471.08,14,4,10,Home Decor,jaipur,india,gmail.com,Web,upi,541,5,Yes,0
CUST101522,Aditya Sinha,37,Male,552924,INR,17,basic,,,weekly,2765.07,0,0,1,SPORTS,Ahmedabad,India,outlook.com,Android,Cash,0,3,no,0
CUST101523,Sara Joshi,52,Male,524567,INR,66,PLATINUM,,,Monthly,787.63,18,2,15,Electronics,Delhi,India,rediffmail.com,web,Credit Card,688,2,yes,1
CUST101524,Rahul Sinha,28,female,177978,INR,68,Basic,23-10-2021,,monthly,2733.53,5,3,1,ELECTRONICS,KOLKATA,india,hotmail.com,android,CREDIT CARD,573,3,No,1
CUST101525,Meera Mehta,46,Female,591436,INR,55,silver,,02-09-2025,Weekly,1218.99,17,0,17,Fashion,Mumbai,india,gmail.com,Web,upi,1115,4,No,0
CUST101526,Meera Nair,33,MALE,590950,INR,44,Basic,,,Monthly,2218.05,39,26,4,BOOKS,Mumbai,india,hotmail.com,android,Debit Card,1701,4,No,0
CUST101527,Aarav Kapoor,32,MALE,661124,INR,76,Platinum,,,Weekly,5899.62625,5,4,1,Beauty,Pune,India,gmail.com,Web,Debit Card,1195,5,Yes,0
CUST101528,Myra Khan,38,Female,298039,INR,24,silver,,,Monthly,5079.67,30,0,29,beauty,Ahmedabad,INDIA,gmail.com,iOS,CREDIT CARD,1265,7,Yes,0
CUST101529,Vivaan Singh,33,Male,573626,USD,49,Platinum,27-02-2023,,Weekly,2735.05,36,6,29.5,Home Decor,Jaipur,INDIA,yahoo.com,Web,UPI,1152,3,yes,0
CUST101530,Ananya Gupta,26,Other,1488452,INR,100,Basic,,,Rarely,594,18,12,6,ELECTRONICS,Jaipur,India,gmail.com,IOS,Credit Card,1180,2,No,0
CUST101531,Krishna Nair,18,Other,1308506,USD,22,silver,,,Monthly,2434.88,19,17,2,Kids,AHMEDABAD,india,outlook.com,Mobile,Cash,771,5,yes,0
CUST100037,Vihaan Rao,21,Other,651168,INR,71,Silver,,,Weekly,626.27,32,23,9,Kids,Chennai,IN,gmail.com,Android,upi,743,4,Yes,0
CUST101533,Saanvi Verma,29,Female,374466,INR,100,Basic,,,Monthly,1641.12,-3,0,2,HOME DECOR,NEW DELHI,India,GMAIL.COM,Desktop,upi,0,5,Yes,0
CUST101534,Sai Reddy,31,FEMALE,560617,INR,31,Basic,,,Monthly,3055.48,24,2,21,Fashion,BENGALURU,IN,hotmail.com,Mobile,Debit Card,1039,5,no,1
CUST101535,Aditya Gupta,34,MALE,1228488,INR,49,silver,,,Daily,2115.84,2,1,1,GAMING,lucknow,IN,gmail.com,Desktop,Cash,1917,5,Yes,0
CUST101536,Reyansh Mishra,36,Female,518001,USD,82,Gold,,,Weekly,1173.84,8,6,1,Home Decor,delhi,india,gmail.com,Mobile,upi,807,4,yes,1
CUST101537,Rahul Mishra,63.5,Other,782034,USD,27,Silver,,,Monthly,875.75,3,0,2,GAMING,Hyderabad,INDIA,gmail.com,IOS,upi,1113,3,no,1
CUST101538,Ishaan Kumar,34,MALE,1002125,INR,63,Gold,,18-04-2026,monthly,511.94,0,0,0,Home Decor,Mumbai,IN,company.com,IOS,Credit Card,920,1,No,0
CUST101539,Neha Rao,43,Male,911414,INR,76,basic,31-05-2021,10-07-2023,Rarely,5899.62625,10,7,4,GAMING,Delhi,India,gmail.com,Android,CREDIT CARD,992,4,No,0
CUST101540,Ayaan Kumar,58,male,425774,INR,44,Gold,,,Monthly,1914.03,48,9,29.5,Beauty,Kolkata,IN,gmail.com,Web,Cash,2107,4,yes,0
CUST101541,Aadhya Kumar,31,FEMALE,460359,INR,50,Platinum,,,Weekly,2374.42,55,24,29.5,SPORTS,Mumbai,India,hotmail.com,Web,UPI,666,3,Yes,0
CUST101542,Aadhya Chopra,30,MALE,967324,INR,45,PLATINUM,,,RARELY,5899.62625,33,24,10,Home Decor,KOLKATA,India,outlook.com,Desktop,upi,1188,1,Yes,1
CUST101543,Sara Patel,35,Other,1107772,INR,67,silver,,,weekly,-250,45,3,29.5,FASHION,Ahmedabad,IN,yahoo.com,Web,CREDIT CARD,1931,5,No,0
CUST101544,Krishna Gupta,50,MALE,629671,INR,28,Gold,29-05-2024,,Monthly,2286.93,12,5,7,Beauty,Delhi,India,yahoo.com,Web,upi,0,5,yes,0
CUST101545,Ishaan Reddy,16,Female,331685,USD,88,Gold,,24-06-2025,Rarely,309.71,4,1,4,BEAUTY,chenai,IN,rediffmail.com,Desktop,Wallet,792,3,yes,0
CUST101546,Aarav Joshi,23,Other,663862,INR,54,PLATINUM,,,RARELY,431.39,4,2,3,Books,Pune,India,rediffmail.com,android,Debit Card,2922,1,yes,0
CUST101547,Reyansh Sharma,29,Male,1196476,INR,72,Gold,,,monthly,5825.94,55,26,15,Home Decor,ahmedabad,India,rediffmail.com,Mobile,Wallet,1035,3,Yes,0
CUST101548,Krishna Reddy,20,Male,894269,INR,82,Basic,,,Rarely,4687.1,21,17,4,Books,ahmedabad,India,rediffmail.com,Android,UPI,1314,2,yes,0
CUST101549,Ishaan Mishra,6,Female,373598,INR,82,Gold,,,Weekly,977.67,16,2,15,Food Court,Mumbai,india,company.com,IOS,Credit Card,527,4,Yes,1
CUST101550,Sai Rao,47,male,619061,INR,49,Gold,,,Daily,2347.38,29,15,14,FASHION,JAIPUR,India,gmail.com,android,upi,2678,3,No,1
CUST101551,Diya Mehta,50,female,498119,USD,84,basic,,30-04-2025,Monthly,951.27,0,0,0,Home Decor,Pune,india,gmail.com,Web,upi,1343,1,No,0
CUST101552,Ira Kapoor,35,male,658814,INR,58,PLATINUM,,,Monthly,2415.39,20,18,2,gaming,KOLKATA,india,gmail.com,web,Credit Card,1087,2,yes,0
CUST101553,Pooja Sharma,40,Male,1143244,INR,39,Gold,,,monthly,2116.29,7,0,7,Electronics,Mumbai,India,gmail.com,Desktop,UPI,1735,4,No,0
CUST101554,Meera Khan,39,Male,588553,INR,72,Silver,03-05-2023,,Weekly,2060.49,12,15,25,Electronics,AHMEDABAD,INDIA,gmail.com,iOS,UPI,1540,1,yes,0
CUST101555,Diya Kumar,46,female,962182,INR,58,basic,,,Monthly,2102.22,46,19,28,food court,Delhi,IN,yahoo.com,Android,UPI,795,3,yes,0
CUST101549,Priya Patel,34,male,467302,INR,66,GOLD,30-05-2023,,Daily,1154.86,55,16,29.5,Fashion,Hyderabad,India,rediffmail.com,IOS,Cash,11,5,No,0
CUST101557,Vihaan Sinha,31,Female,1063181,INR,61,Gold,,16-06-2026,Monthly,1652.54,5,0,5,GAMING,Hyderabad,India,hotmail.com,Desktop,UPI,517,2,No,0
CUST101558,Amit Sinha,46,FEMALE,303058,USD,62,silver,,,monthly,3712.75,28,17,12,BEAUTY,ahmedabad,india,yahoo.com,Desktop,UPI,1369,4,No,1
CUST101559,Myra Gupta,40,Other,522894,INR,1,basic,,23-08-2023,Rarely,2448.32,46,14,29.5,Electronics,bengaluru,india,hotmail.com,IOS,Credit Card,687,1,yes,0
CUST101560,Vivaan Reddy,35,male,1278822,INR,76,Basic,07-04-2022,,weekly,3595.08,40,26,5,ELECTRONICS,Bengaluru,India,rediffmail.com,IOS,Debit Card,418,4,yes,0
CUST101561,Krishna Iyer,21,Other,790821,INR,26,silver,,24-04-2024,weekly,1163.04,55,26,28,BEAUTY,PUNE,India,gmail.com,web,Cash,503,2,yes,0
CUST101562,Reyansh Singh,19,Other,489526,INR,24,Platinum,,,Monthly,1099.98,33,17,15,Beauty,chenai,IN,rediffmail.com,Web,upi,635,1,Yes,0
CUST101563,Vivaan Reddy,13,Other,1475809,USD,66,PLATINUM,,,Monthly,911.52,30,6,23,fashion,Lucknow,India,hotmail.com,Desktop,Debit Card,1180,1,No,0
CUST101564,Sai Nair,43,female,402342,INR,51,Gold,,,Weekly,737.7,10,3,7,Electronics,NEW DELHI,india,gmail.com,Mobile,UPI,2175,4,Yes,0
CUST101565,Aadhya Rao,39,MALE,451444,INR,40,Basic,,,Monthly,2889.42,3,0,3,Food Court,Hyderabad,IN,company.com,Web,upi,1673,1,No,0
CUST101566,Krishna Kapoor,33,Female,768343,INR,37,basic,,,Rarely,1754.85,0,0,0,books,Ahmedabad,India,gmail.com,android,CREDIT CARD,1553,2,yes,0
CUST100649,Vivaan Gupta,11,Female,1178131,INR,84,Silver,,,Rarely,878.07,31,26,3,Electronics,Bengaluru,INDIA,hotmail.com,iOS,Wallet,1170,2,No,0
CUST101568,Amit Khan,56,FEMALE,1053194,INR,59,Silver,13-02-2025,,Daily,1838.98,4,0,4,Sports,Delhi,India,rediffmail.com,web,Credit Card,293,2,No,0
CUST101569,Ananya Chopra,47,female,380654,INR,81,Silver,,,Monthly,4233.57,27,12,16,Fashion,lucknow,INDIA,company.com,Android,Wallet,1493,4,Yes,0
CUST101570,Vivaan Sinha,27,Female,708460,INR,64,Platinum,,22-05-2024,weekly,661.23,41,21,20,GROCERY,bengaluru,India,outlook.com,Android,upi,807,5,No,0
CUST101571,Reyansh Nair,38,Male,1624964.875,INR,43,PLATINUM,23-03-2025,,RARELY,564.93,4,2,2,Grocery,Hyderabad,India,outlook.com,web,CREDIT CARD,743,3,No,0
CUST101572,Amit Sinha,23,Female,460949,INR,79,Gold,,26-12-2024,monthly,1645.31,0,0,0,fashion,Bengaluru,IN,rediffmail.com,web,CREDIT CARD,1438,2,No,0
CUST101573,Krishna Mehta,30,Male,499461,USD,58,Gold,,,weekly,1329.27,6,4,1,beauty,Ahmedabad,IN,gmail.com,Web,Cash,1256,5,No,0
CUST101574,Vihaan Verma,36,Male,923363,INR,55,GOLD,,26-06-2026,Monthly,5329.65,22,21,2,GAMING,Lucknow,India,company.com,iOS,Cash,0,3,No,0
CUST101575,Ishaan Nair,33,Female,1213410,INR,70,Basic,,,RARELY,1047.02,31,3,28,HOME DECOR,KOLKATA,india,company.com,IOS,UPI,1756,4,Yes,0
CUST101576,Reyansh Mehta,22,MALE,321129,INR,32,Platinum,15-03-2023,05-11-2024,RARELY,979.82,-3,5,16,KIDS,AHMEDABAD,India,yahoo.com,web,Debit Card,1623,4,Yes,0
CUST101577,Saanvi Kumar,37,Male,685631,INR,60,Silver,,,RARELY,1059.64,24,16,8,Home Decor,JAIPUR,INDIA,GMAIL.COM,android,Credit Card,882,2,No,0
CUST101578,Riya Rao,29,female,506989,INR,9,Platinum,01-02-2024,,Rarely,1814.65,25,21,5,Food Court,jaipur,India,gmail.com,IOS,CREDIT CARD,2253,4,no,0
CUST101579,Meera Mishra,37,Male,320678,INR,43,Silver,,,RARELY,1143.99,21,3,18,FOOD COURT,delhi,INDIA,rediffmail.com,web,upi,697,2,No,0
CUST101580,Riya Verma,34,Male,1294427,INR,64,Basic,,,Daily,1545.11,34,0,29.5,electronics,Chennai,INDIA,gmail.com,IOS,Wallet,1469,2,No,0
CUST101581,Diya Kapoor,28,Male,327977,USD,29,Silver,,,Monthly,2034.62,50,26,15,FASHION,Delhi,India,company.com,android,Debit Card,943,5,yes,0
CUST101582,Kiara Chopra,53,Male,714164,INR,68,Gold,,21-09-2025,Daily,2525.9,5,1,4,Kids,bengaluru,India,gmail.com,iOS,upi,1105,5,yes,0
CUST101583,Pooja Iyer,27,FEMALE,1263550,INR,95,basic,,,weekly,1732,9,3,7,GROCERY,KOLKATA,IN,gmail.com,IOS,Credit Card,777,3,No,1
CUST101584,Aditya Kumar,36,Male,768999,INR,10,Silver,,27-10-2025,weekly,1836.38,20,4,15,Fashion,AHMEDABAD,India,company.com,Android,Wallet,1583,1,Yes,1
CUST101585,Priya Kapoor,46,Male,858231,INR,52,basic,,,weekly,702.55,7,3,4,food court,CHENNAI,IN,gmail.com,iOS,Cash,0,3,No,1
CUST101586,Vihaan Rao,23,MALE,611491,INR,47,Gold,,04-09-2022,Rarely,3695.92,4,1,3,food court,ahmedabad,India,company.com,IOS,Credit Card,1641,4,yes,0
CUST101587,Sai Sinha,24,Male,332401,INR,100,Gold,,,monthly,2501.32,13,4,9,Home Decor,mumbai,india,gmail.com,Desktop,upi,382,5,no,0
CUST101588,Ananya Sharma,35,male,1624964.875,INR,33,Platinum,31-10-2021,,Weekly,758.07,7,1,6,kids,Mumbai,india,outlook.com,iOS,Cash,1046,2,Yes,0
CUST101589,Aarav Kumar,3.5,MALE,294766,INR,39,Gold,21-08-2023,04-02-2025,Daily,1754.68,7,3,4,sports,Pune,INDIA,yahoo.com,Desktop,upi,448,3,yes,0
CUST101590,Aarav Nair,32,female,507755,INR,37,Gold,07-09-2021,,weekly,5899.62625,0,0,0,grocery,Kolkata,India,gmail.com,IOS,Wallet,772,5,yes,0
CUST101591,Pooja Das,51,female,599990,INR,58,Platinum,21-01-2023,13-03-2025,RARELY,1168.43,12,10,2,books,KOLKATA,india,gmail.com,android,upi,964,2,No,1
CUST101592,Arjun Singh,29,Female,831091,INR,50,Gold,,,Daily,3400.99,41,26,15,Electronics,chenai,IN,gmail.com,Android,upi,1127,4,Yes,0
CUST101593,Saanvi Sharma,54,Male,1045712,INR,62,Basic,12-05-2022,25-11-2023,Monthly,250.74,19,9,11,HOME DECOR,Bengaluru,India,gmail.com,IOS,CREDIT CARD,892,3,Yes,1
CUST101594,Myra Singh,12,Female,651168,INR,70,Silver,,,RARELY,4735.47,7,0,8,Food Court,Bengaluru,India,rediffmail.com,IOS,UPI,904,5,No,0
CUST101595,Sai Iyer,23,MALE,651168,INR,62,Basic,24-01-2021,,Monthly,1332.49,4,2,1,BEAUTY,Chennai,India,gmail.com,Mobile,CREDIT CARD,858,0,No,0
CUST101596,Vivaan Nair,56,MALE,928006,INR,14,PLATINUM,,,Monthly,5899.62625,5,4,1,Electronics,HYDERABAD,india,GMAIL.COM,IOS,upi,1992,2,yes,0
CUST101597,Aadhya Kumar,55,Male,206894,INR,1,PLATINUM,13-12-2021,,Monthly,2543.17,16,0,16,GROCERY,Hyderabad,india,company.com,Web,Debit Card,846,3,No,0
CUST101598,Ira Mishra,16,FEMALE,1465221,INR,78,silver,,,Rarely,1457.23,7,3,5,Sports,KOLKATA,IN,GMAIL.COM,Android,Wallet,1256,5,No,0
CUST101599,Arjun Rao,13,Male,763892,INR,87,Platinum,,25-01-2023,Monthly,2886.75,24,14,9,fashion,Hyderabad,INDIA,gmail.com,Android,Cash,1284,5,no,0
CUST101600,Saanvi Das,41,Female,1245756,INR,58,Gold,,,Monthly,991.42,41,3,29.5,Electronics,Jaipur,india,gmail.com,Mobile,CREDIT CARD,1250,5,No,0
CUST101601,Sai Sinha,33,Female,736475,INR,45,basic,04-04-2021,,Daily,1675.83,7,1,6,Kids,Kolkata,IN,outlook.com,Android,Cash,1259,2,yes,0
CUST101602,Aditya Reddy,45,MALE,1624964.875,INR,41,Basic,,,Daily,1175.97,12,8,3,BOOKS,BENGALURU,India,gmail.com,Android,upi,2196,1,yes,1
CUST101603,Ananya Joshi,17,Female,308555,INR,76,Gold,20-01-2025,23-01-2026,Monthly,858.53,29,7,23,Kids,Jaipur,India,gmail.com,Web,Credit Card,1655,5,No,0
CUST101604,Saanvi Sinha,27,male,820797,INR,68,PLATINUM,09-06-2024,,RARELY,4389.23,21,14,8,Kids,Jaipur,India,gmail.com,iOS,Credit Card,702,1,No,0
CUST101605,Aarav Patel,23,female,1151309,USD,21,Gold,,,Rarely,3748.29,15,14,2,Fashion,Mumbai,India,gmail.com,Desktop,UPI,278,1,Yes,0
CUST101606,Ishaan Kumar,40,FEMALE,480423,INR,63,Basic,08-04-2021,30-06-2021,Monthly,4264.44,46,18,28,SPORTS,Lucknow,india,gmail.com,web,upi,1908,1,No,0
CUST101607,Kiara Nair,26,Male,978858,INR,46,basic,,,Weekly,4916.72,23,22,2,Food Court,Kolkata,INDIA,hotmail.com,android,Cash,2255,0,Yes,0
CUST101608,Aarav Iyer,40,MALE,435117,INR,95,PLATINUM,,,Rarely,3060.86,7,0,7,Gaming,pune,India,gmail.com,android,Cash,312,2,Yes,0
CUST101609,Ishaan Mishra,47,Female,1624964.875,INR,11,PLATINUM,,,Weekly,741.3,0,0,0,Books,Delhi,INDIA,yahoo.com,Mobile,Wallet,0,4,No,1
CUST101610,Kiara Nair,39,Other,638439,INR,82,Silver,04-08-2024,,weekly,1483.5,45,19,26,Food Court,Kolkata,India,gmail.com,android,Wallet,1106,2,Yes,0
CUST101611,Aarav Sharma,28,Female,651168,INR,74,Gold,,,Weekly,1225.2,30,5,26,Kids,HYDERABAD,IN,GMAIL.COM,Desktop,Debit Card,2597,4,no,0
CUST101612,Aditya Kapoor,24,female,1,INR,100,GOLD,,,monthly,2655.28,32,10,22,Fashion,Ahmedabad,INDIA,outlook.com,IOS,upi,105,4,Yes,0
CUST101613,Aarav Das,46,MALE,1442924,USD,48,Gold,,,Weekly,5443.54,37,18,20,SPORTS,JAIPUR,INDIA,GMAIL.COM,Desktop,Credit Card,1091,2,yes,0
CUST101614,Ishaan Das,36,Other,1342721,USD,77,Gold,,,Rarely,5122.59,8,1,7,books,ahmedabad,India,gmail.com,Mobile,Credit Card,1360,2,No,0
CUST101615,Aarav Reddy,35,Female,397446,INR,36,PLATINUM,,,RARELY,1431.76,3,2,1,kids,Ahmedabad,IN,GMAIL.COM,Android,CREDIT CARD,925,1,Yes,0
CUST101616,Priya Mehta,47,Male,337547,INR,42,Platinum,,,RARELY,1807.35,7,5,2,sports,Hyderabad,india,yahoo.com,android,Cash,0,3,No,0
CUST101617,Aadhya Verma,35,MALE,491324,INR,39,Basic,24-02-2023,,Rarely,530.68,4,2,3,BEAUTY,LUCKNOW,IN,rediffmail.com,Web,Credit Card,1061,4,No,0
CUST101618,Meera Mishra,35,MALE,551756,INR,11,silver,27-09-2024,,Daily,869.8,11,10,2,Books,Hyderabad,India,yahoo.com,IOS,Wallet,384,4,No,0
CUST101619,Ananya Iyer,27,male,513042,USD,65,Gold,,,Monthly,3699.76,12,1,11,sports,lucknow,India,hotmail.com,IOS,upi,872,1,Yes,1
CUST101621,Kiara Mehta,34,Other,463896,INR,30,Silver,,03-11-2021,Monthly,1443.18,5,4,0,sports,Kolkata,India,GMAIL.COM,Android,CREDIT CARD,681,3,No,1
CUST101622,Priya Iyer,15,Other,836537,INR,45,Silver,24-06-2022,,Rarely,370.14,10,2,7,Fashion,chenai,INDIA,outlook.com,IOS,Credit Card,855,3,yes,1
CUST101623,Priya Mehta,33,MALE,1184551,INR,89,Silver,,,Rarely,1195.41,8,6,2,food court,Delhi,IN,hotmail.com,IOS,upi,1904,1,No,0
CUST101624,Sara Iyer,20,male,1027764,INR,100,Platinum,,05-09-2022,Rarely,1796.14,38,22,17,books,Mumbai,India,outlook.com,iOS,Wallet,1143,5,Yes,0
CUST101625,Ananya Gupta,32,Female,717932,INR,23,Silver,,16-04-2026,monthly,-250,10,1,9,HOME DECOR,Bengaluru,India,gmail.com,IOS,Cash,1581,5,No,0
CUST101626,Rahul Sharma,36,male,651168,INR,82,GOLD,,,RARELY,2836.26,13,1,12,SPORTS,ahmedabad,India,rediffmail.com,Web,Debit Card,2264,5,no,0
CUST101627,Diya Joshi,33,Female,651168,INR,32,Platinum,14-07-2024,,weekly,1383.75,19,3,17,Grocery,PUNE,India,company.com,Desktop,upi,1930,4,no,0
CUST101628,Pooja Singh,26,female,651168,INR,28,basic,,,Weekly,2249.35,3,1,1,Sports,CHENNAI,India,yahoo.com,IOS,Cash,1428,3,No,0
CUST101629,Priya Kumar,20,male,154193,INR,74,basic,,20-06-2026,Rarely,4779.06,36,26,3,Food Court,Bengaluru,IN,company.com,Android,Wallet,377,5,yes,0
CUST101630,Reyansh Das,34,Female,781611,INR,68,Silver,,,Rarely,3054.57,13,3,11,Food Court,AHMEDABAD,IN,gmail.com,iOS,CREDIT CARD,842,5,Yes,0
CUST101631,Saanvi Kapoor,63.5,Other,340460,INR,50,basic,,16-07-2023,weekly,5899.62625,3,0,2,electronics,Kolkata,India,yahoo.com,android,CREDIT CARD,1726,4,yes,0
CUST101632,Rahul Joshi,28,male,459232,INR,1,GOLD,,18-01-2026,Rarely,5899.62625,23,13,10,BEAUTY,Ahmedabad,IN,yahoo.com,iOS,Cash,2112,1,Yes,0
CUST101633,Krishna Rao,46,male,380786,INR,53,Gold,,,weekly,1515.84,55,26,29.5,GAMING,Hyderabad,India,GMAIL.COM,IOS,Debit Card,1682,3,Yes,0
CUST101634,Priya Reddy,47,Other,950455,INR,51,Silver,,,Weekly,607.62,8,3,5,Books,Delhi,IN,outlook.com,iOS,Cash,232,3,No,1
CUST101635,Priya Sharma,38,Female,1350838,INR,20,Gold,,12-09-2023,Monthly,3677.84,42,17,25,Fashion,jaipur,India,gmail.com,IOS,Credit Card,1847,4,Yes,0
CUST101636,Ayaan Singh,53,Male,600162,INR,61,silver,,,Weekly,2473.67,37,17,19,food court,chenai,INDIA,hotmail.com,Web,Credit Card,1947,2,yes,0
CUST101637,Amit Kapoor,35,Male,676412,INR,43,PLATINUM,,,Daily,1218.09,21,4,16,FOOD COURT,delhi,India,hotmail.com,android,upi,1317,2,yes,0
CUST101638,Priya Rao,35,female,1410009,INR,53,PLATINUM,,,Monthly,2665,1,0,2,Food Court,Pune,india,outlook.com,Desktop,UPI,545,4,yes,0
CUST101639,Meera Verma,43,Other,737975,INR,44,GOLD,,,weekly,540.66,2,1,0,Kids,Mumbai,India,hotmail.com,Android,Cash,1350,5,No,0
CUST101640,Rahul Gupta,19,FEMALE,512479,INR,59,basic,,,Rarely,3388,4,0,4,electronics,JAIPUR,IN,hotmail.com,iOS,upi,1725,1,yes,1
CUST101641,Ira Kapoor,36,male,403608,INR,85,Gold,,,Rarely,1296.88,6,2,4,Food Court,mumbai,IN,GMAIL.COM,iOS,Wallet,709,4,No,0
CUST101642,Pooja Khan,21,Other,260290,INR,49,Silver,,12-07-2025,monthly,3050.57,55,22,29.5,Fashion,hyderabad,India,gmail.com,iOS,upi,670,2,Yes,0
CUST101643,Rahul Joshi,21,female,439483,INR,48,PLATINUM,,15-08-2025,Monthly,3427.98,4,1,2,Home Decor,Pune,IN,gmail.com,web,CREDIT CARD,715,5,No,0
CUST101644,Ishaan Sinha,11,male,306919,INR,66,PLATINUM,,,Daily,1561.97,5,3,2,Grocery,ahmedabad,India,outlook.com,Desktop,UPI,1147,4,yes,0
CUST101645,Neha Patel,63,Female,616454,INR,63,Platinum,01-01-2023,,weekly,2728.78,51,25,26,Grocery,Hyderabad,India,hotmail.com,IOS,Debit Card,830,5,yes,1
CUST101646,Aditya Chopra,49,Female,1193072,USD,44,Platinum,31-05-2023,,Monthly,2199.56,10,5,5,Fashion,Mumbai,IN,hotmail.com,android,Credit Card,432,5,No,0
CUST101647,Ananya Mishra,40,MALE,449091,INR,51,silver,,,Rarely,1248.54,3,1,1,electronics,PUNE,India,yahoo.com,Web,Cash,1886,5,yes,1
CUST101648,Neha Patel,51,male,512952,INR,80,Gold,,,Rarely,1134.56,5,3,1,Electronics,Bengaluru,india,GMAIL.COM,Web,upi,2216,3,No,0
CUST101649,Aadhya Reddy,23,Female,562746,INR,63,silver,09-06-2024,,Monthly,1269.42,5,4,2,Grocery,Mumbai,India,outlook.com,Mobile,Credit Card,321,4,No,0
CUST101650,Ira Kapoor,24,MALE,816723,INR,49,PLATINUM,01-04-2025,,RARELY,1449.41,41,11,29,grocery,LUCKNOW,IN,rediffmail.com,Android,CREDIT CARD,1258,1,No,1
CUST101651,Amit Das,38,MALE,1324654,USD,100,Silver,,07-11-2023,Daily,4395.34,6,1,4,Gaming,CHENNAI,India,company.com,iOS,UPI,1500,1,Yes,0
CUST101652,Aarav Reddy,37,MALE,1379766,INR,78,Silver,,,Monthly,1568.81,22,3,20,sports,Delhi,India,gmail.com,web,Credit Card,1536,1,Yes,0
CUST101653,Vihaan Sharma,41,Female,1037283,INR,51,GOLD,,,Weekly,-250,22,17,5,Grocery,PUNE,India,rediffmail.com,IOS,Credit Card,929,2,Yes,0
CUST101654,Kiara Mishra,32,Male,847955,INR,57,Silver,,,weekly,811.09,2,0,2,Electronics,Lucknow,India,outlook.com,Web,Cash,2922.125,5,No,0
CUST101655,Reyansh Sinha,20,Other,628136,INR,1,PLATINUM,07-11-2021,,Monthly,2578.6,25,7,17,gaming,CHENNAI,India,gmail.com,Desktop,upi,1199,5,yes,0
CUST101656,Rahul Kapoor,35,female,340770,INR,47,GOLD,,,Daily,1368.27,21,15,6,Fashion,lucknow,india,hotmail.com,Mobile,CREDIT CARD,1299,2,yes,1
CUST101657,Meera Chopra,38,Other,918963,INR,74,Silver,19-06-2022,09-05-2024,Weekly,2414.48,21,12,9,electronics,delhi,india,company.com,IOS,Cash,2562,1,no,0
CUST101658,Amit Verma,44,Male,560540,USD,20,Silver,31-07-2021,19-09-2021,Monthly,4688.34,7,4,3,fashion,lucknow,INDIA,outlook.com,IOS,Cash,816,5,No,1
CUST101660,Sai Khan,25,Male,231231,INR,37,basic,,,Monthly,1556.74,11,5,6,SPORTS,Delhi,INDIA,gmail.com,Web,Debit Card,1980,3,Yes,1
CUST101661,Aditya Kapoor,14,FEMALE,1210638,INR,67,GOLD,,,Weekly,2480.8,27,17,10,fashion,Delhi,india,GMAIL.COM,IOS,Credit Card,2034,4,No,0
CUST101662,Rahul Reddy,27,Other,543770,INR,77,Basic,24-01-2021,24-06-2023,Monthly,1555.54,46,26,14,Food Court,Delhi,India,GMAIL.COM,IOS,Credit Card,1555,1,yes,0
CUST101663,Krishna Sharma,30,Female,459174,INR,58,silver,,,weekly,4285.1,2,0,2,Food Court,hyderabad,India,gmail.com,Web,Credit Card,679,4,Yes,0
CUST101664,Arjun Reddy,26,Male,283821,INR,42,Silver,,,monthly,1592.94,16,14,1,BOOKS,delhi,india,outlook.com,IOS,Credit Card,1558,4,No,0
CUST101665,Rahul Sinha,25,male,379718,INR,92,basic,,25-09-2025,RARELY,-250,4,0,3,Electronics,JAIPUR,india,gmail.com,Web,Credit Card,868,5,Yes,1
CUST101666,Myra Mishra,33,Other,187607,INR,39,Gold,,,Rarely,571.24,30,23,7,Sports,Bengaluru,IN,GMAIL.COM,IOS,UPI,1786,3,yes,0
CUST101667,Kiara Iyer,55,female,189105,INR,65,basic,,,monthly,642.77,28,5,24,fashion,Jaipur,india,gmail.com,Android,Credit Card,1978,5,no,1
CUST101668,Sara Mishra,33,male,1624964.875,INR,70,Basic,,,weekly,2626.8,48,8,29.5,Home Decor,Bengaluru,INDIA,hotmail.com,iOS,Cash,1554,4,yes,0
CUST101669,Aadhya Mehta,42,Other,591748,INR,43,silver,,25-03-2025,Monthly,-250,10,0,10,sports,hyderabad,India,gmail.com,Desktop,upi,779,1,No,0
CUST101670,Rahul Kapoor,33,female,829617,USD,47,PLATINUM,23-06-2021,,Monthly,4471.89,12,7,4,Sports,mumbai,India,GMAIL.COM,IOS,Credit Card,1128,3,yes,0
CUST101671,Aditya Nair,28,MALE,1135071,INR,100,PLATINUM,,11-04-2023,Daily,2739.6,16,2,13,sports,Ahmedabad,India,GMAIL.COM,web,CREDIT CARD,1100,4,yes,0
CUST101672,Amit Mishra,53,FEMALE,267585,INR,49,silver,,,Monthly,1538.63,15,6,9,Fashion,Delhi,India,GMAIL.COM,Web,Debit Card,1539,2,Yes,0
CUST101673,Arjun Sinha,35,female,825646,INR,64,Silver,,,weekly,1655.22,7,0,7,beauty,Jaipur,India,outlook.com,Desktop,Credit Card,809,1,yes,0
CUST101674,Vivaan Verma,31,Other,1624964.875,INR,35,basic,,,Monthly,2144.87,22,3,18,SPORTS,chenai,IN,gmail.com,iOS,CREDIT CARD,781,4,yes,0
CUST101675,Amit Chopra,40,MALE,1147855,INR,68,GOLD,09-06-2022,,weekly,1711.95,9,8,2,home decor,Kolkata,INDIA,rediffmail.com,web,Debit Card,1165,3,yes,0
CUST101676,Amit Kapoor,39,Other,1121314,INR,41,Basic,,,Monthly,5899.62625,5,3,2,ELECTRONICS,AHMEDABAD,India,outlook.com,IOS,upi,2922.125,1,Yes,1
CUST101677,Riya Verma,28,Male,1031440,INR,72,Basic,,,RARELY,984.73,55,10,29.5,Grocery,Hyderabad,India,yahoo.com,android,CREDIT CARD,54,3,Yes,0
CUST101678,Amit Chopra,37,MALE,897438,INR,46,GOLD,,,weekly,946.83,13,2,11,Gaming,Mumbai,India,GMAIL.COM,Mobile,upi,2358,4,No,1
CUST101679,Aarav Singh,31,Other,452477,USD,71,Gold,,17-12-2024,weekly,1705.53,15,3,12,Home Decor,hyderabad,India,gmail.com,Mobile,upi,1920,4,Yes,0
CUST101680,Meera Das,31,female,678484,INR,52,Basic,,01-11-2021,monthly,3354.04,43,16,27,sports,Kolkata,IN,rediffmail.com,Android,Credit Card,1812,1,No,1
CUST101681,Sai Patel,31,female,1338973,INR,50,Gold,07-12-2023,,weekly,2989.11,16,3,13,electronics,Kolkata,india,gmail.com,IOS,Credit Card,461,5,yes,1
CUST101682,Arjun Gupta,45,Male,602204,INR,38,Gold,,,RARELY,1960.9,18,16,3,BOOKS,Delhi,India,company.com,web,upi,1323,3,Yes,1
CUST101683,Myra Patel,32,MALE,687996,INR,95,Gold,15-03-2023,,Daily,1086.22,4,3,0,Fashion,Ahmedabad,INDIA,gmail.com,iOS,Debit Card,353,4,No,0
CUST101684,Pooja Nair,29,MALE,373681,INR,43,PLATINUM,13-03-2021,,Weekly,1334.98,18,15,2,ELECTRONICS,jaipur,INDIA,gmail.com,Mobile,upi,2061,7,yes,0
CUST101685,Ishaan Iyer,23,Male,1,INR,46,silver,,,Monthly,927.21,1,0,0,Kids,pune,INDIA,rediffmail.com,Android,CREDIT CARD,1199,4,yes,0
CUST101686,Ayaan Verma,34,Female,620957,INR,78,Gold,,,monthly,3606.13,2,0,2,FOOD COURT,PUNE,IN,GMAIL.COM,Desktop,upi,2839,1,Yes,0
CUST101687,Kiara Iyer,42,MALE,700144,INR,73,Gold,15-07-2023,,RARELY,5029.81,11,2,9,SPORTS,Lucknow,INDIA,gmail.com,android,upi,358,4,No,1
CUST101688,Aadhya Joshi,21,Female,990969,INR,43,GOLD,,21-12-2023,Daily,1184.95,13,12,1,Fashion,Jaipur,India,gmail.com,iOS,CREDIT CARD,842,1,yes,1
CUST101689,Priya Mishra,63.5,Female,1392669,INR,65,silver,,,Rarely,1654.11,2,0,1,Grocery,pune,india,company.com,web,CREDIT CARD,1414,5,Yes,1
CUST101690,Vihaan Iyer,32,FEMALE,504811,USD,61,GOLD,,19-01-2024,Rarely,5153.51,1,0,1,SPORTS,Delhi,India,company.com,Web,Wallet,1621,4,yes,0
CUST101691,Ishaan Mehta,10,MALE,826940,INR,47,Basic,02-10-2024,,Daily,1814.65,6,2,4,Books,Pune,India,outlook.com,IOS,UPI,1636,1,no,0
CUST101692,Vivaan Sharma,63.5,Female,1570508,INR,60,Silver,,,monthly,1568.26,6,2,4,GAMING,mumbai,india,gmail.com,web,UPI,1693,2,Yes,0
CUST101693,Sara Chopra,40,MALE,309210,INR,24,Silver,27-03-2024,,RARELY,5502.75,12,6,6,SPORTS,mumbai,India,gmail.com,Desktop,Cash,1569,2,Yes,0
CUST101694,Neha Kapoor,33,MALE,1538577,INR,39,Silver,,,Monthly,2348,20,0,21,Grocery,MUMBAI,INDIA,gmail.com,Mobile,UPI,2225,3,No,0
CUST101695,Pooja Nair,44,Other,604216,INR,27,Gold,,,RARELY,1513.48,28,18,10,HOME DECOR,Lucknow,india,gmail.com,android,UPI,613,1,yes,1
CUST101696,Vihaan Chopra,36,Male,470208,INR,31,basic,,,Weekly,4597.58,7,1,6,Food Court,JAIPUR,India,GMAIL.COM,Mobile,Wallet,1270,1,No,1
CUST101697,Rahul Sharma,48,Other,454197,INR,78,Silver,,,Monthly,4777.04,32,24,8,GROCERY,Jaipur,india,hotmail.com,web,upi,0,4,No,0
CUST101698,Rahul Sharma,49,Female,-50000,INR,56,Basic,13-01-2023,16-08-2024,Monthly,1103.01,18,12,6,books,Chennai,INDIA,company.com,IOS,upi,1093,2,No,0
CUST101699,Aadhya Nair,18,Male,457618,INR,78,Silver,29-05-2022,15-04-2023,weekly,866.25,34,2,29.5,Grocery,CHENNAI,India,gmail.com,IOS,Credit Card,1032,4,Yes,0
CUST101700,Rahul Khan,17,Female,800789,USD,34,Gold,,,Weekly,2236.95,18,3,15,electronics,CHENNAI,India,rediffmail.com,IOS,Debit Card,251,5,Yes,0
CUST101701,Ananya Verma,38,Male,908802,INR,80,PLATINUM,,,weekly,2272.67,1,0,2,Gaming,KOLKATA,India,gmail.com,Web,Credit Card,1552,5,No,0
CUST101702,Reyansh Sinha,46,Female,340766,INR,33,Gold,,,Monthly,996.06,3,0,4,grocery,Mumbai,India,GMAIL.COM,Web,UPI,1199,4,No,1
CUST101703,Pooja Mishra,39,Female,641703,INR,21,GOLD,,,Weekly,2786.31,21,14,7,ELECTRONICS,KOLKATA,India,gmail.com,IOS,UPI,1214,3,Yes,0
CUST101705,Reyansh Gupta,30,Female,279044,INR,37,Basic,,,monthly,1023.97,27,7,21,Books,JAIPUR,India,gmail.com,IOS,Wallet,372,3,no,0
CUST101706,Neha Khan,24,female,332666,USD,54,Silver,,,RARELY,3605.83,3,2,0,Food Court,Lucknow,IN,hotmail.com,Mobile,UPI,240,2,yes,0
CUST101707,Meera Sharma,28,Female,811508,INR,72,silver,,,monthly,3127.72,1,0,1,Kids,CHENNAI,india,gmail.com,IOS,UPI,1181,1,No,0
CUST101708,Vivaan Kumar,36,female,800239,USD,50,Silver,,15-12-2023,weekly,1814.65,12,1,11,Home Decor,Hyderabad,IN,company.com,Desktop,Credit Card,1461,4,Yes,1
CUST101709,Rahul Patel,38,MALE,596055,INR,34,Gold,02-11-2024,,Rarely,2481.24,19,8,11,sports,lucknow,INDIA,company.com,Web,Credit Card,1951,5,Yes,1
CUST101710,Ishaan Mishra,7,MALE,1624964.875,INR,23,Silver,,,Daily,1698.79,11,10,1,Beauty,Bengaluru,India,gmail.com,Desktop,Wallet,2091,1,No,1
CUST101711,Sara Verma,32,MALE,635124,INR,57,Gold,11-09-2023,,Daily,1774.24,23,0,23,Grocery,CHENNAI,india,company.com,iOS,Credit Card,1589,4,Yes,0
CUST101712,Aarav Iyer,22,MALE,572897,INR,50,silver,,,Monthly,5899.62625,9,6,3,Grocery,BENGALURU,India,hotmail.com,IOS,Credit Card,2026,0,No,0
CUST101713,Aditya Chopra,32,MALE,681147,INR,1,silver,23-04-2021,,RARELY,608.9,16,4,11,electronics,Mumbai,India,outlook.com,Android,Debit Card,489,3,yes,1
CUST101714,Ishaan Kumar,20,male,1029722,INR,57,Silver,,,weekly,1188.69,3,1,1,FASHION,NEW DELHI,India,gmail.com,iOS,Wallet,1309,2,Yes,0
CUST101715,Diya Kumar,22,female,737469,INR,71,Silver,,,Rarely,3658.64,26,23,4,Electronics,ahmedabad,India,gmail.com,iOS,UPI,1149,3,Yes,1
CUST101716,Pooja Chopra,29,Other,748525,INR,81,Silver,02-01-2021,,Weekly,2253.86,14,4,10,beauty,Kolkata,INDIA,company.com,IOS,Debit Card,940,3,no,0
CUST101717,Ishaan Sinha,47,Female,402301,USD,53,Platinum,,,Rarely,1044.72,3,2,1,ELECTRONICS,LUCKNOW,india,hotmail.com,iOS,upi,1907,4,Yes,0
CUST101718,Arjun Nair,42,Male,489859,INR,39,silver,,,RARELY,5563.42,13,4,9,Grocery,PUNE,India,GMAIL.COM,Web,Credit Card,878,1,Yes,1
CUST101719,Pooja Rao,34,Female,651168,INR,91,Gold,,,monthly,3290.82,4,1,4,FOOD COURT,PUNE,IN,gmail.com,Desktop,Debit Card,1972,5,Yes,0
CUST101720,Priya Mishra,41,male,651168,USD,80,Platinum,,,Weekly,1938.53,0,0,0,Grocery,BENGALURU,india,company.com,Desktop,Debit Card,1457,3,No,0
CUST101721,Rahul Joshi,31,female,684820,INR,2,Gold,27-06-2023,,weekly,1821.98,15,0,16,Fashion,LUCKNOW,IN,gmail.com,Web,Credit Card,1572,1,No,0
CUST101722,Saanvi Kumar,27,MALE,373579,INR,7,basic,,28-06-2021,weekly,753.54,8,4,3,FASHION,KOLKATA,India,company.com,IOS,upi,1082,2,no,0
CUST101723,Amit Gupta,9,Other,778456,INR,15,GOLD,,21-08-2021,Monthly,2117.47,5,0,5,Grocery,ahmedabad,india,GMAIL.COM,android,Cash,742,1,yes,1
CUST101724,Rahul Rao,33,MALE,1128999,INR,72,Basic,,,weekly,1898.44,5,3,2,Fashion,LUCKNOW,INDIA,gmail.com,web,Credit Card,2539,1,No,0
CUST101725,Vivaan Mishra,26,male,588136,INR,39,Platinum,,,Monthly,3689.35,7,6,0,GAMING,PUNE,INDIA,hotmail.com,Desktop,Credit Card,2922.125,3,No,1
CUST100060,Sai Iyer,44,Female,1624964.875,INR,68,Silver,,,Daily,1566.69,13,6,6,electronics,HYDERABAD,INDIA,GMAIL.COM,iOS,upi,1003,3,Yes,0
CUST101727,Aarav Joshi,48,MALE,567334,INR,88,Gold,,,Monthly,4406.18,39,0,29.5,Sports,Mumbai,india,gmail.com,Web,Debit Card,1842,3,yes,0
CUST101728,Saanvi Khan,45,FEMALE,999183,INR,42,silver,,,RARELY,1488.71,2,0,3,Books,pune,India,rediffmail.com,android,Debit Card,1478,3,Yes,0
CUST101729,Rahul Joshi,43,FEMALE,408478,INR,52,Gold,,22-12-2021,RARELY,971.03,1,0,1,Kids,NEW DELHI,India,yahoo.com,Android,Debit Card,1598,5,yes,0
CUST101730,Sai Verma,43,Male,725565,INR,52,basic,,,Weekly,1055.8,24,22,2,Fashion,pune,India,company.com,Web,Credit Card,1102,3,Yes,0
CUST101732,Ananya Patel,36,female,667130,INR,35,Gold,,,Rarely,523.89,10,1,9,HOME DECOR,Ahmedabad,India,gmail.com,android,Debit Card,921,4,no,0
CUST101733,Vihaan Rao,46,FEMALE,430406,INR,74,Platinum,,,Monthly,3095.49,19,13,7,Grocery,Delhi,India,gmail.com,IOS,CREDIT CARD,435,4,Yes,0
CUST101734,Ira Joshi,21,male,330701,INR,100,Basic,,,Monthly,5899.62625,6,5,1,Food Court,Lucknow,IN,gmail.com,Mobile,UPI,0,2,Yes,0
CUST101735,Vivaan Sharma,34,Other,283687,INR,45,Silver,28-12-2024,,monthly,3837.22,17,7,9,Grocery,Hyderabad,INDIA,gmail.com,iOS,Credit Card,1209,3,Yes,1
CUST101736,Arjun Singh,33,MALE,1322815,INR,54,Basic,,,Monthly,5899.62625,15,11,4,Electronics,KOLKATA,IN,GMAIL.COM,android,upi,312,3,no,1
CUST101737,Sara Iyer,56,Female,693418,INR,33,Gold,,,weekly,1313.96,31,1,29.5,KIDS,Kolkata,India,rediffmail.com,IOS,Credit Card,1590,5,No,0
CUST101738,Aadhya Reddy,20,female,1208073,INR,70,Gold,,,Monthly,5899.62625,37,0,29.5,gaming,bengaluru,INDIA,gmail.com,android,upi,1479,5,no,0
CUST101739,Priya Khan,19,Male,490996,INR,64,Silver,,,RARELY,2287.26,41,26,15,gaming,NEW DELHI,india,yahoo.com,Android,Debit Card,310,1,No,0
CUST101740,Saanvi Singh,33,Female,651168,INR,46,Platinum,,26-07-2023,monthly,3478.4,18,0,18,Gaming,JAIPUR,India,gmail.com,Mobile,upi,2037,4,yes,1
CUST101741,Diya Chopra,39,FEMALE,420080,INR,66,Silver,04-01-2023,03-06-2024,weekly,2681.61,31,6,26,Kids,CHENNAI,India,company.com,IOS,upi,904,5,no,0
CUST101742,Sara Reddy,32,Female,625666,INR,46,Platinum,01-10-2021,,weekly,751.05,46,26,15,books,pune,India,outlook.com,IOS,Credit Card,1301,5,yes,0
CUST101743,Aarav Mishra,6,Male,308785,INR,67,Silver,05-01-2021,,Monthly,1814.65,55,14,29.5,HOME DECOR,bengaluru,India,gmail.com,Desktop,Cash,1234,5,Yes,0
CUST101744,Aditya Sinha,46,MALE,140408,INR,56,silver,,,RARELY,1172,6,4,1,Electronics,Jaipur,India,gmail.com,Mobile,UPI,1089,5,Yes,0
CUST101745,Ishaan Singh,19,male,344215,USD,68,Silver,,,Weekly,3252.53,4,3,2,BOOKS,NEW DELHI,INDIA,yahoo.com,Web,upi,2922.125,4,Yes,0
CUST101746,Diya Patel,63.5,Other,478376,INR,79,Gold,,,monthly,1139.75,7,3,4,Books,bengaluru,IN,gmail.com,android,Wallet,2434,2,Yes,0
CUST101747,Aditya Patel,52,MALE,768963,INR,51,basic,,,Daily,3395.86,9,1,9,GROCERY,Mumbai,IN,gmail.com,android,upi,1354,3,No,0
CUST101748,Saanvi Kapoor,38,Male,886978,INR,29,Silver,,21-10-2024,Daily,989.07,11,9,3,Electronics,BENGALURU,INDIA,company.com,IOS,CREDIT CARD,2198,4,No,0
CUST101749,Ananya Kumar,43,Female,1270643,INR,67,GOLD,,11-03-2024,weekly,1850.01,2,1,0,Sports,BENGALURU,India,hotmail.com,Android,Wallet,631,4,Yes,0
CUST101750,Krishna Verma,28,Female,1624964.875,INR,44,basic,30-09-2023,,Monthly,3136.5,55,18,29.5,Grocery,Bengaluru,IN,outlook.com,web,upi,0,2,no,0
CUST101751,Ananya Das,31,Female,956613,INR,25,Silver,21-07-2022,,Rarely,2747,6,0,5,Grocery,KOLKATA,India,rediffmail.com,android,upi,1711,2,yes,0
CUST101752,Riya Mehta,55,Male,629550,INR,1,GOLD,,,weekly,5899.62625,22,8,15,Gaming,LUCKNOW,india,gmail.com,IOS,Debit Card,52,5,yes,0
CUST101753,Aarav Gupta,33,Male,310475,INR,50,Silver,,,Rarely,3944.18,16,4,12,GAMING,AHMEDABAD,IN,gmail.com,Web,CREDIT CARD,2032,5,No,1
CUST101755,Aarav Kapoor,32,Male,707189,INR,63,PLATINUM,,01-08-2024,Weekly,2805.89,20,16,4,BEAUTY,Kolkata,India,company.com,IOS,Credit Card,1430,2,No,1
CUST101756,Rahul Iyer,31,MALE,1495702,INR,72,Platinum,,,RARELY,893.28,31,12,18,Beauty,Bengaluru,INDIA,company.com,android,CREDIT CARD,1395,5,Yes,1
CUST101757,Krishna Kumar,27,Male,314949,INR,48,Basic,,,weekly,515.21,8,1,7,Grocery,Hyderabad,India,gmail.com,iOS,Wallet,1505,1,yes,0
CUST101758,Sara Mehta,26,Female,847246,INR,60,Gold,,,Rarely,2768.73,15,5,9,ELECTRONICS,PUNE,India,gmail.com,Web,UPI,1056,7,No,0
CUST101759,Ayaan Verma,31,Female,425699,USD,48,Silver,,19-04-2026,Monthly,1318.85,2,0,2,fashion,lucknow,INDIA,company.com,Desktop,upi,243,3,Yes,1
CUST101760,Rahul Mehta,16,Female,419181,INR,73,Gold,28-06-2024,15-04-2026,weekly,5899.62625,9,5,4,ELECTRONICS,Hyderabad,INDIA,gmail.com,Desktop,Credit Card,663,3,Yes,0
CUST101761,Ishaan Gupta,30,Other,504762,INR,23,basic,16-05-2021,11-07-2022,Rarely,2476.38,36,26,9,sports,AHMEDABAD,india,gmail.com,Desktop,Credit Card,1328,4,No,1
CUST101762,Ayaan Mehta,28,Female,193295,INR,57,Gold,,,Monthly,4948.22,55,22,29.5,Grocery,NEW DELHI,India,outlook.com,iOS,CREDIT CARD,1825,4,no,1
CUST101763,Vihaan Sinha,42,male,558837,INR,76,Silver,,02-06-2023,monthly,3753.22,-3,8,9,GAMING,mumbai,IN,rediffmail.com,Android,Debit Card,1179,2,Yes,0
CUST101764,Krishna Reddy,37,FEMALE,598272,INR,93,PLATINUM,26-06-2024,08-11-2024,Daily,911.04,5,1,4,Grocery,mumbai,IN,GMAIL.COM,android,Debit Card,1356,4,No,0
CUST101765,Ayaan Reddy,61,Male,480581,INR,39,Silver,,,Rarely,173.4,4,3,1,FOOD COURT,chenai,India,GMAIL.COM,IOS,upi,1431,4,no,1
CUST101766,Aarav Gupta,32,Male,935268,INR,67,PLATINUM,,,monthly,4022.3,20,4,15,Kids,chenai,india,yahoo.com,Web,Credit Card,1342,1,Yes,0
CUST101767,Ishaan Kumar,16,Female,622094,INR,57,Platinum,,,Weekly,3664.78,55,26,29.5,Grocery,CHENNAI,INDIA,GMAIL.COM,Web,upi,1642,5,no,0
CUST101768,Myra Reddy,22,MALE,1449251,INR,26,Gold,,,RARELY,500.3,6,1,5,Electronics,chenai,India,gmail.com,iOS,Wallet,1316,3,yes,0
CUST101769,Sai Kapoor,45,male,309427,INR,49,GOLD,,,monthly,5899.62625,10,6,4,Food Court,hyderabad,INDIA,company.com,iOS,upi,1294,5,No,0
CUST101770,Meera Verma,4,Male,202849,INR,41,Silver,,,Daily,2566.22,13,1,12,BEAUTY,ahmedabad,INDIA,yahoo.com,IOS,Debit Card,2368,5,No,1
CUST101771,Saanvi Khan,38,MALE,430140,INR,1,Platinum,19-03-2021,,Rarely,1098,0,0,0,Kids,KOLKATA,India,rediffmail.com,Web,upi,1623,4,yes,1
CUST101772,Aditya Rao,31,Male,496830,INR,39,Gold,,,Monthly,768.14,4,3,1,beauty,CHENNAI,INDIA,gmail.com,IOS,CREDIT CARD,842,2,Yes,1
CUST101773,Reyansh Sharma,11,Male,1120594,INR,33,GOLD,,20-07-2024,monthly,2352.46,21,2,18,Books,BENGALURU,India,hotmail.com,Mobile,Credit Card,1067,7,yes,1
CUST101774,Sai Mehta,38,female,527875,INR,51,GOLD,,,Weekly,2392.08,1,0,2,Fashion,lucknow,India,gmail.com,android,CREDIT CARD,956,3,No,0
CUST101775,Aditya Sinha,28,MALE,435257,USD,65,Platinum,,,weekly,302.53,0,0,0,sports,Bengaluru,IN,gmail.com,android,Debit Card,1054,3,No,0
CUST101776,Myra Sharma,33,Female,760231,INR,69,PLATINUM,,,Monthly,1872.32,7,2,5,Electronics,NEW DELHI,India,yahoo.com,Mobile,Credit Card,1565,3,Yes,0
CUST101777,Saanvi Sinha,44,Female,651168,INR,34,PLATINUM,12-11-2023,,RARELY,1029.26,6,3,3,Beauty,HYDERABAD,india,outlook.com,IOS,Debit Card,1351,2,Yes,0
CUST101778,Ayaan Singh,34,Male,502146,INR,81,Silver,,,weekly,2213.53,7,5,2,Food Court,PUNE,INDIA,company.com,Desktop,UPI,2072,4,Yes,0
CUST101779,Arjun Joshi,40,Male,662068,INR,41,GOLD,,,Rarely,901.21,5,2,3,Grocery,HYDERABAD,India,GMAIL.COM,IOS,Debit Card,302,5,No,0
CUST101780,Myra Gupta,32,FEMALE,333287,USD,61,Platinum,,,Monthly,1023.87,6,0,5,Home Decor,Hyderabad,IN,outlook.com,iOS,Credit Card,2142,7,no,0
CUST101781,Ayaan Iyer,30,FEMALE,378512,USD,35,Basic,,,Weekly,2882.07,28,21,6,Grocery,Lucknow,India,hotmail.com,android,Credit Card,1855,1,Yes,0
CUST101782,Krishna Patel,23,Female,906190,INR,70,Basic,,,Rarely,1019.2,8,1,8,Beauty,Delhi,India,yahoo.com,Mobile,Credit Card,1400,5,no,0
CUST101783,Kiara Gupta,16,Female,415976,USD,58,Silver,,,Monthly,1771.74,10,0,11,Home Decor,Hyderabad,India,rediffmail.com,iOS,Wallet,1978,4,No,0
CUST101784,Diya Kumar,28,MALE,793336,INR,74,Gold,,,weekly,2152.46,13,2,11,Home Decor,Ahmedabad,IN,GMAIL.COM,Android,Debit Card,1869,2,Yes,0
CUST101785,Neha Joshi,9,Male,1523559,USD,53,PLATINUM,,,RARELY,1044.58,8,0,7,grocery,KOLKATA,India,gmail.com,Desktop,upi,1332,2,No,0
CUST101786,Rahul Mishra,32,Other,906452,INR,29,Silver,,,Daily,1814.65,15,8,7,Electronics,hyderabad,India,company.com,Android,Cash,690,4,Yes,0
CUST101787,Rahul Nair,27,Female,429961,INR,72,Gold,,,weekly,1282.41,16,11,6,Kids,NEW DELHI,India,yahoo.com,IOS,Cash,1171,4,Yes,0
CUST100249,Aarav Mishra,44,Other,651168,USD,44,Basic,11-10-2021,,Weekly,1690.71,7,2,5,Electronics,Hyderabad,India,yahoo.com,Mobile,Debit Card,966,2,yes,0
CUST101789,Reyansh Chopra,47,MALE,687217,INR,49,Silver,,08-01-2025,weekly,1815.09,3,1,2,Gaming,chenai,India,yahoo.com,Android,upi,904,2,No,0
CUST101790,Rahul Das,52,female,681105,INR,25,Basic,,,weekly,3395.34,1,0,0,Beauty,Lucknow,IN,gmail.com,web,upi,1006,1,No,1
CUST101791,Sai Joshi,28,Other,360782,INR,60,Silver,15-05-2023,,weekly,648.91,15,6,9,Kids,LUCKNOW,India,company.com,web,upi,317,4,Yes,0
CUST101792,Kiara Das,23,Male,595753,INR,75,Gold,14-06-2021,,Rarely,5057.59,7,1,6,Food Court,Delhi,INDIA,gmail.com,Mobile,Cash,40,1,No,1
CUST101793,Priya Singh,13,Other,650528,INR,95,Silver,,,RARELY,1220.68,0,0,0,Grocery,bengaluru,IN,rediffmail.com,Web,Cash,1612,2,no,0
CUST101794,Vivaan Verma,33,Male,591078,INR,53,basic,12-03-2023,,Monthly,2797.64,2,1,1,Electronics,Bengaluru,India,yahoo.com,Web,Credit Card,36,5,yes,0
CUST101795,Ishaan Chopra,42,Other,288697,INR,69,Basic,,,weekly,3571.08,1,0,1,Kids,NEW DELHI,INDIA,gmail.com,Android,Credit Card,1251,4,yes,0
CUST101796,Amit Sinha,25,male,1013665,USD,37,Gold,,16-11-2025,Rarely,1153.25,29,3,25,HOME DECOR,AHMEDABAD,India,gmail.com,Android,Credit Card,1296,1,yes,0
CUST101797,Rahul Patel,38,FEMALE,1278361,INR,50,Gold,,,Weekly,5899.62625,19,8,11,food court,KOLKATA,IN,outlook.com,Mobile,Debit Card,1725,3,yes,0
CUST101798,Saanvi Khan,33,Male,453853,INR,39,Silver,,,Rarely,2236.31,3,0,3,HOME DECOR,JAIPUR,India,gmail.com,Web,Cash,852,4,yes,0
CUST101799,Ananya Mishra,46,Male,1138745,INR,75,Basic,,,Rarely,1469.85,9,2,8,home decor,hyderabad,India,rediffmail.com,IOS,Wallet,796,1,Yes,1
CUST101800,Saanvi Das,33,Male,285327,INR,19,silver,25-11-2022,,RARELY,2712.12,4,3,1,Gaming,Bengaluru,India,gmail.com,Mobile,Cash,0,5,Yes,1
CUST101801,Priya Iyer,19,Female,443246,INR,100,Gold,,,Monthly,566.58,16,2,15,Kids,HYDERABAD,India,gmail.com,iOS,Debit Card,378,4,Yes,1
CUST101802,Vihaan Singh,21,MALE,850743,INR,28,basic,,,RARELY,804.59,4,0,4,Electronics,lucknow,India,gmail.com,Mobile,upi,1388,1,yes,1
CUST101803,Aditya Patel,43,MALE,274685,INR,62,silver,,20-10-2024,Weekly,5899.62625,30,20,11,BOOKS,bengaluru,INDIA,rediffmail.com,Desktop,CREDIT CARD,1493,3,Yes,0
CUST101804,Vihaan Patel,31,Female,676541,USD,100,basic,13-10-2023,,Daily,491.81,14,7,6,Grocery,Kolkata,IN,gmail.com,IOS,UPI,1321,3,No,0
CUST101805,Kiara Joshi,22,Female,853879,INR,78,GOLD,,,weekly,333.18,2,0,2,SPORTS,CHENNAI,India,gmail.com,IOS,CREDIT CARD,291,3,Yes,1
CUST101806,Vivaan Mishra,35,MALE,597574,INR,52,Silver,,,Daily,1143.05,24,15,9,GAMING,Kolkata,India,gmail.com,web,Debit Card,1731,5,No,0
CUST101807,Krishna Joshi,38,Female,909234,INR,72,Platinum,26-11-2024,,Rarely,1318.81,40,12,27,HOME DECOR,delhi,INDIA,rediffmail.com,Mobile,Credit Card,1282,5,yes,0
CUST101808,Saanvi Rao,23,Female,540758,INR,53,Basic,,,monthly,5132.07,6,3,4,Electronics,Jaipur,IN,hotmail.com,web,Credit Card,1376,5,Yes,1
CUST101809,Diya Iyer,33,Female,1063225,INR,77,silver,,,RARELY,2179.88,12,4,1,home decor,Kolkata,India,gmail.com,Android,Debit Card,1762,4,no,1
CUST101810,Ira Nair,28,FEMALE,434466,INR,34,Basic,,,Rarely,5899.62625,55,18,29.5,Gaming,AHMEDABAD,India,hotmail.com,web,upi,782,1,yes,1
CUST101811,Ishaan Reddy,55,female,591692,INR,28,GOLD,,,Daily,947.86,10,6,3,Grocery,Mumbai,India,gmail.com,Desktop,Wallet,1851,1,No,0
CUST101812,Meera Mehta,3.5,Male,649629,INR,92,silver,,,monthly,617.7,21,19,3,Electronics,LUCKNOW,INDIA,GMAIL.COM,web,Credit Card,1222,5,Yes,0
CUST101813,Diya Mishra,16,female,747327,USD,67,Basic,17-01-2024,,Weekly,2361.24,26,20,6,Fashion,Mumbai,INDIA,company.com,Mobile,upi,2152,2,No,0
CUST101814,Krishna Verma,33,Male,456902,INR,35,Platinum,,,Rarely,2366.88,25,8,17,Home Decor,Kolkata,India,hotmail.com,IOS,Wallet,272,1,Yes,0
CUST101815,Krishna Iyer,22,Male,457349,USD,47,basic,,,Rarely,1260.32,55,2,1,home decor,MUMBAI,IN,rediffmail.com,Web,upi,1624,5,No,0
CUST101816,Meera Nair,23,MALE,651168,INR,20,Platinum,,,Monthly,1169.93,55,20,29.5,Home Decor,chenai,india,gmail.com,Desktop,CREDIT CARD,810,3,No,0
CUST101817,Ananya Mehta,33,MALE,882986,INR,51,Basic,23-03-2025,03-06-2025,weekly,691.03,5,3,1,sports,KOLKATA,India,GMAIL.COM,iOS,upi,1939,3,Yes,0
CUST101818,Kiara Kumar,40,MALE,651168,USD,71,silver,,,Monthly,2899.19,1,0,1,grocery,lucknow,India,rediffmail.com,Android,upi,1930,1,No,0
CUST101819,Vivaan Mehta,24,Male,660506,INR,73,PLATINUM,21-10-2023,,monthly,600.92,23,13,10,BEAUTY,Mumbai,india,company.com,Web,upi,842,3,no,0
CUST101820,Sara Verma,28,male,760580,INR,75,Gold,,19-07-2025,Monthly,1636.89,19,16,3,food court,chenai,India,gmail.com,IOS,Cash,1054,1,yes,1
CUST101821,Sai Iyer,47,Male,1081402,INR,85,Silver,28-10-2023,11-08-2024,weekly,1751.52,0,0,0,grocery,JAIPUR,India,yahoo.com,Android,CREDIT CARD,974,1,yes,0
CUST101822,Aditya Sinha,35,MALE,449201,INR,63,Platinum,,10-10-2025,Monthly,2534.74,55,26,28,Beauty,HYDERABAD,india,outlook.com,Mobile,Credit Card,1288,5,Yes,0
CUST101823,Riya Joshi,33,female,651168,INR,61,Gold,,,Monthly,2698.81,0,0,0,Gaming,pune,INDIA,rediffmail.com,iOS,Credit Card,70,5,yes,0
CUST101825,Rahul Gupta,40,MALE,521423,INR,66,basic,,,Rarely,752.2,-3,11,2,Electronics,Delhi,India,hotmail.com,Desktop,Credit Card,2837,2,yes,0
CUST101826,Amit Patel,32,Female,208988,USD,83,Silver,,29-11-2021,monthly,2380.31,55,3,3,Fashion,JAIPUR,India,hotmail.com,Android,Cash,956,4,Yes,0
CUST101827,Saanvi Singh,22,Female,516408,INR,77,Basic,,,monthly,1838.01,25,1,25,gaming,Bengaluru,India,yahoo.com,IOS,Credit Card,538,1,yes,0
CUST101828,Diya Iyer,21,Male,613374,USD,41,silver,,,monthly,1814.65,2,0,3,SPORTS,lucknow,INDIA,gmail.com,IOS,upi,1379,2,Yes,0
CUST101829,Pooja Rao,33,Other,1624964.875,INR,61,PLATINUM,,,Rarely,3334.88,19,4,16,Food Court,pune,INDIA,hotmail.com,web,Wallet,0,7,Yes,0
CUST101830,Diya Patel,24,Male,604352,INR,47,Silver,,,Daily,2073.95,55,26,3,Gaming,NEW DELHI,INDIA,gmail.com,iOS,UPI,1423,3,No,0
CUST101831,Sara Joshi,29,male,1624964.875,INR,32,Gold,,,Weekly,1338.46,0,0,0,FASHION,JAIPUR,India,gmail.com,Android,Wallet,1880,5,yes,1
CUST101832,Aarav Kumar,38,Female,702116,INR,54,PLATINUM,,,monthly,598.94,7,4,3,FASHION,Kolkata,India,gmail.com,Mobile,upi,1597,1,yes,0
CUST101833,Ananya Mehta,35,Other,799219,INR,1,Gold,,03-09-2024,monthly,1184.16,8,1,8,Food Court,Chennai,IN,yahoo.com,Web,Credit Card,1876,4,no,1
CUST101834,Amit Reddy,44,FEMALE,172739,INR,72,Basic,,,Weekly,2266.69,33,14,20,Electronics,Mumbai,IN,yahoo.com,IOS,Debit Card,1430,0,no,0
CUST101835,Aditya Das,29,male,850236,INR,100,GOLD,16-09-2021,,Monthly,2011.65,55,3,29.5,Electronics,Hyderabad,IN,company.com,Web,Credit Card,845,3,No,0
CUST101836,Aditya Khan,37,FEMALE,1624964.875,INR,59,Basic,18-01-2022,,weekly,4949,37,14,24,Fashion,KOLKATA,India,yahoo.com,Desktop,Credit Card,955,4,No,1
CUST101837,Aadhya Mishra,43,female,613070,INR,73,Platinum,,,RARELY,1346.15,10,9,2,HOME DECOR,MUMBAI,India,company.com,IOS,upi,691,2,No,1
CUST101838,Diya Chopra,49,Other,457318,INR,52,silver,02-01-2024,21-05-2025,Daily,2871.71,2,1,1,Kids,Mumbai,India,GMAIL.COM,Android,Wallet,1603,5,no,0
CUST101839,Ananya Sinha,39,Female,1340350,INR,56,Silver,16-09-2021,,Weekly,5899.62625,23,1,22,beauty,LUCKNOW,IN,GMAIL.COM,android,upi,753,3,Yes,0
CUST101840,Sai Sharma,30,female,813714,INR,94,Silver,,17-06-2026,weekly,5899.62625,5,2,2,Fashion,ahmedabad,IN,gmail.com,Desktop,CREDIT CARD,602,2,Yes,0
CUST101841,Ayaan Singh,20,MALE,1624964.875,INR,33,basic,,,Daily,1073.96,0,0,0,Sports,jaipur,IN,gmail.com,Web,CREDIT CARD,1493,2,No,1
CUST101842,Neha Nair,45,female,901347,INR,51,silver,,08-05-2026,weekly,1551.86,11,8,2,gaming,ahmedabad,India,yahoo.com,IOS,Credit Card,1481,3,Yes,1
CUST101843,Amit Iyer,23,FEMALE,590905,INR,36,Platinum,,,Monthly,1659.84,20,7,13,Home Decor,Jaipur,IN,gmail.com,iOS,Wallet,1305,2,yes,0
CUST101844,Pooja Das,16,Male,646880,INR,30,Platinum,,,monthly,3693.57,23,9,13,Electronics,Kolkata,india,gmail.com,Desktop,Wallet,1045,4,yes,0
CUST101845,Sara Sharma,31,MALE,978706,USD,54,GOLD,07-08-2024,,Weekly,1318.52,3,0,3,books,jaipur,India,outlook.com,Web,Cash,1331,5,no,0
CUST101846,Krishna Sharma,25,MALE,651168,INR,35,silver,09-12-2024,,weekly,3087.84,20,4,15,Home Decor,Kolkata,india,rediffmail.com,android,Cash,851,1,Yes,0
CUST101847,Aarav Singh,24,Other,360431,INR,83,basic,,,Weekly,1555.62,5,3,3,Electronics,PUNE,india,gmail.com,Desktop,upi,991,3,Yes,0
CUST100974,Neha Singh,46,MALE,678258,USD,32,Gold,16-07-2025,,Rarely,794.01,3,0,3,Food Court,delhi,India,company.com,Android,upi,1441,2,Yes,1
CUST101849,Neha Khan,40,Other,552602,INR,60,basic,,02-05-2026,Daily,2777.36,3,0,3,Gaming,Pune,India,gmail.com,IOS,upi,1446,2,No,0
CUST101850,Sara Mishra,32,Female,841811,INR,15,Basic,19-07-2022,,Weekly,743,14,11,3,Kids,jaipur,India,outlook.com,IOS,CREDIT CARD,1895,1,no,0
CUST101851,Ayaan Singh,63.5,MALE,1552967,INR,76,GOLD,,,Rarely,1200.61,0,0,0,Sports,jaipur,india,gmail.com,Desktop,Wallet,1088,5,No,0
CUST101852,Priya Kumar,39,Female,275509,INR,68,Gold,,,RARELY,3932.61,22,11,10,Electronics,Ahmedabad,India,GMAIL.COM,Mobile,upi,1561,1,No,0
CUST101853,Reyansh Singh,19,FEMALE,601911,INR,94,PLATINUM,,,Daily,1489.89,19,3,16,Electronics,hyderabad,India,company.com,Web,Debit Card,0,2,no,0
CUST101854,Diya Iyer,33,male,706552,INR,72,Platinum,,,Rarely,1582.09,13,12,1,electronics,Hyderabad,india,gmail.com,Android,Debit Card,1995,5,Yes,0
CUST101855,Sai Nair,21,female,659673,INR,41,GOLD,01-09-2022,28-11-2022,monthly,1949.18,3,0,2,Fashion,lucknow,India,gmail.com,web,upi,165,2,yes,0
CUST101856,Kiara Sinha,21,Female,896801,INR,70,Gold,,,RARELY,439.47,5,1,4,Fashion,LUCKNOW,India,gmail.com,Mobile,UPI,1049,2,Yes,0
CUST101857,Reyansh Sharma,33,Female,503371,INR,64,Platinum,,,Monthly,1387.59,3,0,2,Books,Lucknow,INDIA,outlook.com,Desktop,UPI,1271,4,No,0
CUST101858,Aadhya Mehta,39,Female,925086,INR,71,silver,,,Rarely,5899.62625,3,1,3,Home Decor,delhi,INDIA,gmail.com,android,Credit Card,2202,5,No,0
CUST101859,Priya Verma,21,female,721808,INR,2,GOLD,20-03-2023,,monthly,1170.7,55,26,29.5,FOOD COURT,pune,India,outlook.com,web,Credit Card,607,3,Yes,0
CUST101860,Neha Kapoor,36,female,1624964.875,INR,82,Gold,,,RARELY,5899.62625,55,5,29.5,Grocery,BENGALURU,India,yahoo.com,android,Debit Card,1326,3,Yes,0
CUST101298,Aarav Nair,45,female,278794,USD,20,Basic,,,Rarely,2631.37,14,4,10,FOOD COURT,Bengaluru,India,gmail.com,web,Credit Card,485,5,no,0
CUST101862,Amit Reddy,49,Other,651168,USD,61,GOLD,,,Weekly,5510.33,15,7,8,beauty,bengaluru,India,hotmail.com,Web,Debit Card,1847,3,No,0
CUST101863,Kiara Gupta,58,female,937876,INR,65,Platinum,,,Monthly,642.74,14,3,10,KIDS,delhi,IN,company.com,iOS,CREDIT CARD,196,2,No,1
CUST101864,Vihaan Nair,41,MALE,544784,INR,60,silver,,,Rarely,4087.6,8,0,8,Gaming,CHENNAI,INDIA,gmail.com,Mobile,upi,1964,3,no,0
CUST101865,Aadhya Verma,45,Male,296120,USD,16,basic,,,Monthly,625.38,22,0,21,Electronics,BENGALURU,IN,hotmail.com,android,Credit Card,931,3,Yes,0
CUST101866,Saanvi Singh,46,MALE,807438,INR,72,basic,17-01-2025,15-06-2025,weekly,5899.62625,1,0,1,KIDS,Kolkata,india,GMAIL.COM,Web,UPI,1380,4,yes,1
CUST101868,Ishaan Reddy,33,Male,997028,INR,56,Platinum,11-08-2022,,Monthly,1379.69,1,0,0,Food Court,jaipur,India,hotmail.com,IOS,Debit Card,2333,5,No,0
CUST101869,Aadhya Sharma,39,MALE,758625,INR,44,Gold,,,RARELY,1696.44,28,12,16,Grocery,Chennai,India,gmail.com,android,upi,671,1,Yes,1
CUST100811,Krishna Mishra,44,Male,1624964.875,INR,42,basic,,,Weekly,5199.1,33,23,10,GAMING,KOLKATA,India,gmail.com,IOS,Debit Card,554,5,Yes,0
CUST101871,Aditya Sharma,30,MALE,210452,INR,40,PLATINUM,,,Monthly,4888.16,52,23,29.5,Kids,Hyderabad,INDIA,company.com,android,Cash,1938,5,Yes,0
CUST101872,Arjun Nair,39,male,253632,INR,79,Gold,,09-05-2025,Rarely,1862.45,9,4,5,Fashion,ahmedabad,India,rediffmail.com,Web,Credit Card,448,2,No,0
CUST101873,Arjun Mehta,26,MALE,650627,INR,72,PLATINUM,,03-01-2023,Weekly,2326.64,8,4,5,Electronics,AHMEDABAD,INDIA,gmail.com,Web,Credit Card,2366,4,No,1
CUST101874,Arjun Reddy,21,MALE,337963,INR,57,Basic,,,Daily,1147.11,32,26,4,GROCERY,delhi,INDIA,outlook.com,IOS,upi,1991,2,yes,1
CUST101875,Riya Verma,37,MALE,252804,INR,40,Basic,,,weekly,1268.45,0,0,0,Electronics,Mumbai,India,GMAIL.COM,android,Debit Card,717,1,No,1
CUST101876,Riya Kumar,24,Female,902668,INR,52,Platinum,23-01-2022,23-03-2024,Monthly,3937.93,25,11,15,sports,Bengaluru,IN,gmail.com,iOS,Credit Card,1224,4,yes,0
CUST101877,Aditya Khan,60,female,799390,INR,47,Basic,,,Monthly,505.3,12,5,8,GAMING,JAIPUR,INDIA,GMAIL.COM,Mobile,upi,623,1,no,0
CUST101878,Aarav Verma,38,FEMALE,1241091,INR,82,PLATINUM,,,Daily,3237.78,6,0,6,Books,KOLKATA,INDIA,hotmail.com,Android,upi,2518,5,no,0
CUST101879,Ira Das,36,Male,755249,USD,77,Basic,29-08-2023,28-09-2025,Monthly,2974.83,27,13,13,Fashion,Pune,India,rediffmail.com,IOS,Credit Card,1650,4,Yes,0
CUST101880,Aarav Sharma,33,male,1624964.875,INR,47,basic,,,Weekly,449.62,10,0,9,SPORTS,JAIPUR,INDIA,GMAIL.COM,android,UPI,1405,3,yes,0
CUST101882,Aditya Khan,6,female,1377660,INR,67,basic,,,Monthly,4007.82,24,18,6,Beauty,Mumbai,IN,yahoo.com,Android,Debit Card,1374,1,yes,0
CUST101883,Vihaan Gupta,21,Female,969960,INR,44,Gold,,,Rarely,1345.22,14,13,2,Kids,Kolkata,India,GMAIL.COM,android,CREDIT CARD,196,4,No,0
CUST101884,Ira Mishra,23,FEMALE,644570,INR,41,Gold,09-11-2024,14-03-2025,Monthly,3437.66,5,1,5,SPORTS,CHENNAI,India,outlook.com,IOS,upi,1626,5,Yes,0
CUST101885,Neha Khan,25,male,137998,INR,68,silver,,,Monthly,1814.65,35,11,24,Books,bengaluru,IN,gmail.com,IOS,upi,1854,5,No,1
CUST101886,Myra Chopra,35,Male,919804,INR,66,silver,,,monthly,494.94,45,13,29.5,Grocery,JAIPUR,India,GMAIL.COM,Mobile,Credit Card,1042,1,yes,1
CUST101887,Arjun Gupta,49,MALE,1624964.875,INR,62,GOLD,,,Monthly,2914.36,2,1,0,Fashion,mumbai,INDIA,gmail.com,IOS,Credit Card,1162,0,yes,0
CUST101888,Vihaan Khan,3.5,male,315967,INR,60,PLATINUM,,,weekly,1025.87,10,6,3,Electronics,JAIPUR,India,hotmail.com,Desktop,UPI,688,4,yes,0
CUST101889,Vivaan Kapoor,34,FEMALE,1448012,INR,57,Silver,24-10-2022,,Weekly,289.31,44,26,14,Books,jaipur,INDIA,GMAIL.COM,Android,UPI,1835,2,Yes,0
CUST101890,Ishaan Mishra,3.5,Male,606981,INR,73,Gold,,,Daily,1044.41,8,3,5,Kids,pune,IN,outlook.com,Android,upi,560,3,No,0
CUST101891,Kiara Kumar,20,MALE,446462,INR,57,PLATINUM,,17-11-2025,Rarely,2833.81,38,22,17,FOOD COURT,KOLKATA,India,company.com,IOS,CREDIT CARD,1213,2,No,0
CUST101892,Vihaan Das,33,MALE,474032,INR,35,GOLD,05-05-2023,31-08-2023,Daily,2103.3,1,0,1,Beauty,Jaipur,India,yahoo.com,web,Cash,767,2,No,0
CUST101893,Rahul Mehta,25,Other,1125334,INR,1,GOLD,,,Monthly,1042.39,17,0,17,Beauty,Delhi,india,gmail.com,Web,upi,863,2,No,1
CUST101894,Vihaan Joshi,37,female,398824,INR,88,Basic,,07-01-2022,weekly,4257.57,38,4,29.5,Fashion,Bengaluru,IN,hotmail.com,android,Cash,598,4,No,0
CUST101895,Sai Sharma,42,Female,664787,INR,43,Silver,24-12-2023,,Monthly,1458.64,35,0,29.5,SPORTS,Kolkata,IN,hotmail.com,Desktop,upi,1991,5,Yes,0
CUST101896,Neha Verma,37,Other,738511,INR,100,Gold,,,RARELY,517.13,7,5,2,books,Kolkata,India,GMAIL.COM,IOS,Credit Card,1496,5,yes,0
CUST101897,Riya Mehta,40,Male,984040,INR,56,basic,,,Monthly,661.25,16,11,5,BOOKS,KOLKATA,India,gmail.com,iOS,UPI,1820,3,No,0
CUST101898,Krishna Gupta,63.5,FEMALE,964940,INR,25,Gold,02-05-2021,,Monthly,2569.12,3,1,3,ELECTRONICS,pune,India,gmail.com,IOS,Credit Card,93,5,yes,1
CUST101899,Sai Mishra,44,MALE,573179,INR,61,basic,,,monthly,776.94,14,5,9,Electronics,jaipur,india,GMAIL.COM,iOS,Wallet,1507,3,Yes,0
CUST101900,Diya Sinha,23,Female,278936,INR,72,PLATINUM,08-08-2025,18-04-2026,Daily,457.71,22,11,12,Beauty,delhi,INDIA,company.com,android,upi,494,2,no,0
CUST101901,Ira Reddy,25,MALE,675350,INR,76,Silver,28-05-2023,,monthly,4641.37,40,26,13,FASHION,CHENNAI,INDIA,rediffmail.com,web,Credit Card,1629,3,Yes,0
CUST101902,Kiara Gupta,10,male,724405,INR,90,Silver,,,weekly,478.93,5,4,0,FASHION,CHENNAI,INDIA,rediffmail.com,Web,Credit Card,200,4,No,1
CUST101903,Aarav Sharma,31,Female,990289,INR,30,Platinum,,30-01-2026,Monthly,1647,13,5,8,Gaming,Kolkata,IN,company.com,iOS,CREDIT CARD,855,3,Yes,1
CUST101904,Diya Joshi,3.5,Female,202358,USD,58,Silver,03-09-2021,,Monthly,-250,10,8,2,Sports,HYDERABAD,india,rediffmail.com,Mobile,Debit Card,1297,4,yes,0
CUST101905,Sara Iyer,55,Other,304726,INR,48,PLATINUM,04-05-2021,,Monthly,5899.62625,37,17,19,beauty,PUNE,India,hotmail.com,iOS,Debit Card,549,4,No,0
CUST101906,Amit Sinha,32,Female,685165,INR,52,Gold,,,Monthly,4379.89,9,0,9,Books,NEW DELHI,india,gmail.com,android,Wallet,1616,1,yes,0
CUST101907,Ayaan Rao,24,MALE,535650,INR,58,Silver,26-12-2023,02-05-2025,Daily,1795.52,16,8,7,SPORTS,Kolkata,india,rediffmail.com,iOS,Cash,1491,4,no,0
CUST101908,Meera Sinha,31,MALE,521045,INR,43,GOLD,02-09-2021,,Monthly,1671.08,55,2,29.5,ELECTRONICS,jaipur,india,rediffmail.com,Web,Credit Card,1533,5,No,0
CUST101909,Sara Joshi,30,MALE,370595,INR,57,silver,,04-03-2024,weekly,849.67,2,0,1,Sports,Delhi,INDIA,company.com,IOS,upi,1761,3,Yes,1
CUST101910,Meera Chopra,52,male,1099252,INR,64,Gold,,,monthly,5899.62625,12,4,8,Electronics,Hyderabad,IN,gmail.com,Web,Debit Card,1541,1,No,0
CUST101911,Priya Singh,42,Female,651168,INR,61,PLATINUM,,,weekly,3117.67,2,1,1,Grocery,LUCKNOW,INDIA,GMAIL.COM,IOS,Cash,602,1,No,0
CUST101912,Priya Sharma,26,male,435099,INR,46,Gold,10-03-2022,,weekly,5899.62625,22,14,8,Grocery,Pune,India,yahoo.com,Android,Credit Card,1249,5,Yes,0
CUST101913,Sara Sinha,43,Other,221249,INR,45,Basic,,02-06-2026,Daily,2031.48,1,0,1,food court,Delhi,India,gmail.com,Android,UPI,1893,5,No,0
CUST101914,Diya Singh,33,Female,1085602,INR,44,Gold,,08-04-2026,Rarely,1590.23,1,0,2,Home Decor,Kolkata,India,outlook.com,Desktop,Credit Card,0,1,no,0
CUST101915,Myra Kumar,32,MALE,651168,INR,89,Gold,,06-04-2022,Rarely,3133.25,32,26,7,SPORTS,Mumbai,india,gmail.com,Android,Debit Card,1217,2,No,0
CUST101916,Saanvi Verma,33,Male,216000,INR,31,Basic,,24-06-2026,Rarely,1158.8,25,3,22,FOOD COURT,Jaipur,India,yahoo.com,iOS,Wallet,1358,1,no,1
CUST101917,Arjun Kumar,27,Male,358161,INR,55,PLATINUM,23-11-2024,,Rarely,5899.62625,22,13,8,Beauty,Bengaluru,India,gmail.com,IOS,Wallet,1877,1,No,0
CUST101918,Rahul Khan,39,FEMALE,845223,INR,53,GOLD,,25-05-2023,Daily,1817.35,9,0,10,Kids,jaipur,India,gmail.com,Desktop,CREDIT CARD,1533,3,No,0
CUST101919,Reyansh Singh,24,MALE,551636,INR,42,Gold,,,Weekly,558.08,4,2,2,sports,Hyderabad,India,outlook.com,android,Credit Card,84,3,yes,0
CUST101920,Arjun Patel,53,Other,731445,INR,49,Gold,,,RARELY,2551.56,31,3,28,Grocery,Bengaluru,India,company.com,Desktop,Cash,2111,7,No,0
CUST101921,Neha Reddy,51,MALE,1624964.875,INR,59,GOLD,,,Rarely,2279.27,3,1,2,FOOD COURT,PUNE,IN,company.com,Mobile,UPI,1689,5,yes,0
CUST101922,Krishna Khan,15,female,753788,USD,44,Platinum,,,Monthly,4004.01,40,18,23,Sports,hyderabad,India,gmail.com,iOS,upi,995,7,no,0
CUST101923,Priya Singh,33,Female,1080799,USD,46,Gold,14-08-2022,01-11-2023,weekly,1367.67,33,26,2,books,Chennai,IN,hotmail.com,Mobile,Debit Card,1500,7,Yes,1
CUST101924,Aditya Verma,29,Other,683822,INR,32,Silver,,,weekly,1731.14,30,21,9,gaming,Delhi,IN,rediffmail.com,Web,Credit Card,973,2,No,0
CUST101925,Kiara Patel,23,Male,206115,INR,47,Gold,31-07-2024,,Daily,1035.27,2,1,1,gaming,pune,india,company.com,Android,Cash,0,4,yes,0
CUST101926,Arjun Kumar,32,Female,737344,INR,88,Silver,,,RARELY,2112.7,9,2,7,Grocery,Lucknow,India,outlook.com,Web,Credit Card,1809,5,No,1
CUST101927,Pooja Kumar,48,MALE,482593,USD,47,basic,,,RARELY,324.17,0,0,0,BEAUTY,lucknow,India,yahoo.com,Android,upi,1935,3,yes,0
CUST101303,Aarav Sharma,63.5,MALE,301230,INR,64,Basic,,,weekly,1750.7,7,3,5,Gaming,Bengaluru,India,rediffmail.com,iOS,upi,890,2,No,0
CUST100518,Sai Rao,3.5,female,1624964.875,INR,79,Gold,,,Daily,839.87,14,11,4,Grocery,Hyderabad,IN,rediffmail.com,iOS,UPI,1858,2,No,0
CUST101930,Ayaan Verma,38,MALE,294996,INR,61,Silver,,,monthly,3586.21,55,11,15,Sports,AHMEDABAD,INDIA,hotmail.com,Web,upi,2098,5,yes,0
CUST101931,Saanvi Patel,33,Female,991094,INR,52,Silver,,,monthly,4784.22,26,2,23,FOOD COURT,Bengaluru,india,gmail.com,iOS,CREDIT CARD,758,4,Yes,0
CUST101932,Pooja Kumar,45,female,383379,INR,42,Gold,,,monthly,2067.67,55,26,4,FOOD COURT,Mumbai,INDIA,yahoo.com,IOS,UPI,836,2,No,0
CUST101933,Aadhya Gupta,35,Male,1624964.875,INR,50,PLATINUM,,,Monthly,2525.98,6,4,3,Books,Kolkata,INDIA,outlook.com,iOS,CREDIT CARD,735,1,No,0
CUST101934,Vivaan Chopra,47,MALE,535028,INR,59,Silver,,,Monthly,3291.33,8,6,2,GAMING,KOLKATA,INDIA,rediffmail.com,web,Credit Card,1575,1,yes,0
CUST101935,Ishaan Mehta,37,MALE,865304,INR,69,Platinum,,,RARELY,1065.15,4,3,0,KIDS,Chennai,india,outlook.com,IOS,Wallet,256,7,No,0
CUST101936,Aditya Khan,49,Female,649635,INR,92,Gold,19-09-2022,,RARELY,245.48,7,4,3,Food Court,chenai,INDIA,rediffmail.com,web,Credit Card,877,1,yes,0
CUST101937,Kiara Patel,39,Male,1208018,USD,45,Basic,02-01-2022,,Weekly,1848.62,25,12,13,Fashion,bengaluru,IN,company.com,android,Cash,979,1,yes,0
CUST101938,Aditya Patel,45,FEMALE,580393,INR,54,Basic,,,monthly,1224.57,24,8,16,Sports,hyderabad,India,gmail.com,Desktop,upi,2922.125,3,Yes,0
CUST101939,Diya Patel,45,male,369928,USD,19,Gold,,,RARELY,2476.07,1,0,0,home decor,Chennai,India,hotmail.com,iOS,upi,1732,4,Yes,1
CUST101940,Neha Sharma,35,female,652337,INR,44,silver,27-11-2023,,Daily,2591.51,14,2,12,Kids,Delhi,India,hotmail.com,Web,Debit Card,648,2,Yes,0
CUST101941,Amit Rao,43,Female,651168,INR,51,PLATINUM,18-02-2023,,Monthly,1689.56,34,16,19,food court,BENGALURU,INDIA,yahoo.com,Mobile,upi,1219,3,yes,0
CUST101942,Arjun Chopra,52,Male,995719,INR,89,Gold,,,Rarely,3414.44,10,5,4,GROCERY,KOLKATA,India,gmail.com,iOS,upi,612,1,yes,0
CUST101943,Ananya Das,37,MALE,691560,INR,64,PLATINUM,,,Rarely,4920.71,33,9,25,FASHION,HYDERABAD,India,gmail.com,Android,CREDIT CARD,715,5,no,0
CUST101944,Priya Joshi,15,MALE,137900,INR,45,Gold,,,Monthly,763.22,24,21,2,HOME DECOR,bengaluru,IN,hotmail.com,Mobile,Debit Card,1239,3,No,0
CUST101945,Kiara Patel,37,Other,700921,INR,77,GOLD,,,Monthly,1956.87,1,0,0,Food Court,Ahmedabad,india,outlook.com,Android,UPI,0,2,yes,0
CUST101946,Aditya Mishra,23,MALE,762254,INR,44,Basic,,,Daily,5899.62625,0,0,1,Beauty,Lucknow,India,company.com,android,upi,964,2,no,0
CUST101947,Aditya Rao,33,Male,960963,USD,22,Platinum,,,weekly,3039.35,1,0,0,Home Decor,Bengaluru,India,outlook.com,Mobile,CREDIT CARD,2454,3,Yes,1
CUST101948,Kiara Mishra,38,Female,702144,USD,20,Gold,01-08-2024,,Monthly,5899.62625,31,10,21,Sports,delhi,india,yahoo.com,iOS,upi,785,4,Yes,0
CUST101949,Aditya Kumar,39,Female,160700,INR,75,Basic,,,Monthly,1757.71,24,2,21,sports,KOLKATA,IN,rediffmail.com,Desktop,upi,150,3,Yes,0
CUST101950,Ayaan Khan,33,MALE,1424033,INR,61,Silver,,,RARELY,4400.93,31,13,19,beauty,Hyderabad,India,hotmail.com,IOS,Credit Card,637,3,No,0
CUST101951,Ira Joshi,37,Male,431435,INR,39,Platinum,,26-08-2022,Monthly,3794.54,0,0,1,sports,Mumbai,india,gmail.com,web,Debit Card,0,1,Yes,0
CUST101952,Diya Nair,19,male,255071,INR,53,Silver,,,RARELY,1268.85,12,5,7,Sports,Kolkata,India,hotmail.com,web,Wallet,892,2,No,0
CUST101953,Aarav Rao,36,MALE,657018,INR,58,silver,07-05-2021,,weekly,3520.06,30,26,1,Fashion,Chennai,India,rediffmail.com,android,UPI,187,3,yes,1
CUST101954,Ishaan Das,34,MALE,1624964.875,INR,9,Platinum,22-08-2025,,Monthly,4132.16,20,1,19,Books,Jaipur,India,gmail.com,Android,Credit Card,762,5,No,0
CUST101955,Vihaan Mehta,38,Other,400093,USD,70,basic,,16-03-2026,Weekly,1123.59,22,16,6,GAMING,Kolkata,IN,GMAIL.COM,IOS,upi,1686,2,No,0
CUST101956,Sara Mishra,19,Female,902612,INR,80,Gold,,10-03-2025,Weekly,340.55,33,18,16,Grocery,jaipur,India,yahoo.com,android,UPI,1083,5,yes,0
CUST101957,Sai Chopra,29,female,471233,INR,30,Silver,24-05-2023,,Monthly,2399.39,28,23,6,ELECTRONICS,Ahmedabad,India,company.com,Android,upi,2273,2,Yes,1
CUST101958,Neha Joshi,51,Other,598347,INR,68,Gold,06-12-2023,,RARELY,915.27,16,1,16,BEAUTY,Chennai,INDIA,yahoo.com,IOS,Credit Card,362,5,Yes,1
CUST101959,Aditya Mishra,26,female,576624,USD,72,basic,06-08-2022,,weekly,3186.78,30,25,5,kids,lucknow,india,gmail.com,Desktop,Wallet,1426,4,no,0
CUST101960,Kiara Reddy,29,Male,419816,INR,70,PLATINUM,,25-05-2025,Monthly,1145.76,6,0,7,Beauty,HYDERABAD,india,gmail.com,Mobile,Credit Card,1597,1,No,0
CUST101961,Krishna Patel,17,Male,826973,INR,41,Platinum,,,Monthly,1278.47,21,0,21,beauty,delhi,India,gmail.com,web,Credit Card,1282,1,No,1
CUST101962,Sai Iyer,46,Female,407291,USD,78,PLATINUM,26-06-2022,,Monthly,1340.71,1,0,2,sports,MUMBAI,INDIA,GMAIL.COM,IOS,Credit Card,1004,4,Yes,0
CUST101963,Pooja Patel,44,Male,1214616,INR,100,silver,,,monthly,2624.78,54,7,29.5,Grocery,chenai,india,gmail.com,Web,Cash,1840,1,Yes,0
CUST101964,Neha Reddy,28,Female,696332,INR,38,Basic,,,Monthly,661.43,7,1,7,Grocery,LUCKNOW,india,hotmail.com,iOS,CREDIT CARD,2067,2,Yes,0
CUST101965,Saanvi Rao,32,female,697789,USD,72,basic,11-05-2023,,RARELY,3947.69,0,0,1,BOOKS,Hyderabad,INDIA,yahoo.com,Web,Credit Card,1638,5,No,0
CUST101966,Aditya Sinha,34,Other,691457,INR,17,PLATINUM,,,Rarely,996.48,21,18,2,Electronics,Mumbai,INDIA,rediffmail.com,Android,upi,845,3,Yes,1
CUST101967,Reyansh Khan,33,FEMALE,701838,INR,67,Basic,13-08-2025,30-05-2026,RARELY,1804.16,12,26,29.5,gaming,Delhi,INDIA,gmail.com,iOS,Debit Card,1772,1,No,0
CUST101968,Sara Kapoor,28,Other,1624964.875,INR,52,Gold,,,Monthly,2629.01,3,0,2,KIDS,bengaluru,India,company.com,web,Debit Card,1592,1,No,0
CUST101969,Ayaan Nair,33,MALE,1210893,USD,80,PLATINUM,,,Monthly,1296.13,55,1,15,Gaming,BENGALURU,india,rediffmail.com,iOS,Credit Card,2922.125,2,Yes,0
CUST101970,Sara Iyer,28,Male,1399542,INR,79,PLATINUM,15-08-2024,07-03-2025,monthly,1417.89,8,0,8,BEAUTY,delhi,india,rediffmail.com,Web,CREDIT CARD,1173,5,No,0
CUST101971,Sai Das,31,male,603155,INR,64,Platinum,06-04-2021,,monthly,1113.4,35,16,20,Kids,Delhi,India,gmail.com,Android,upi,495,5,Yes,0
CUST101972,Sara Chopra,33,Female,714938,INR,23,PLATINUM,,,RARELY,5242.95,1,0,1,Kids,mumbai,INDIA,hotmail.com,IOS,upi,0,2,yes,1
CUST101973,Pooja Khan,26,Other,1297380,USD,33,silver,16-04-2021,03-09-2022,Rarely,2233.49,0,0,0,GAMING,Bengaluru,india,gmail.com,iOS,UPI,1017,2,yes,1
CUST101974,Vihaan Kapoor,32,MALE,651168,INR,35,Silver,07-01-2023,,Daily,3581.29,12,0,12,GROCERY,JAIPUR,india,outlook.com,IOS,Credit Card,2672,3,Yes,0
CUST101975,Arjun Mehta,3.5,male,1363866,INR,51,silver,,,Rarely,1067.64,14,0,13,GAMING,chenai,India,GMAIL.COM,Android,CREDIT CARD,1656,3,No,0
CUST101976,Krishna Chopra,56,female,488068,INR,1,Gold,,13-02-2024,Monthly,700.29,25,22,3,Home Decor,JAIPUR,india,gmail.com,Android,CREDIT CARD,1721,3,No,0
CUST101977,Saanvi Chopra,39,FEMALE,1413517,INR,37,silver,,14-08-2022,Monthly,2183.34,0,0,0,sports,CHENNAI,INDIA,gmail.com,web,upi,1601,3,no,0
CUST101978,Vivaan Sinha,37,FEMALE,648412,INR,69,basic,,,monthly,1797.59,4,3,1,HOME DECOR,chenai,IN,outlook.com,Desktop,Credit Card,104,3,No,1
CUST101979,Diya Sinha,47,Other,598992,INR,36,Gold,,,monthly,631.59,4,1,3,Fashion,mumbai,india,company.com,IOS,upi,310,2,No,0
CUST101981,Myra Khan,31,Other,774879,INR,100,Basic,,,RARELY,2460.93,19,8,11,electronics,MUMBAI,India,company.com,IOS,Credit Card,937,4,No,0
CUST101982,Sai Mishra,22,Other,544288,INR,83,GOLD,01-01-2024,19-10-2025,Monthly,1295.35,10,4,5,electronics,Kolkata,IN,gmail.com,IOS,Credit Card,237,1,No,0
CUST101983,Krishna Singh,38,female,771661,INR,64,Gold,16-08-2021,,Weekly,740.79,9,7,2,Home Decor,Mumbai,INDIA,rediffmail.com,iOS,Credit Card,1386,1,yes,0
CUST101984,Myra Gupta,48,Male,727098,INR,75,GOLD,,,RARELY,4740.58,1,0,1,ELECTRONICS,Ahmedabad,India,hotmail.com,android,Credit Card,576,1,No,0
CUST101985,Reyansh Gupta,54,male,388726,INR,49,Basic,,,Monthly,2762.04,14,8,5,fashion,AHMEDABAD,INDIA,gmail.com,Android,upi,1318,2,no,0
CUST101986,Sara Kapoor,37,MALE,949979,USD,29,PLATINUM,03-12-2024,,Daily,815.35,27,5,22,Electronics,JAIPUR,India,company.com,Mobile,CREDIT CARD,1449,5,Yes,0
CUST101987,Meera Joshi,42,Male,395137,INR,84,Silver,,,monthly,1968.25,5,4,2,Electronics,Kolkata,India,gmail.com,Mobile,Credit Card,871,5,yes,0
CUST101988,Vihaan Chopra,34,Male,449288,INR,63,basic,,,Monthly,863.63,14,7,7,Fashion,Jaipur,India,gmail.com,Mobile,UPI,687,2,Yes,0
CUST101989,Krishna Nair,48,FEMALE,138342,INR,21,Gold,25-11-2024,,Monthly,1353.17,31,9,23,Home Decor,Hyderabad,India,gmail.com,Desktop,Cash,1578,4,No,0
CUST101990,Myra Gupta,21,MALE,501950,INR,62,Gold,26-08-2024,,Monthly,3572.81,1,0,1,GROCERY,lucknow,INDIA,outlook.com,Mobile,Debit Card,1508,4,No,0
CUST101991,Neha Verma,30,FEMALE,389381,INR,89,PLATINUM,22-03-2021,23-09-2022,Monthly,2579.19,13,5,9,Grocery,Bengaluru,India,rediffmail.com,android,CREDIT CARD,1488,2,yes,0
CUST101992,Rahul Rao,15,Female,823460,INR,22,Gold,,,RARELY,5899.62625,0,0,0,Kids,LUCKNOW,India,gmail.com,IOS,upi,861,4,yes,1
CUST101993,Kiara Chopra,34,FEMALE,1476741,USD,42,GOLD,,,Monthly,1945.38,22,13,10,Home Decor,Kolkata,india,hotmail.com,iOS,upi,676,1,No,0
CUST101994,Aditya Singh,54,Male,231304,INR,100,silver,19-06-2021,,RARELY,3189.66,16,2,13,Electronics,Mumbai,India,hotmail.com,iOS,UPI,556,3,Yes,0
CUST101995,Arjun Iyer,46,Female,1091158,INR,46,silver,,,Monthly,1458.35,12,11,1,Grocery,Hyderabad,India,gmail.com,Desktop,Cash,348,5,Yes,0
CUST101997,Meera Reddy,25,Female,651168,INR,22,Silver,,,Weekly,1681.79,10,7,3,BOOKS,NEW DELHI,india,gmail.com,IOS,Credit Card,679,3,Yes,0
CUST101998,Vivaan Iyer,33,Male,379198,INR,25,Silver,,,Rarely,929.05,44,19,25,FOOD COURT,Mumbai,India,gmail.com,web,Wallet,975,3,Yes,0
CUST101999,Aditya Kumar,44,Male,596705,INR,19,Basic,,,RARELY,2431.38,14,10,4,Home Decor,Jaipur,IN,outlook.com,iOS,Credit Card,2254,1,yes,0
CUST102000,Sai Das,27,MALE,703213,INR,57,Silver,28-01-2025,,monthly,4433.44,9,6,3,Electronics,AHMEDABAD,India,gmail.com,Web,upi,1015,2,No,0
CUST102001,Krishna Das,40,female,440847,INR,80,Gold,,,Monthly,3027.17,1,0,0,Home Decor,PUNE,India,GMAIL.COM,android,Credit Card,1748,2,No,1
CUST102002,Riya Kumar,21,Female,651168,INR,46,Gold,,,Monthly,938.4,23,13,10,FASHION,AHMEDABAD,India,gmail.com,Desktop,upi,1432,2,Yes,0
CUST102003,Saanvi Reddy,38,Female,1218146,INR,47,Basic,,,Weekly,1585.99,31,8,23,Home Decor,lucknow,INDIA,yahoo.com,Android,Cash,1228,1,No,0
CUST100588,Pooja Patel,39,Female,875225,INR,71,PLATINUM,,,Monthly,624.18,0,0,1,Kids,Hyderabad,India,GMAIL.COM,Android,Wallet,1471,3,yes,0
CUST102005,Ananya Kapoor,25,MALE,829158,INR,85,basic,,,Monthly,384.52,3,0,2,SPORTS,KOLKATA,india,GMAIL.COM,web,upi,1565,5,no,0
CUST102006,Myra Nair,35,FEMALE,1106409,INR,14,Platinum,,,RARELY,4023.25,11,8,4,KIDS,Hyderabad,India,GMAIL.COM,web,upi,645,0,No,0
CUST102007,Vihaan Das,31,Other,1043641,INR,93,Gold,,28-04-2025,monthly,2901.69,10,0,11,Books,KOLKATA,INDIA,gmail.com,Android,Credit Card,715,1,no,0
CUST102008,Aadhya Nair,48,Female,515533,INR,46,Platinum,,17-05-2026,Weekly,2493.94,1,0,0,Grocery,Jaipur,India,company.com,Web,Cash,1043,1,No,0
CUST102009,Sara Nair,63.5,Female,866647,INR,66,Basic,,,monthly,350.39,2,1,2,Food Court,chenai,India,gmail.com,Desktop,upi,1822,3,No,0
CUST102010,Diya Das,38,Other,613605,INR,28,GOLD,,,Monthly,4436.55,55,10,9,FASHION,AHMEDABAD,India,outlook.com,Android,Debit Card,2287,3,no,0
CUST102011,Sara Mehta,39,Female,256121,INR,45,PLATINUM,,,Rarely,754.13,4,0,4,Food Court,Jaipur,India,company.com,IOS,Cash,403,5,No,0
CUST102012,Aditya Joshi,59,male,1178498,INR,91,Gold,,07-03-2024,Daily,617.3,23,2,22,Sports,Lucknow,India,yahoo.com,Mobile,Debit Card,1537,3,Yes,0
CUST102013,Reyansh Nair,34,female,788113,INR,96,basic,,,monthly,418.42,6,4,2,Home Decor,JAIPUR,India,company.com,Android,Wallet,943,2,Yes,0
CUST102014,Ira Mishra,43,MALE,275246,INR,44,Gold,,,monthly,2446.04,4,3,0,Beauty,Mumbai,India,gmail.com,IOS,upi,941,2,yes,1
CUST102015,Sara Mishra,25,FEMALE,266176,INR,34,Silver,,,Weekly,2444.6,0,0,1,FOOD COURT,Bengaluru,india,gmail.com,web,Credit Card,2275,3,No,1
CUST102016,Aadhya Sinha,30,Female,825190,USD,47,Gold,,,weekly,1140.29,2,0,2,sports,MUMBAI,India,gmail.com,Desktop,Credit Card,998,1,Yes,0
CUST102017,Arjun Sinha,38,Male,286726,INR,38,Gold,,10-06-2026,Weekly,1144.98,32,15,16,Home Decor,LUCKNOW,INDIA,gmail.com,IOS,UPI,1271,1,yes,0
CUST102018,Meera Patel,33,MALE,673390,INR,44,Silver,,30-11-2024,weekly,1442.13,3,1,2,Food Court,jaipur,India,gmail.com,IOS,Credit Card,1199,1,Yes,0
CUST102019,Kiara Chopra,18,MALE,557479,INR,79,basic,,,weekly,1586.84,3,0,3,SPORTS,jaipur,india,yahoo.com,Web,Credit Card,1948,4,Yes,0
CUST102020,Diya Rao,31,MALE,447038,USD,45,PLATINUM,,,Rarely,2591.94,55,18,29.5,Electronics,Delhi,INDIA,yahoo.com,Web,Wallet,1298,1,yes,0
CUST102021,Sai Sinha,27,Female,672518,INR,64,Basic,,,weekly,674.09,39,7,29.5,kids,Mumbai,india,outlook.com,android,Credit Card,626,4,no,0
CUST102022,Sai Rao,44,Male,548903,INR,53,Gold,,,monthly,4332.21,13,3,10,Gaming,Jaipur,India,yahoo.com,iOS,upi,740,4,no,0
CUST102023,Reyansh Iyer,25,MALE,674199,INR,75,Gold,07-02-2024,,Rarely,5899.62625,1,0,2,Electronics,hyderabad,India,outlook.com,iOS,Credit Card,1211,5,Yes,0
CUST102024,Krishna Singh,37,MALE,905183,INR,74,Silver,,07-12-2021,Daily,421.41,0,0,0,sports,MUMBAI,india,yahoo.com,IOS,Wallet,1415,3,Yes,0
CUST102025,Ananya Sinha,3.5,FEMALE,387419,INR,9,PLATINUM,,,weekly,4801.92,10,7,2,Sports,Delhi,IN,GMAIL.COM,Android,Debit Card,2153,4,Yes,0
CUST102026,Ayaan Iyer,28,Female,360087,INR,68,Silver,03-12-2021,04-12-2023,Rarely,1572.21,18,16,3,sports,JAIPUR,India,outlook.com,Web,Debit Card,778,5,No,0
CUST102027,Vihaan Joshi,47,FEMALE,435630,INR,36,PLATINUM,15-05-2024,,weekly,1259.1,25,16,9,kids,Kolkata,IN,GMAIL.COM,IOS,Cash,293,5,yes,0
CUST102028,Arjun Gupta,40,FEMALE,1131329,USD,36,Silver,14-09-2024,12-09-2025,monthly,884.61,0,0,0,Beauty,LUCKNOW,INDIA,rediffmail.com,Mobile,Credit Card,1020,3,no,0
CUST102029,Krishna Kumar,15,Male,290562,INR,42,Gold,27-06-2022,,Weekly,1364.44,37,26,9,BEAUTY,AHMEDABAD,INDIA,rediffmail.com,android,upi,1858,3,Yes,0
CUST102030,Aarav Sinha,38,female,551379,INR,36,Platinum,08-09-2023,28-10-2023,RARELY,436.48,5,4,0,electronics,Hyderabad,India,gmail.com,Mobile,Credit Card,1538,7,No,0
CUST102031,Krishna Kumar,47,Male,1624964.875,USD,51,silver,,,Weekly,2358.11,8,3,4,HOME DECOR,MUMBAI,India,gmail.com,Desktop,CREDIT CARD,871,7,No,0
CUST101658,Meera Singh,22,FEMALE,1624964.875,INR,72,Silver,,,Monthly,2571.61,23,14,9,Fashion,HYDERABAD,india,gmail.com,IOS,Cash,673,5,no,0
CUST102033,Ayaan Kumar,31,Other,892679,INR,77,Platinum,,17-01-2026,monthly,5899.62625,1,0,1,Grocery,Jaipur,IN,rediffmail.com,IOS,upi,1837,2,yes,0
CUST102034,Amit Das,57,Male,1062459,USD,47,Basic,,,Monthly,792.57,30,22,9,Fashion,Hyderabad,India,company.com,Web,UPI,910,5,Yes,1
CUST102035,Saanvi Mehta,16,Female,270080,INR,59,PLATINUM,,,weekly,1491.86,4,3,1,Grocery,ahmedabad,INDIA,company.com,Android,upi,539,5,No,0
CUST102036,Kiara Joshi,43,Female,673528,USD,34,Silver,,09-07-2024,Rarely,3614.02,10,2,9,Books,NEW DELHI,India,company.com,Desktop,Credit Card,1288,4,No,0
CUST102037,Riya Singh,33,male,393462,INR,37,basic,,,weekly,1814.65,55,26,3,Beauty,Jaipur,India,yahoo.com,iOS,upi,347,3,yes,0
CUST102038,Krishna Kumar,28,FEMALE,465399,INR,35,Silver,,30-08-2025,Weekly,5899.62625,3,1,3,Food Court,Chennai,India,gmail.com,Mobile,Debit Card,0,5,Yes,0
CUST102039,Diya Das,40,Male,895126,INR,21,Platinum,12-05-2022,21-11-2023,monthly,1035.64,3,0,4,Gaming,pune,India,yahoo.com,iOS,Credit Card,2583,4,yes,1
CUST102040,Kiara Iyer,35,MALE,358832,INR,46,Gold,,06-05-2022,Monthly,2551.65,12,0,6,FASHION,mumbai,India,yahoo.com,Mobile,Debit Card,1252,4,yes,0
CUST102041,Neha Patel,23,MALE,980579,INR,71,Gold,,,Rarely,2344.57,18,2,17,Grocery,PUNE,India,yahoo.com,Mobile,Credit Card,0,5,yes,1
CUST102042,Amit Khan,33,Other,879726,INR,100,Platinum,,,Rarely,1534.7,17,8,9,GAMING,PUNE,INDIA,gmail.com,Android,Wallet,886,5,Yes,0
CUST102043,Diya Chopra,54,FEMALE,324642,INR,49,GOLD,,,weekly,1784.02,3,2,2,GAMING,JAIPUR,India,gmail.com,Mobile,CREDIT CARD,1311,5,yes,1
CUST102044,Riya Chopra,43,female,967194,INR,50,Platinum,,,Weekly,3839.34,31,12,19,Kids,Hyderabad,IN,outlook.com,Desktop,UPI,1256,1,No,1
CUST102045,Vivaan Khan,40,FEMALE,387390,INR,45,Basic,16-01-2025,,Monthly,584.18,8,3,6,fashion,LUCKNOW,India,yahoo.com,Android,upi,1927,5,No,1
CUST102046,Reyansh Kumar,28,MALE,384974,INR,54,Basic,18-07-2021,,Monthly,3371.63,38,26,7,electronics,pune,india,outlook.com,web,Credit Card,1104,5,Yes,0
CUST102047,Pooja Mehta,33,MALE,1014775,INR,61,Silver,,02-01-2025,Daily,654.73,6,5,2,HOME DECOR,Jaipur,India,gmail.com,Android,CREDIT CARD,2090,3,No,0
CUST102048,Kiara Kumar,40,MALE,354207,INR,70,basic,,,Daily,5899.62625,3,2,2,BEAUTY,CHENNAI,India,hotmail.com,Mobile,Credit Card,1762,3,No,0
CUST102049,Myra Patel,33,female,930311,INR,65,Gold,,,RARELY,773.04,9,0,10,GAMING,pune,India,rediffmail.com,Mobile,upi,1421,4,yes,1
CUST102050,Vihaan Kumar,44,Male,1624964.875,INR,69,Platinum,27-08-2023,,RARELY,1350.35,26,13,13,Home Decor,delhi,india,GMAIL.COM,IOS,UPI,1202,2,yes,0
CUST102051,Vihaan Gupta,46,MALE,494150,INR,19,PLATINUM,,16-12-2024,monthly,1579.02,45,26,9,HOME DECOR,bengaluru,India,yahoo.com,Android,UPI,439,3,No,0
CUST102052,Aditya Sharma,35,Female,657888,INR,17,Basic,,,Daily,5899.62625,0,0,1,SPORTS,Hyderabad,India,rediffmail.com,iOS,Debit Card,1883,4,Yes,1
CUST102053,Riya Kumar,30,male,651168,INR,63,GOLD,,,weekly,1049.28,-3,5,29.5,Books,CHENNAI,India,outlook.com,IOS,Wallet,1064,1,yes,0
CUST102054,Rahul Rao,45,female,1560609,INR,24,Silver,18-07-2021,,monthly,1528.59,5,1,4,Home Decor,Kolkata,India,outlook.com,iOS,Wallet,1298,3,yes,1
CUST102055,Saanvi Singh,12,FEMALE,261472,INR,61,basic,,,weekly,2279.52,4,2,2,HOME DECOR,ahmedabad,INDIA,company.com,IOS,UPI,2452,2,Yes,1
CUST102056,Arjun Das,45,Male,993433,INR,62,Platinum,,29-12-2022,RARELY,1870.78,14,6,8,BOOKS,Bengaluru,India,outlook.com,Desktop,UPI,896,3,no,0
CUST102057,Priya Nair,33,Male,759606,INR,31,Basic,11-01-2024,,Monthly,670.15,0,0,0,books,Jaipur,INDIA,yahoo.com,android,Cash,1495,3,No,1
CUST102058,Reyansh Nair,14,FEMALE,651168,INR,56,PLATINUM,08-04-2021,27-06-2021,Daily,1532.56,32,10,21,HOME DECOR,Chennai,IN,outlook.com,iOS,Wallet,1086,4,Yes,1
CUST102059,Sai Verma,22,MALE,688034,INR,40,silver,,26-07-2022,monthly,2893.79,6,0,7,Home Decor,LUCKNOW,India,gmail.com,Mobile,CREDIT CARD,0,2,no,0
CUST102060,Amit Kapoor,42,Female,1624964.875,INR,40,silver,,,Monthly,1871.86,10,1,9,Fashion,Mumbai,INDIA,outlook.com,Desktop,upi,537,4,yes,0
CUST102061,Saanvi Das,36,Other,449661,INR,32,basic,,17-06-2024,monthly,1500.34,40,26,7,kids,Hyderabad,INDIA,rediffmail.com,web,Debit Card,710,1,No,0
CUST102063,Ayaan Das,33,Male,688648,INR,35,Silver,31-03-2022,,Daily,1845.92,23,1,22,BEAUTY,chenai,India,gmail.com,Desktop,UPI,1937,4,yes,0
CUST102064,Reyansh Sharma,37,female,754283,INR,40,GOLD,,,Monthly,792.65,12,3,8,Home Decor,Ahmedabad,India,GMAIL.COM,IOS,Credit Card,1525,1,Yes,0
CUST102065,Ira Nair,58,Male,291099,USD,55,GOLD,,,monthly,2862.76,3,0,3,Kids,pune,India,rediffmail.com,Desktop,CREDIT CARD,1662,2,Yes,0
CUST102066,Ishaan Gupta,25,FEMALE,589167,INR,80,Gold,,,Monthly,3146.8,14,8,6,fashion,Kolkata,India,company.com,Android,Credit Card,2205,2,yes,0
CUST102067,Priya Nair,21,Female,772898,INR,26,silver,,,weekly,3126.86,8,4,5,Fashion,Mumbai,India,outlook.com,Web,upi,1523,1,No,1
CUST102068,Amit Patel,22,male,262636,INR,68,silver,,02-09-2024,monthly,1033.15,3,0,3,Food Court,Delhi,india,gmail.com,IOS,UPI,2761,4,yes,0
CUST102069,Ira Sharma,29,male,548877,INR,38,Platinum,,,weekly,1575.56,9,3,5,FOOD COURT,Chennai,India,rediffmail.com,iOS,Cash,1681,3,No,1
CUST102070,Meera Rao,24,Female,617216,INR,14,GOLD,,,weekly,5479.22,23,16,6,food court,Hyderabad,IN,rediffmail.com,web,UPI,1623,4,yes,1
CUST102071,Diya Joshi,40,MALE,552393,INR,62,Silver,,,Daily,5899.62625,16,1,15,fashion,LUCKNOW,india,company.com,web,upi,1439,3,Yes,1
CUST102072,Riya Nair,29,MALE,682084,INR,61,Gold,,,Monthly,5899.62625,42,11,29.5,gaming,chenai,India,gmail.com,Android,upi,1341,4,No,0
CUST102073,Krishna Kapoor,46,male,379872,INR,47,Basic,,08-09-2022,Daily,1149.4,12,4,8,home decor,jaipur,india,hotmail.com,iOS,Debit Card,1255,2,yes,1
CUST102074,Arjun Kumar,26,MALE,1143139,INR,47,Basic,,,Monthly,2309.6,25,19,7,Beauty,CHENNAI,IN,GMAIL.COM,android,upi,708,0,Yes,1
CUST102075,Saanvi Sharma,33,Male,1587174,INR,81,Silver,,,Weekly,1641.2,38,21,18,beauty,NEW DELHI,India,GMAIL.COM,IOS,Credit Card,1159,2,yes,0
CUST102076,Neha Nair,18,female,651168,INR,99,PLATINUM,,18-03-2023,Monthly,1721.86,6,2,5,gaming,LUCKNOW,India,outlook.com,IOS,Credit Card,956,1,Yes,0
CUST100963,Neha Joshi,21,Female,652456,INR,82,Basic,,,Daily,1297.32,29,20,9,Books,Bengaluru,India,hotmail.com,IOS,UPI,168,2,Yes,0
CUST102079,Ira Gupta,31,female,664985,INR,50,basic,,,Daily,1210.74,14,12,1,Sports,Pune,India,GMAIL.COM,android,Cash,128,3,yes,0
CUST102080,Myra Mishra,34,MALE,320085,INR,46,Platinum,,,Monthly,3765.33,11,9,1,Books,Hyderabad,india,company.com,IOS,upi,2657,2,Yes,0
CUST102081,Rahul Rao,32,MALE,1412698,INR,54,Platinum,,,Weekly,1257.69,0,0,0,GAMING,Chennai,India,outlook.com,android,Credit Card,591,1,yes,0
CUST102082,Reyansh Khan,38,male,1624964.875,INR,50,silver,,,Rarely,1161.9,28,17,11,BEAUTY,mumbai,India,gmail.com,IOS,Credit Card,1432,2,No,0
CUST102083,Rahul Verma,31,MALE,513730,INR,84,basic,,25-01-2024,RARELY,1309.61,0,0,1,Electronics,lucknow,india,gmail.com,Web,Credit Card,2001,7,yes,0
CUST102084,Arjun Kapoor,36,Male,276099,INR,36,Basic,,,monthly,2333.12,52,19,29.5,Sports,Delhi,india,rediffmail.com,Desktop,Credit Card,1406,4,Yes,1
CUST102085,Ayaan Verma,33,Female,386261,INR,43,Silver,,01-07-2023,RARELY,1465.12,30,26,2,Electronics,JAIPUR,India,gmail.com,Android,CREDIT CARD,1081,5,No,0
CUST102086,Sai Sharma,48,Male,826087,INR,73,silver,,,Daily,899.51,10,1,10,food court,BENGALURU,INDIA,GMAIL.COM,iOS,upi,1108,2,No,0
CUST102087,Kiara Nair,38,Other,632357,INR,89,Silver,,,weekly,1696.72,35,8,27,home decor,Bengaluru,India,gmail.com,web,upi,1280,3,yes,0
CUST102088,Pooja Rao,26,Female,651168,INR,44,Silver,18-01-2025,,RARELY,497.77,51,23,29,Sports,NEW DELHI,India,gmail.com,IOS,upi,560,2,no,0
CUST102089,Ira Reddy,31,male,889373,INR,66,Silver,,,Rarely,1216.63,8,1,7,kids,Jaipur,IN,gmail.com,web,UPI,1757,7,no,0
CUST102090,Aarav Gupta,43,FEMALE,340199,INR,43,basic,,,RARELY,1398.33,13,6,7,Beauty,Lucknow,India,gmail.com,Android,Cash,1321,2,Yes,0
CUST102091,Meera Joshi,33,male,787973,INR,58,Gold,,,weekly,1241.77,13,3,9,Kids,PUNE,INDIA,gmail.com,Android,Credit Card,854,5,Yes,0
CUST102092,Riya Chopra,23,Male,670338,INR,82,Gold,,,Weekly,2166.64,55,26,26,HOME DECOR,PUNE,IN,hotmail.com,web,CREDIT CARD,1062,1,No,0
CUST102093,Pooja Kapoor,54,Female,862451,USD,74,Gold,,15-11-2024,RARELY,1597.56,9,1,7,sports,Ahmedabad,india,company.com,android,Credit Card,1837,3,no,0
CUST102094,Krishna Patel,32,Other,1232404,INR,45,PLATINUM,,,RARELY,871.69,21,19,1,Kids,HYDERABAD,INDIA,yahoo.com,Desktop,Debit Card,380,2,No,1
CUST102095,Kiara Khan,26,FEMALE,490239,INR,34,GOLD,,,Monthly,475.65,10,2,8,BEAUTY,CHENNAI,INDIA,gmail.com,Mobile,Credit Card,1014,4,Yes,0
CUST102096,Aarav Nair,49,Female,1025735,INR,34,basic,,,Weekly,1750.42,55,26,1,Books,Pune,india,gmail.com,web,Credit Card,768,2,Yes,0
CUST102097,Saanvi Verma,33,Other,499243,INR,80,Basic,25-04-2022,,weekly,1055.43,0,0,1,beauty,BENGALURU,India,gmail.com,IOS,Credit Card,1963,2,no,1
CUST102098,Aditya Iyer,52,Female,322626,INR,59,Gold,,20-03-2022,Monthly,1027.08,24,23,0,GROCERY,JAIPUR,INDIA,hotmail.com,web,upi,1153,4,No,0
CUST102099,Amit Singh,34,Male,631392,INR,27,GOLD,,,Rarely,1833.09,25,4,21,Books,jaipur,india,yahoo.com,Web,Credit Card,1458,5,no,0
CUST102100,Vivaan Mehta,51,female,630845,INR,55,silver,,,Monthly,2338.89,5,0,5,grocery,PUNE,India,GMAIL.COM,IOS,UPI,97,5,Yes,0
CUST102101,Pooja Mehta,30,Other,542245,INR,77,Silver,,,Rarely,735.89,0,0,1,BOOKS,LUCKNOW,India,GMAIL.COM,Android,upi,1713,1,Yes,0
CUST102102,Arjun Iyer,53,MALE,299086,USD,41,Basic,,20-02-2023,Rarely,1478.44,52,26,13,FOOD COURT,Jaipur,india,gmail.com,iOS,Debit Card,104,1,No,0
CUST102103,Ayaan Patel,63.5,Female,1624964.875,INR,44,Platinum,,07-02-2024,Monthly,1361.13,45,10,29.5,home decor,bengaluru,India,gmail.com,Mobile,Wallet,1492,1,yes,1
CUST102104,Neha Verma,41,MALE,647042,INR,41,GOLD,,,Daily,5560.33,3,1,2,Electronics,jaipur,India,gmail.com,IOS,upi,1808,3,Yes,0
CUST102105,Vivaan Nair,27,FEMALE,922164,INR,43,Platinum,09-01-2021,,RARELY,1141.25,11,6,5,Electronics,MUMBAI,India,company.com,Mobile,UPI,2048,5,yes,0
CUST102106,Saanvi Joshi,33,Female,1026454,INR,69,Silver,,,monthly,1814.65,15,1,14,KIDS,NEW DELHI,India,outlook.com,IOS,Cash,649,4,yes,0
CUST102107,Ananya Gupta,43,male,570672,INR,56,Gold,,,Monthly,1015.66,55,26,29.5,Home Decor,HYDERABAD,INDIA,hotmail.com,Mobile,Credit Card,1220,4,yes,0
CUST102108,Priya Sharma,30,Male,730727,INR,52,silver,,,Monthly,1926.1,55,26,29,grocery,ahmedabad,india,hotmail.com,iOS,Cash,614,2,no,1
CUST102109,Diya Patel,26,Female,205630,INR,38,basic,,,Monthly,5899.62625,14,3,11,electronics,Chennai,INDIA,yahoo.com,IOS,UPI,1018,5,Yes,1
CUST101402,Reyansh Gupta,31,Female,1624964.875,INR,51,Platinum,,30-09-2022,weekly,5899.62625,1,0,0,Sports,Chennai,IN,hotmail.com,IOS,upi,2482,5,Yes,0
CUST102111,Ayaan Das,40,FEMALE,1165891,INR,66,PLATINUM,,,Weekly,3062.44,1,0,1,kids,Hyderabad,IN,yahoo.com,IOS,upi,1271,4,yes,0
CUST102112,Ayaan Kapoor,18,MALE,429285,INR,1,Silver,,,weekly,5033.4,46,23,24,Food Court,Pune,India,gmail.com,IOS,Wallet,1056,4,yes,0
CUST102113,Ananya Gupta,30,Male,416200,INR,35,silver,,,Daily,1148.95,26,14,12,Food Court,Hyderabad,INDIA,outlook.com,Mobile,Credit Card,1214,1,yes,1
CUST102114,Diya Chopra,23,Male,292272,INR,31,Silver,,,monthly,654.44,36,26,2,KIDS,Ahmedabad,India,yahoo.com,web,upi,907,2,No,0
CUST102115,Ira Khan,22,MALE,586818,USD,15,GOLD,13-08-2024,18-11-2025,monthly,2894.87,11,10,1,Grocery,KOLKATA,India,outlook.com,Web,CREDIT CARD,939,3,Yes,0
CUST102116,Reyansh Sinha,19,Female,1106698,USD,36,Silver,,,Monthly,2893.05,15,4,12,Electronics,Jaipur,india,gmail.com,Web,UPI,1928,3,yes,0
CUST102117,Krishna Nair,26,Other,1450231,INR,100,basic,,,monthly,2294.72,9,5,4,GROCERY,AHMEDABAD,IN,gmail.com,iOS,Credit Card,1778,1,yes,0
CUST102118,Ira Singh,40,MALE,562528,INR,20,Gold,,10-12-2024,Rarely,1194.96,25,0,24,sports,JAIPUR,India,outlook.com,web,Credit Card,1065,4,Yes,1
CUST102119,Ayaan Patel,26,MALE,496487,USD,33,Gold,,,Weekly,1966.21,9,0,9,Books,Kolkata,INDIA,hotmail.com,iOS,Credit Card,2001,3,No,0
CUST102120,Aarav Patel,36,male,827277,INR,100,Silver,,,Daily,822.93,24,11,12,Gaming,jaipur,India,rediffmail.com,web,upi,1558,3,Yes,0
CUST102121,Pooja Das,24,MALE,575830,INR,46,Silver,04-07-2021,,Monthly,1122.47,4,1,2,GAMING,AHMEDABAD,India,outlook.com,IOS,upi,1703,2,No,0
CUST102122,Neha Gupta,30,FEMALE,679026,INR,35,Silver,,,monthly,2740.83,36,26,10,Beauty,Kolkata,India,gmail.com,android,Credit Card,1994,1,Yes,0
CUST102123,Krishna Khan,22,MALE,772333,INR,50,Silver,,,Weekly,3183.69,23,9,14,Electronics,CHENNAI,India,rediffmail.com,Desktop,upi,1256,5,Yes,0
CUST102124,Reyansh Mishra,12,FEMALE,522653,INR,39,basic,,15-03-2026,Weekly,999.21,13,10,4,home decor,bengaluru,India,outlook.com,android,CREDIT CARD,903,4,Yes,0
CUST102125,Riya Nair,31,Female,370189,INR,27,Silver,,31-12-2024,weekly,1348.57,49,26,13,Kids,Ahmedabad,IN,yahoo.com,web,UPI,885,3,yes,0
CUST102126,Vivaan Rao,38,Female,567120,INR,60,silver,,,Rarely,1839.83,55,26,25,Sports,JAIPUR,IN,GMAIL.COM,Desktop,Wallet,1170,4,yes,0
CUST102127,Rahul Gupta,38,MALE,332805,INR,50,Silver,,,Monthly,2769.26,0,0,1,Electronics,Kolkata,India,gmail.com,web,Wallet,572,4,No,0
CUST102128,Aarav Joshi,48,Male,912929,INR,86,basic,,,RARELY,1240.37,1,0,1,beauty,BENGALURU,India,GMAIL.COM,android,CREDIT CARD,891,1,Yes,0
CUST102129,Priya Verma,33,Female,754823,INR,53,GOLD,,,Monthly,2910.52,0,0,0,Electronics,Hyderabad,India,gmail.com,web,Credit Card,2080,2,Yes,0
CUST102130,Arjun Sinha,31,FEMALE,531168,INR,12,Gold,18-05-2022,,Rarely,1211.98,15,1,15,Grocery,lucknow,IN,hotmail.com,iOS,UPI,271,3,yes,0
CUST102131,Arjun Das,22,Other,594440,INR,57,Gold,,,Daily,1256.02,2,1,0,beauty,Kolkata,IN,GMAIL.COM,android,CREDIT CARD,1166,2,yes,0
CUST102132,Myra Mishra,17,FEMALE,382576,INR,30,PLATINUM,,,Monthly,3689.6,45,25,20,sports,lucknow,India,GMAIL.COM,Android,Credit Card,514,5,Yes,0
CUST102133,Rahul Kumar,26,FEMALE,703018,INR,62,PLATINUM,22-03-2024,,Rarely,2137.4,9,8,1,Gaming,Kolkata,india,yahoo.com,Desktop,upi,1735,3,Yes,1
CUST102134,Riya Sharma,49,Other,421359,INR,77,basic,,16-06-2024,Monthly,3317.4,11,2,9,kids,Mumbai,India,hotmail.com,Web,UPI,1790,4,No,0
CUST102135,Ananya Mishra,42,male,871456,USD,70,Gold,19-02-2024,18-12-2024,Weekly,1136.19,55,26,5,beauty,AHMEDABAD,IN,company.com,IOS,CREDIT CARD,1217,5,Yes,0
CUST102136,Vihaan Reddy,44,Male,483031,INR,50,PLATINUM,,,monthly,4273.97,19,17,3,Home Decor,Hyderabad,India,gmail.com,Mobile,Cash,1087,2,yes,0
CUST102137,Ira Iyer,33,Other,368174,USD,37,silver,,13-04-2024,RARELY,601.73,41,0,29.5,FOOD COURT,Ahmedabad,IN,yahoo.com,iOS,upi,1124,4,No,0
CUST102138,Sara Gupta,34,Female,324744,INR,66,silver,22-03-2025,,Rarely,1892.24,24,20,3,Electronics,mumbai,india,company.com,IOS,Debit Card,104,4,Yes,0
CUST102139,Saanvi Kapoor,21,Female,618312,USD,57,silver,,,Weekly,1624.66,45,2,29.5,ELECTRONICS,Mumbai,India,yahoo.com,iOS,Wallet,1334,3,No,0
CUST102140,Ananya Mehta,30,MALE,959976,INR,47,Platinum,04-04-2023,,Monthly,2687.5,7,6,2,Food Court,ahmedabad,india,hotmail.com,IOS,upi,0,2,yes,0
CUST102141,Ananya Iyer,20,MALE,1038156,USD,57,Silver,,,Monthly,5747.65,10,5,4,KIDS,Kolkata,India,gmail.com,web,UPI,1637,5,No,0
CUST102142,Vihaan Iyer,31,Female,436253,INR,50,Basic,,,weekly,574.69,0,0,0,sports,Jaipur,India,GMAIL.COM,Web,upi,1276,5,Yes,1
CUST102143,Aditya Joshi,42,MALE,563169,INR,38,Platinum,17-06-2022,03-10-2024,monthly,1981.3,5,2,2,Beauty,AHMEDABAD,INDIA,rediffmail.com,web,Credit Card,664,3,No,0
CUST102144,Vihaan Patel,22,FEMALE,604885,INR,87,Silver,,,Daily,1650.71,50,20,29.5,Grocery,AHMEDABAD,India,GMAIL.COM,web,Wallet,715,2,No,0
CUST102145,Pooja Verma,37,female,808782,INR,68,Gold,22-06-2021,08-11-2021,Monthly,1233.22,4,2,2,beauty,Jaipur,India,company.com,Mobile,Debit Card,1273,4,No,0
CUST102146,Ira Reddy,46,Female,223335,INR,78,basic,,,monthly,1062.29,55,26,3,Kids,Delhi,India,rediffmail.com,Mobile,Credit Card,342,4,yes,1
CUST102147,Krishna Chopra,30,Other,1012083,INR,62,Basic,,,Rarely,833.12,9,3,6,Electronics,ahmedabad,India,yahoo.com,iOS,Debit Card,728,7,No,0
CUST102148,Vihaan Chopra,25,male,858348,INR,64,PLATINUM,,,RARELY,1237.36,13,5,9,KIDS,Mumbai,IN,GMAIL.COM,Desktop,Cash,963,3,No,0
CUST102149,Aadhya Gupta,34,MALE,434587,INR,99,PLATINUM,,,Weekly,1608.03,55,26,16,Fashion,HYDERABAD,India,outlook.com,Desktop,Cash,1161,3,No,0
CUST102150,Myra Kapoor,23,male,266308,INR,46,Basic,,,monthly,2237.88,2,0,1,BOOKS,Delhi,India,GMAIL.COM,Mobile,upi,900,5,No,0
CUST102151,Meera Reddy,22,Male,795799,INR,40,Gold,,,weekly,2718.71,23,11,12,Home Decor,KOLKATA,India,outlook.com,IOS,upi,1162,5,Yes,0
CUST101532,Riya Nair,35,Female,651168,INR,79,GOLD,25-09-2024,,Daily,2255.18,47,13,29.5,fashion,HYDERABAD,INDIA,company.com,IOS,Cash,1760,1,No,0
CUST102156,Rahul Kapoor,49,Female,651168,INR,71,Silver,,,RARELY,1153.02,9,5,4,Sports,Bengaluru,IN,gmail.com,Android,CREDIT CARD,728,1,No,0
CUST102157,Aadhya Sinha,36,male,321048,USD,76,GOLD,,,Monthly,586.75,10,1,10,Home Decor,Hyderabad,India,GMAIL.COM,IOS,UPI,301,1,Yes,0
CUST102158,Neha Iyer,45,male,268822,INR,77,Silver,,,Rarely,649.38,54,26,23,KIDS,Jaipur,IN,gmail.com,Web,CREDIT CARD,1565,3,yes,0
CUST102159,Ayaan Das,33,Other,1050231,INR,55,silver,,,weekly,1471.23,18,16,2,Books,mumbai,India,yahoo.com,IOS,upi,528,5,yes,0
CUST102160,Ira Gupta,26,MALE,505964,INR,42,Silver,,,monthly,2254.81,30,7,24,BEAUTY,KOLKATA,India,rediffmail.com,Desktop,upi,1073,2,no,0
CUST102161,Ayaan Reddy,39,FEMALE,160554,INR,47,Silver,,,weekly,1062.94,4,2,3,FOOD COURT,KOLKATA,INDIA,yahoo.com,IOS,upi,1575,5,yes,0
CUST102162,Reyansh Verma,11,Male,554642,INR,61,PLATINUM,,,Weekly,1759.56,15,5,10,SPORTS,Bengaluru,India,GMAIL.COM,IOS,UPI,956,2,yes,0
CUST102163,Riya Mishra,44,male,568903,USD,48,Platinum,,,monthly,5899.62625,39,5,29.5,Gaming,chenai,India,company.com,iOS,Cash,1014,3,yes,0
CUST102164,Ayaan Reddy,24,Female,747394,INR,64,PLATINUM,,20-06-2024,Daily,2209.33,21,13,8,SPORTS,Kolkata,IN,yahoo.com,iOS,Cash,0,3,No,0
CUST102165,Myra Iyer,40,female,843433,INR,32,GOLD,,,RARELY,1836.25,9,0,9,BOOKS,Pune,India,outlook.com,IOS,Credit Card,603,1,Yes,0
CUST102166,Arjun Khan,33,female,441528,INR,51,PLATINUM,,,RARELY,2638.82,6,3,2,HOME DECOR,CHENNAI,INDIA,gmail.com,Mobile,upi,568,1,Yes,0
CUST102167,Neha Kapoor,34,female,-50000,INR,55,Basic,,,Weekly,4185.23,8,3,4,GROCERY,KOLKATA,India,outlook.com,Desktop,UPI,1081,3,yes,0
CUST102168,Pooja Mishra,41,Other,282324,INR,66,Basic,,22-09-2025,weekly,1933.83,34,26,5,kids,PUNE,INDIA,company.com,android,CREDIT CARD,447,5,yes,0
CUST102169,Aadhya Nair,20,MALE,1562015,INR,18,Basic,,,Daily,1977.67,6,4,3,fashion,JAIPUR,INDIA,GMAIL.COM,iOS,upi,1254,5,no,0
CUST102170,Reyansh Nair,24,female,865177,INR,63,Silver,,,monthly,1975.61,43,26,8,ELECTRONICS,MUMBAI,India,gmail.com,android,upi,2384,5,Yes,0
CUST102171,Rahul Joshi,44,Male,651168,INR,56,basic,29-10-2023,05-08-2024,Monthly,840.61,12,4,9,fashion,Hyderabad,India,gmail.com,Android,Credit Card,875,4,No,0
CUST102172,Ayaan Mishra,27,Other,279694,USD,83,Gold,,25-10-2025,Monthly,1510.18,9,0,9,sports,BENGALURU,India,hotmail.com,Web,Credit Card,1661,4,Yes,0
CUST102173,Sara Verma,29,Female,1273047,USD,38,Gold,,07-02-2024,Weekly,2396.58,0,0,0,beauty,BENGALURU,India,GMAIL.COM,Web,Debit Card,1448,3,Yes,1
CUST102174,Myra Verma,18,MALE,420537,INR,54,PLATINUM,,02-02-2025,Daily,909.43,5,2,4,electronics,Mumbai,india,gmail.com,Android,Credit Card,1023,2,Yes,0
CUST102175,Vivaan Kumar,30,FEMALE,651168,INR,60,Platinum,,,Monthly,2829.71,0,0,0,Grocery,CHENNAI,India,gmail.com,Desktop,CREDIT CARD,2112,3,Yes,1
CUST101085,Meera Mehta,22,MALE,1624964.875,INR,27,basic,,01-11-2024,Daily,2829.25,3,2,0,books,Bengaluru,INDIA,GMAIL.COM,android,Debit Card,336,3,No,1
CUST102177,Pooja Das,3.5,Female,1463278,INR,71,Gold,,,Monthly,2026.29,36,25,11,ELECTRONICS,pune,INDIA,gmail.com,IOS,upi,2091,3,No,0
CUST102178,Diya Khan,47,MALE,320300,INR,15,Platinum,,28-10-2023,Weekly,2615.66,16,10,7,BEAUTY,Hyderabad,India,GMAIL.COM,IOS,UPI,1566,3,no,0
CUST102179,Reyansh Mehta,36,Male,506541,INR,38,Basic,,,monthly,2815.88,17,4,13,home decor,Jaipur,India,yahoo.com,IOS,CREDIT CARD,1302,2,No,0
CUST102180,Arjun Sharma,3.5,FEMALE,481848,INR,90,GOLD,,01-04-2022,Daily,275.75,0,0,1,FASHION,Bengaluru,INDIA,hotmail.com,Android,upi,1232,1,yes,1
CUST102181,Ayaan Sharma,51,Female,740368,INR,83,PLATINUM,15-03-2022,,Monthly,5899.62625,8,1,7,beauty,Chennai,India,hotmail.com,Mobile,Cash,1489,4,no,1
CUST102182,Arjun Sharma,55,FEMALE,540808,INR,43,Platinum,,,Monthly,3431.51,55,0,29.5,Gaming,Bengaluru,IN,yahoo.com,Desktop,Wallet,1255,1,Yes,0
CUST102183,Ananya Kapoor,33,male,655960,INR,60,silver,,,Rarely,5899.62625,12,5,6,ELECTRONICS,Bengaluru,INDIA,gmail.com,IOS,Debit Card,769,1,Yes,0
CUST102184,Rahul Kumar,18,Male,609416,INR,60,Basic,,24-10-2021,weekly,1374.4,11,8,3,Gaming,NEW DELHI,INDIA,gmail.com,Mobile,Credit Card,1944,1,Yes,1
CUST102185,Diya Das,37,FEMALE,532595,INR,75,Silver,17-01-2021,,RARELY,797.16,25,15,11,Beauty,Delhi,India,company.com,Web,Credit Card,1002,3,No,0
CUST102186,Kiara Mehta,24,male,747703,INR,62,Basic,,,weekly,2581.77,0,0,0,Grocery,LUCKNOW,India,yahoo.com,iOS,UPI,1190,4,yes,0
CUST102187,Vivaan Verma,39,Male,607968,INR,59,Platinum,,14-09-2024,Daily,3530.75,54,1,29.5,Sports,HYDERABAD,INDIA,gmail.com,Android,Wallet,515,4,No,0
CUST102188,Sara Kumar,59,Other,368050,USD,84,Gold,,,Weekly,695.5,9,8,0,Sports,BENGALURU,IN,yahoo.com,android,Credit Card,0,4,no,0
CUST102189,Myra Gupta,36,Other,736438,INR,32,Silver,,,Daily,1214.99,4,2,2,Electronics,Jaipur,INDIA,yahoo.com,Android,upi,680,5,no,1
CUST102190,Ishaan Joshi,33,Female,608420,INR,44,PLATINUM,,,RARELY,1703.09,30,26,5,SPORTS,Ahmedabad,INDIA,yahoo.com,android,UPI,2291,5,No,0
CUST102191,Pooja Chopra,43,Female,651168,INR,55,Platinum,,09-06-2025,Daily,2138.43,3,2,1,Grocery,Hyderabad,India,gmail.com,IOS,Credit Card,1394,1,yes,0
CUST102192,Ira Singh,54,FEMALE,426617,INR,50,Silver,,,Monthly,2316.33,7,5,1,Sports,Kolkata,India,GMAIL.COM,Mobile,CREDIT CARD,1191,4,yes,0
CUST102193,Priya Mishra,25,FEMALE,1127644,INR,13,Silver,08-09-2023,,weekly,1027.22,15,14,1,fashion,Hyderabad,India,outlook.com,Web,Cash,1311,2,yes,0
CUST102194,Krishna Singh,36,female,482387,USD,94,Platinum,,,weekly,2171.15,24,17,8,Kids,Mumbai,india,outlook.com,IOS,Wallet,2022,1,No,0
CUST102195,Meera Joshi,25,male,1037539,USD,76,silver,,,Daily,5014.8,2,1,1,Sports,bengaluru,India,company.com,IOS,Cash,2021,3,No,0
CUST102196,Ishaan Iyer,38,FEMALE,1138321,INR,34,Basic,,,Weekly,2710.42,48,26,12,BEAUTY,Pune,INDIA,yahoo.com,IOS,Wallet,1908,5,yes,0
CUST102197,Aadhya Nair,44,Female,338938,INR,27,Gold,09-09-2022,20-11-2022,Daily,2096.34,14,7,7,BEAUTY,jaipur,India,rediffmail.com,iOS,Wallet,1621,4,no,0
CUST102198,Sai Mehta,33,Female,1111635,INR,50,Gold,02-01-2025,,Weekly,2369.82,0,0,0,Books,jaipur,IN,gmail.com,Desktop,Credit Card,280,2,no,0
CUST102199,Priya Rao,3.5,Female,389565,INR,60,Silver,16-03-2023,19-03-2025,weekly,1735.92,47,18,29.5,KIDS,Hyderabad,INDIA,rediffmail.com,Desktop,CREDIT CARD,1523,3,Yes,0
CUST102200,Krishna Sinha,43,Male,1381249,INR,44,Gold,,12-02-2024,Monthly,2456.84,53,26,9,FASHION,Kolkata,india,gmail.com,IOS,Credit Card,1695,3,yes,1
